-- phpMyAdmin SQL Dump
-- version 4.0.10deb1
-- http://www.phpmyadmin.net
--
-- Host: localhost
-- Generation Time: Sep 18, 2017 at 09:40 AM
-- Server version: 5.6.35
-- PHP Version: 5.6.30-12~ubuntu14.04.1+deb.sury.org+1

SET SQL_MODE = "NO_AUTO_VALUE_ON_ZERO";
SET time_zone = "+00:00";


/*!40101 SET @OLD_CHARACTER_SET_CLIENT=@@CHARACTER_SET_CLIENT */;
/*!40101 SET @OLD_CHARACTER_SET_RESULTS=@@CHARACTER_SET_RESULTS */;
/*!40101 SET @OLD_COLLATION_CONNECTION=@@COLLATION_CONNECTION */;
/*!40101 SET NAMES utf8 */;

--
-- Database: `va_sanbox`
--

-- --------------------------------------------------------

--
-- Table structure for table `core_accountlinks`
--

CREATE TABLE IF NOT EXISTS `core_accountlinks` (
  `accountid` int(10) unsigned NOT NULL,
  `email` varchar(200) DEFAULT NULL,
  `urlkey` varchar(200) NOT NULL,
  `type` varchar(50) DEFAULT NULL,
  `creationtime` datetime DEFAULT NULL,
  `expirationtime` datetime DEFAULT NULL,
  `usedtime` datetime DEFAULT NULL,
  `usecount` int(10) unsigned DEFAULT NULL,
  `state` int(10) unsigned DEFAULT NULL,
  PRIMARY KEY (`accountid`),
  UNIQUE KEY `accountid` (`accountid`),
  UNIQUE KEY `urlkey` (`urlkey`)
) ENGINE=InnoDB DEFAULT CHARSET=latin1;

--
-- Dumping data for table `core_accountlinks`
--

INSERT INTO `core_accountlinks` (`accountid`, `email`, `urlkey`, `type`, `creationtime`, `expirationtime`, `usedtime`, `usecount`, `state`) VALUES
(172, 'aravind.ptg@gmail.com', 'd23ed5dedb80570f395000fe461943bf', 'reset_password', '2016-09-20 08:00:37', '2016-09-21 08:00:37', '0000-00-00 00:00:00', 0, 1),
(223, 'shivakumar.karunakar@gmail.com', 'd23ed5dedb80570f395000fe461942bf', 'reset_password', '2016-09-20 08:00:37', '2016-09-21 08:00:37', '0000-00-00 00:00:00', 0, 1);

-- --------------------------------------------------------

--
-- Table structure for table `core_accounts`
--

CREATE TABLE IF NOT EXISTS `core_accounts` (
  `accountid` int(10) unsigned NOT NULL AUTO_INCREMENT,
  `email` varchar(200) NOT NULL DEFAULT '',
  `state` int(11) DEFAULT '0',
  `creationtime` datetime DEFAULT NULL,
  `registeredtime` datetime DEFAULT NULL,
  `lastlogintime` timestamp NULL DEFAULT NULL,
  `firstname` varchar(50) DEFAULT NULL,
  `lastname` varchar(50) DEFAULT NULL,
  `phonenumber` varchar(20) DEFAULT NULL,
  `passwordhash` varchar(255) NOT NULL,
  `failedloginattempts` int(10) unsigned DEFAULT '0',
  `role` int(10) unsigned DEFAULT NULL,
  `rating` int(10) unsigned DEFAULT NULL,
  `developer` int(10) unsigned DEFAULT '0',
  PRIMARY KEY (`accountid`),
  UNIQUE KEY `accountid` (`accountid`),
  UNIQUE KEY `email` (`email`)
) ENGINE=InnoDB  DEFAULT CHARSET=latin1 AUTO_INCREMENT=225 ;

--
-- Dumping data for table `core_accounts`
--

INSERT INTO `core_accounts` (`accountid`, `email`, `state`, `creationtime`, `registeredtime`, `lastlogintime`, `firstname`, `lastname`, `phonenumber`, `passwordhash`, `failedloginattempts`, `role`, `rating`, `developer`) VALUES
(171, 'adi7799adi@gmail.com', 1, '2016-03-22 20:20:36', '2016-03-30 07:17:26', '2016-08-11 08:51:08', 'M.', 'Aditya', NULL, '$2y$10$1as3snLLNkFauZwQUGaxV.P3D2AlLk95tAXv8BDkqxBqzcepPi.hu', 0, 3, 10, 0),
(172, 'aravind.ptg@gmail.com', 1, '2016-07-05 11:39:46', '2016-07-07 10:19:48', '2016-08-24 08:36:21', 'Aditya', 'Dasika', NULL, '$2y$10$RD4hGE8nMj.MigM.Os/lX.8zBx3uUsUmh2/Ku..ekl98yFS7BWQyi', 9, 3, 10, 0),
(173, 'Ammuamrutha9999@gmail.com', 1, '2016-03-22 20:22:41', '2016-03-30 11:50:35', '2016-10-21 04:45:09', 'P. Amrutha', 'Valli Bai', NULL, '$2y$10$lDqVkuGf0qVNPNAhPjyFruZUTGPsk0wrRK7O1UscREAhSDGIK0nuO', 0, 1, 7, 0),
(174, 'anilrachakonda1994@gmail.com', 1, '2016-04-14 20:21:31', '2016-04-19 11:27:50', '2016-04-26 04:12:20', 'Rachakonda', 'Anil', NULL, '$2y$10$cJN4ven6GQShZJ3H49q5reHtb4H1MVCG1Ele36CCb/A/QEqYYxczW', 7, 1, 6, 0),
(175, 'aravindu.bejjipuram@ptgindia.com', 1, '2016-05-11 06:55:07', '0000-00-00 00:00:00', '2017-09-16 06:02:38', 'Aravind', 'B (for Testing Purpose)', NULL, '$2y$10$Qls1b.0BySYuPzHl4L9SkOKL2O8X3ObhQ01z4Vg/DQ.0CD1odxL4G', 0, 5, 10, 0),
(176, 'Arif.affu84@gmail.com', 1, '2016-03-22 20:19:19', '2016-03-30 07:18:22', '2016-04-26 04:45:30', 'Ariff', 'Ahemed', NULL, '$2y$10$tvuxcivTCa74bd5Xe9NznevlGk6XL3kew8ZhQMHm33NDIGTOpjztm', 0, 1, 6, 0),
(177, 'asrkumar501@gmail.com', 1, '2016-04-19 06:21:29', '2016-04-19 06:50:06', '2016-10-18 10:33:55', 'B Anil', 'Kumar', NULL, '$2y$10$V8fmJ3h0wngxngwFCLlICuvgHxwc9hPddIDSdansGJWCbCTH4bvvO', 0, 1, 10, 0),
(178, 'asrkumarsole@gmail.com', 0, '2016-04-14 20:21:51', '0000-00-00 00:00:00', '0000-00-00 00:00:00', 'B', 'Anilkumar', NULL, '', 0, 1, 5, 0),
(179, 'bhanuchandar25.bc@gmail.com', 1, '2016-03-22 20:19:40', '2016-03-30 07:17:53', '2016-05-12 07:54:30', 'K. Bhanu', 'Chander', NULL, '$2y$10$.vEH4OswEAnB3W5zX3w7/uh9QFifZ3mVURC3H/nP9pskvwQKRdtJ2', 0, 1, 6, 0),
(180, 'bhumageethika231@gmail.com', 1, '2016-03-22 20:21:32', '2016-03-30 08:06:34', '2016-08-11 10:41:27', 'B. Uha', 'Geethika', NULL, '$2y$10$onJZ8alkJR5eMtapi56sBOpypFfyKvRlKxd8oMLPBVVA.qANseXQq', 0, 1, 7, 0),
(182, 'cameron.clark@idaxdata.com', 1, '2016-01-19 18:26:27', '2016-01-19 18:51:35', '2016-06-06 16:17:54', 'Cameron', 'Clark', NULL, '$2y$10$CMvL7eMWAKeYoI9B0Ns9Du0kgc1Pi9NXH9JY9qYAdY1Bift7rXRsW', 0, 4, 10, 0),
(183, 'david14399@gmail.com', 1, '2016-03-22 20:20:53', '2016-03-30 07:35:08', '2016-10-15 06:46:43', 'E. David', 'Raju', NULL, '$2y$10$za3T9p7B4nkn7ZMDPHGm5OPrRF2nERXoA/5NnaLOslpCXerHTrDPO', 0, 3, 10, 0),
(184, 'deon.fouche@idaxdata.com', 1, '2016-05-22 16:12:44', '2016-05-22 20:05:14', '2016-06-17 21:52:41', 'Deon', 'Fouche', NULL, '$2y$10$FodHBX207Z2LyJIDDFXj7OPrGOJ4ENmgbn3ubPdzKDxfh2.v2vLxq', 0, 4, 10, 0),
(185, 'Evan.OBrien@idaxdata.com', 1, '2016-01-19 18:27:01', '2016-01-19 18:48:23', '2016-10-20 17:40:41', 'Evan', 'O''Brien', NULL, '$2y$10$3KwJuWuCSoAyugY7vF5N0ehTgdN1mVMfP.829g3HNswNeAuVMA.8e', 0, 4, 10, 0),
(186, 'harrish.natarajan@gmail.com', 1, '2016-03-22 14:30:24', '2016-03-22 19:34:27', '2016-08-17 21:42:44', 'Harrish', 'Natarajan', NULL, '$2y$10$NhtVGo1wtgJRZtqqinCgqu5B78gODDOgUoPVZggWxm8.o.dB4ja9W', 0, 5, 10, 0),
(187, 'hemu2468@gmail.com', 1, '2016-03-22 20:19:01', '2016-03-30 06:11:17', '2017-08-09 06:54:04', 'S. V.', 'Hemanth', NULL, '$2y$10$YWhCOmIuVLkxZjXMHRblpu.TmmbV5VG9X75oelNtFkPBESSOzN2Ni', 0, 4, 10, 0),
(188, 'jarrodwitzke31@gmail.com', 1, '2016-04-07 16:34:06', '2016-04-07 16:35:00', '2016-04-12 19:47:48', 'Jarrod', 'Witzke', NULL, '$2y$10$MNhWnErvQG/XZXJJ4mPVueRWHv.FXr0OXXa5FHZPx3PqjBrthN/zi', 0, 3, 10, 0),
(190, 'kyle.campbell@idaxdata.com', 1, '2016-01-19 18:24:59', '2016-01-19 18:27:04', '2016-10-19 18:05:10', 'Kyle', 'Campbell', NULL, '$2y$10$uEupA4xtiet/M3pMkAmBg..0BSs706o8vzz20tbCPrOvMWIFGb1ei', 0, 4, 10, 0),
(192, 'maruthiprasad8539@gmail.com', 1, '2016-03-22 20:21:14', '2016-03-30 11:06:55', '2016-08-11 08:26:08', 'M.', 'Maruthiprasad', NULL, '$2y$10$b2OVAWxxxY1SR5IfnGzt6Ory/GPUGRPEUEKO3VApBVegwnpKm0Adq', 0, 1, 9, 0),
(194, 'mian_abid_mahmood@hotmail.com', 1, '2016-04-13 09:50:08', '2016-04-13 09:54:22', '2016-06-27 11:07:17', 'Abid ', 'Mahmood', NULL, '$2y$10$OHNxEyYJzKEc9uCGQubBtuPnzdZ2A5AqVeIf6hKcG5L2.fIRhbw/u', 0, 1, 6, 0),
(195, 'mike@kanopian.com', 1, '2016-01-16 00:22:42', '2016-01-16 00:41:21', '2016-08-29 17:23:58', 'Michael', 'Salamone', NULL, '$2y$10$9hbSH8uaJXLGcdIqASrDp.lWYF73nzmxuYvGUeJh/AgIcZyYE2O/O', 0, 5, 10, 1),
(196, 'mounikapotla5@gmail.com', 1, '2016-04-14 20:22:36', '2016-04-19 08:05:26', '2016-10-20 05:24:42', 'Potla', 'Mounika', NULL, '$2y$10$eVSXIfEUGi2wHNlxp3.cyOEWz1lmi7czhvGlzixJ0DR6Udx91PiCm', 0, 1, 7, 0),
(197, 'nandita.chakraborty@peopletech.com', 1, '2016-05-31 19:25:31', '2016-05-31 23:26:31', '2016-10-19 17:45:31', 'Nandita', 'C', NULL, '$2y$10$xjo2Aenrr7DBq.q6PO7E9e49JtrURfLhjg9eAbDEgQvfvapmBSzEy', 0, 4, 10, 0),
(198, 'nathan.warren@idaxdata.com', 1, '2016-03-24 14:42:51', '2016-03-28 04:52:45', '2016-08-07 06:14:41', 'Nathan', 'Warren', NULL, '$2y$10$1zwoi5TYzJhbmiNysKFgNOFA8GoW5lSt8TNupevF0tHf/dfPHRdxK', 0, 5, 10, 0),
(199, 'panindranaidu@gmail.com', 1, '2016-03-22 20:18:28', '2016-03-30 06:12:27', '2016-10-15 11:51:54', 'K Panindra', 'Naidu', NULL, '$2y$10$Cd3KrvS8b/ckJUe5yycaH.peUgmhinxdaPq91zRGDRzV8OZUX1L6S', 0, 2, 8, 0),
(200, 'pavangudipalli123@gmail.com', 1, '2016-03-22 20:20:19', '2016-03-30 11:24:48', '2016-08-11 09:54:18', 'G. Pavan', 'Kumar', NULL, '$2y$10$vmE0d4p/y8wKyWmUkom/FuwQU5SnImFFqNv5rzMbUa2WiIA2z4KzK', 0, 4, 10, 0),
(201, 'ram.sandhikar@ptgindia.com', 1, '2016-03-22 14:32:20', '2016-03-22 17:41:11', '2016-10-19 10:33:16', 'Ram', 'Sandhikar', NULL, '$2y$10$10lwpcxyk3QTnyJJrgrEY.gPsPLd6SpHpg/MtShN8mtiioFMKN.Vy', 0, 5, 10, 0),
(202, 'ramsandhikar2@gmail.com', 1, '2016-04-18 11:06:55', '2016-04-18 11:10:18', '2016-04-18 13:31:43', 'Test', 'PTG', NULL, '$2y$10$zZ4wLNO1I4Pf8ahfiAgJV.AM2I5ga7AD7wuMjAb/15OnGYCJpyOve', 0, 1, 10, 0),
(205, 'saikiran.challa1994@gmail.com', 1, '2016-03-22 20:18:01', '2016-03-30 06:13:28', '2016-07-05 18:54:27', 'Saikiran', 'Challa', NULL, '$2y$10$lIF/yah2758pjOyQdmkduOj1..GRz6Wo0FJQfvZs8O6RZfQDg.pNK', 0, 1, 6, 0),
(207, 'sk251994@gmail.com', 1, '2016-03-22 20:20:01', '2016-03-30 07:32:24', '2016-08-11 09:04:56', 'V. Sandeep', 'Kumar', NULL, '$2y$10$wXZb9J6QF2bBrVeu3bmZ0Owim1vIBdqAwdzZyc36KCIVHjUztgPZK', 0, 2, 8, 0),
(208, 'sowndarya.026@gmail.com', 0, '2016-04-14 20:22:54', '2016-04-20 08:23:05', '2016-04-29 07:59:44', 'A', 'Sowndarya', NULL, '$2y$10$zrpqkd3ARL0ecmtHehw1zO5JPdUJpugwt5ONwRWLmZBmHycyyjVNW', 0, 1, 6, 0),
(209, 'sravani.ramanaboina1@gmail.com', 1, '2016-04-19 11:28:24', '2016-04-19 11:40:18', '2016-04-26 04:57:46', 'Sravani', 'Ramanaboina', NULL, '$2y$10$SUhVjHvFwoSqSimQlqY/heItm7y9fm49AAEKiqKajitUKG8qCxAEW', 1, 1, 6, 0),
(210, 'sravaniramanaboina@gmail.com', 5, '2016-04-14 20:22:16', '0000-00-00 00:00:00', '0000-00-00 00:00:00', 'R', 'Sravani', NULL, '', 0, 1, 6, 0),
(211, 'sudha.april3@gmail.com', 1, '2016-03-22 20:21:55', '2016-03-30 11:13:00', '2016-08-13 03:39:21', 'Sudha', 'Rani.Uppra', NULL, '$2y$10$L7JUdvuQkNvHcIE9GEJ27e6u6Gh7rrAeS4fOrocuim4tGAVbLdTZe', 0, 2, 8, 0),
(212, 'sudiptochoudhury131@gmail.com', 1, '2016-03-22 20:22:17', '2016-03-30 08:24:15', '2016-05-09 05:27:50', 'Sudipto', 'Choudhury', NULL, '$2y$10$lLs2YckLrZTsuHUS6RvrOeCbJgkLbmyMGAz0N06WpPGv9BU6ttsHS', 0, 1, 6, 0),
(220, 'Nikunj.Thakkar@peopletech.com', 2, '2016-10-06 05:08:23', '0000-00-00 00:00:00', '0000-00-00 00:00:00', 'Nikunj', 'Thakkar', NULL, '$2y$10$V72FDVjNdpLxjEry.Zpg1u6DCsc36nQbqbBsqpSYPdTtICtklahQu', 0, 4, 10, 0),
(222, 'moulika.nimmala@ptgindia.com', 1, '2016-10-06 07:13:19', '0000-00-00 00:00:00', '2016-10-21 05:57:02', 'Moulika', 'N', NULL, '$2y$10$Jh2apSL4xPj8qRErKmlcW.quDGRy7jEp7VC1LHOq7qHUjf3UNvl4i', 0, 4, 10, 0),
(223, 'shivakumar.karunakar@gmail.com', 1, '2016-03-22 20:20:36', '2016-03-30 07:17:26', '2017-08-18 05:30:39', 'Shivakumar', 'Karunakar', NULL, '$2y$10$xvlJl0LFc5MCnUibnh4pYe2Ca6tAOF2x70kTC7y.5gOVvWaRhTGm2', 0, 5, 10, 0),
(224, 'test@test.com', 1, '2017-08-01 17:00:36', '2017-08-01 17:00:36', '2017-08-18 05:32:59', 'test', 'test', '123', '$2y$10$KYGtaD2iD1N1tHjjhsVnWeBPXL4ylWuukn1SAt7XhOF3gKNoUJa9y', 0, 4, 2, 0);

-- --------------------------------------------------------

--
-- Table structure for table `core_issueattachments`
--

CREATE TABLE IF NOT EXISTS `core_issueattachments` (
  `attachmentid` int(10) unsigned NOT NULL AUTO_INCREMENT,
  `issueid` int(10) unsigned NOT NULL,
  `lastupdated` datetime DEFAULT NULL,
  `filename` varchar(256) DEFAULT NULL,
  `bucketfilename` varchar(256) DEFAULT NULL,
  PRIMARY KEY (`attachmentid`),
  KEY `issueid` (`issueid`)
) ENGINE=InnoDB DEFAULT CHARSET=latin1 AUTO_INCREMENT=1 ;

-- --------------------------------------------------------

--
-- Table structure for table `core_issues`
--

CREATE TABLE IF NOT EXISTS `core_issues` (
  `issueid` int(10) unsigned NOT NULL AUTO_INCREMENT,
  `type` int(10) unsigned DEFAULT NULL,
  `accountid` int(10) unsigned DEFAULT NULL,
  `opendate` datetime DEFAULT NULL,
  `app` varchar(64) DEFAULT NULL,
  `title` varchar(100) DEFAULT NULL,
  `description` varchar(1000) DEFAULT NULL,
  `reprosteps` varchar(1000) DEFAULT NULL,
  `state` int(10) unsigned DEFAULT NULL,
  `lastupdated` datetime DEFAULT NULL,
  `lastupdatedby` varchar(100) DEFAULT NULL,
  `comments` varchar(1000) DEFAULT NULL,
  `priority` int(10) unsigned DEFAULT NULL,
  `assignedto` varchar(100) DEFAULT NULL,
  PRIMARY KEY (`issueid`),
  KEY `accountid` (`accountid`)
) ENGINE=InnoDB  DEFAULT CHARSET=latin1 AUTO_INCREMENT=673 ;

--
-- Dumping data for table `core_issues`
--

INSERT INTO `core_issues` (`issueid`, `type`, `accountid`, `opendate`, `app`, `title`, `description`, `reprosteps`, `state`, `lastupdated`, `lastupdatedby`, `comments`, `priority`, `assignedto`) VALUES
(672, 0, 201, '2016-10-19 04:40:30', 'KapturrKount, v0.5.170, People Tech’s iPad, iPad, v10.0.2', 'Video Load Error', 'Error loading video, vPlayer.currentItem.status == AVPlayerStatusFailed\nURL: http://d2hbbufowj4swy.cloudfront.net/cbdfb2f534a513da31bf1239a1b34b27-1476772223_1.m3u8\nvSpeed: 1x Speed\nplayRate: 1.000000\ncurrentPos: 0.000000\nduration: 0.000000\n\nJob: WA: 1017 1017: WA\njobid: 5\nVideo: 1017: WA_00:00-07:00\nvideoid: 7', 'Error occurred during during initial load of the video', 1, '2016-10-19 04:40:30', '201', '', 0, 'support@kanopian.com');

-- --------------------------------------------------------

--
-- Table structure for table `core_jobqueue`
--

CREATE TABLE IF NOT EXISTS `core_jobqueue` (
  `jobqueueid` int(10) unsigned NOT NULL AUTO_INCREMENT,
  `serverinstanceid` varchar(25) DEFAULT NULL,
  `addedtime` datetime DEFAULT CURRENT_TIMESTAMP,
  `jobname` varchar(50) DEFAULT NULL,
  `jobparams` varchar(500) DEFAULT NULL,
  PRIMARY KEY (`jobqueueid`)
) ENGINE=InnoDB  DEFAULT CHARSET=latin1 AUTO_INCREMENT=25 ;

--
-- Dumping data for table `core_jobqueue`
--

INSERT INTO `core_jobqueue` (`jobqueueid`, `serverinstanceid`, `addedtime`, `jobname`, `jobparams`) VALUES
(1, 'i-0feec9f628046e4d4', '2016-10-16 14:34:43', 'IdaxIngestVideo', '{"videoid":1}'),
(2, 'i-093a6c4cc8d3ce5c0', '2016-10-16 14:38:53', 'IdaxIngestVideo', '{"videoid":2}'),
(3, 'i-07e2648e83663ad80', '2016-10-16 19:11:12', 'IdaxIngestVideo', '{"videoid":3}'),
(4, 'i-017358b41ff7e0237', '2016-10-17 10:35:59', 'IdaxIngestVideo', '{"videoid":1}'),
(5, 'i-01333ca55a9a9e432', '2016-10-17 10:57:37', 'IdaxIngestVideo', '{"videoid":2}'),
(6, 'i-09632fe91142ba00c', '2016-10-17 11:15:59', 'IdaxIngestVideo', '{"videoid":3}'),
(7, 'i-077f3d5f3195bb50f', '2016-10-17 11:42:28', 'IdaxIngestVideo', '{"videoid":4}'),
(8, 'i-03b6bfb594e53259b', '2016-10-17 11:52:12', 'IdaxIngestVideo', '{"videoid":5}'),
(9, 'i-04ac1a22814ebc31f', '2016-10-17 13:26:47', 'IdaxIngestVideo', '{"videoid":6}'),
(10, 'i-04b4adfd2c25e998e', '2016-10-18 06:31:30', 'IdaxIngestVideo', '{"videoid":7}'),
(11, 'i-0caf46cbfd3cb2df9', '2016-10-18 13:14:00', 'IdaxIngestVideo', '{"videoid":8}'),
(12, 'i-0165d0e8763da1d9b', '2016-10-18 14:19:04', 'IdaxIngestVideo', '{"videoid":9}'),
(13, 'i-0aca4d06e0ef3fcf0', '2016-10-19 08:31:03', 'IdaxIngestVideo', '{"videoid":12}'),
(14, 'i-0fc76123d83ba43b9', '2016-10-19 09:54:43', 'IdaxIngestVideo', '{"videoid":13}'),
(15, 'i-05f8ac3f1ff5a03d8', '2016-10-19 10:46:02', 'IdaxIngestVideo', '{"videoid":14}'),
(16, 'i-0de4be35187aced62', '2016-10-19 18:14:51', 'IdaxIngestVideo', '{"videoid":15}'),
(17, 'i-0f67676749fd05ae1', '2016-10-20 09:29:24', 'IdaxIngestVideo', '{"videoid":20}'),
(18, 'i-0998e0e293f1c8b10', '2016-10-20 12:05:37', 'IdaxIngestVideo', '{"videoid":21}'),
(19, 'i-047f2832570eca0b4', '2016-10-20 12:19:47', 'IdaxIngestVideo', '{"videoid":22}'),
(20, 'i-0bf46474f1fc77d90', '2016-10-20 12:48:21', 'IdaxIngestVideo', '{"videoid":23}'),
(21, 'i-0ef98a3c8cc20a1ce', '2016-10-20 15:14:28', 'IdaxIngestVideo', '{"videoid":24}'),
(22, 'i-0d5626af1aa3c0384', '2016-10-20 15:18:32', 'IdaxIngestVideo', '{"videoid":25}'),
(23, 'i-0c0f757608cccc60a', '2016-10-21 05:04:05', 'IdaxIngestVideo', '{"videoid":27}'),
(24, 'i-09739ac16b7085c13', '2016-10-21 05:04:32', 'IdaxIngestVideo', '{"videoid":28}');

-- --------------------------------------------------------

--
-- Table structure for table `core_jobservers`
--

CREATE TABLE IF NOT EXISTS `core_jobservers` (
  `instanceid` varchar(25) NOT NULL DEFAULT '',
  `status` varchar(50) DEFAULT NULL,
  `ipaddress` char(16) DEFAULT NULL,
  `manualtakedown` int(10) unsigned DEFAULT '0',
  `creationtime` datetime DEFAULT CURRENT_TIMESTAMP,
  `lastupdatetime` datetime DEFAULT CURRENT_TIMESTAMP ON UPDATE CURRENT_TIMESTAMP,
  PRIMARY KEY (`instanceid`)
) ENGINE=InnoDB DEFAULT CHARSET=latin1;

--
-- Dumping data for table `core_jobservers`
--

INSERT INTO `core_jobservers` (`instanceid`, `status`, `ipaddress`, `manualtakedown`, `creationtime`, `lastupdatetime`) VALUES
('i-01333ca55a9a9e432', 'TERMINATED', '54.201.254.162', 0, '2016-10-17 10:58:06', '2016-10-17 11:01:06'),
('i-0165d0e8763da1d9b', 'TERMINATED', '54.214.214.20', 0, '2016-10-18 14:20:09', '2016-10-18 14:23:09'),
('i-017358b41ff7e0237', 'TERMINATED', '54.213.221.111', 0, '2016-10-17 10:36:06', '2016-10-17 10:39:05'),
('i-03b6bfb594e53259b', 'TERMINATED', '54.149.146.162', 0, '2016-10-17 11:53:06', '2016-10-17 11:57:05'),
('i-047f2832570eca0b4', 'TERMINATED', '54.214.113.188', 0, '2016-10-20 12:20:16', '2016-10-20 12:41:15'),
('i-04ac1a22814ebc31f', 'TERMINATED', '54.218.106.29', 0, '2016-10-17 13:27:06', '2016-10-17 15:34:06'),
('i-04b4adfd2c25e998e', 'TERMINATED', '54.218.102.95', 0, '2016-10-18 06:32:09', '2016-10-18 08:39:09'),
('i-05f8ac3f1ff5a03d8', 'TERMINATED', '54.187.143.143', 0, '2016-10-19 10:46:13', '2016-10-19 10:49:12'),
('i-077f3d5f3195bb50f', 'TERMINATED', '54.187.101.254', 0, '2016-10-17 11:43:06', '2016-10-17 11:47:05'),
('i-07e2648e83663ad80', 'TERMINATED', '54.191.237.237', 0, '2016-10-16 19:12:04', '2016-10-16 19:16:03'),
('i-093a6c4cc8d3ce5c0', 'TERMINATED', '54.186.20.96', 0, '2016-10-16 14:39:03', '2016-10-16 14:43:03'),
('i-09632fe91142ba00c', 'TERMINATED', '54.218.71.68', 0, '2016-10-17 11:16:06', '2016-10-17 11:20:06'),
('i-09739ac16b7085c13', 'TERMINATED', '54.200.79.210', 0, '2016-10-21 05:05:19', '2016-10-21 05:08:17'),
('i-0998e0e293f1c8b10', 'TERMINATED', '54.218.42.22', 0, '2016-10-20 12:06:16', '2016-10-20 12:09:15'),
('i-0aca4d06e0ef3fcf0', 'TERMINATED', '54.187.247.220', 0, '2016-10-19 08:32:12', '2016-10-19 08:45:12'),
('i-0bf46474f1fc77d90', 'TERMINATED', '54.213.70.160', 0, '2016-10-20 12:49:16', '2016-10-20 13:10:15'),
('i-0c0f757608cccc60a', 'TERMINATED', '54.149.147.89', 0, '2016-10-21 05:05:18', '2016-10-21 05:08:18'),
('i-0caf46cbfd3cb2df9', 'TERMINATED', '54.214.123.96', 0, '2016-10-18 13:14:09', '2016-10-18 13:17:09'),
('i-0d5626af1aa3c0384', 'TERMINATED', '54.191.157.23', 0, '2016-10-20 15:19:16', '2016-10-20 15:37:16'),
('i-0de4be35187aced62', 'TERMINATED', '54.244.102.155', 0, '2016-10-19 18:15:13', '2016-10-19 18:24:13'),
('i-0ef98a3c8cc20a1ce', 'TERMINATED', '54.245.35.187', 0, '2016-10-20 15:15:17', '2016-10-20 15:18:16'),
('i-0f67676749fd05ae1', 'TERMINATED', '54.187.149.253', 0, '2016-10-20 09:30:16', '2016-10-20 12:15:15'),
('i-0fc76123d83ba43b9', 'TERMINATED', '54.214.118.215', 0, '2016-10-19 09:55:12', '2016-10-19 10:09:12'),
('i-0feec9f628046e4d4', 'TERMINATED', '54.191.159.59', 0, '2016-10-16 14:35:03', '2016-10-16 14:38:03');

-- --------------------------------------------------------

--
-- Table structure for table `core_logins`
--

CREATE TABLE IF NOT EXISTS `core_logins` (
  `loginid` int(10) unsigned NOT NULL AUTO_INCREMENT,
  `accountid` int(10) unsigned NOT NULL,
  `loggedintime` datetime DEFAULT CURRENT_TIMESTAMP,
  `loggedouttime` datetime DEFAULT NULL,
  `token` varchar(500) DEFAULT NULL,
  `tokenexpirationtime` int(10) unsigned DEFAULT NULL,
  `loggedinlocation` varchar(100) DEFAULT NULL,
  PRIMARY KEY (`loginid`),
  UNIQUE KEY `loginid` (`loginid`),
  KEY `accountid` (`accountid`)
) ENGINE=InnoDB  DEFAULT CHARSET=latin1 AUTO_INCREMENT=13046 ;

--
-- Dumping data for table `core_logins`
--

INSERT INTO `core_logins` (`loginid`, `accountid`, `loggedintime`, `loggedouttime`, `token`, `tokenexpirationtime`, `loggedinlocation`) VALUES
(12595, 186, '2016-08-17 21:42:44', '0000-00-00 00:00:00', '2355ee4fcd358ad6ab58d184a8970f09', 1831470188, '50.35.77.69'),
(12596, 172, '2016-08-24 08:36:21', '0000-00-00 00:00:00', '889284f39c51ec13b26dab0f8388f229', 1832029937, '196.12.47.68'),
(12597, 195, '2016-08-29 17:23:58', '0000-00-00 00:00:00', '766dace89e5e71700bd7d956feaf812c', 1832492096, '71.202.153.144'),
(12598, 175, '2016-10-06 05:07:24', '2016-10-13 06:10:14', '', 1836339014, '196.12.47.68'),
(12599, 175, '2016-10-07 06:42:22', '0000-00-00 00:00:00', '0a824bda197fbf8bdbb92f899d932ccc', 1835822542, '183.82.108.74'),
(12600, 175, '2016-10-07 06:45:13', '0000-00-00 00:00:00', '03e35f3626101bba7adb4851b95629b0', 1835822713, 'device_simulator'),
(12601, 175, '2016-10-07 07:28:02', '0000-00-00 00:00:00', '2925cb7cdb30960084e25efb0ae0df61', 1835825282, 'device_simulator'),
(12602, 175, '2016-10-07 07:28:19', '0000-00-00 00:00:00', 'c86fec23f32de1ff853eedb1d49b6c08', 1835825299, 'device_simulator'),
(12603, 175, '2016-10-07 07:28:45', '0000-00-00 00:00:00', '4b5839d088888fd47f579381652faad5', 1835825325, 'device_simulator'),
(12604, 175, '2016-10-07 07:29:41', '0000-00-00 00:00:00', '125dcb359a696034e8fb9b1280c0b231', 1835825381, 'device_simulator'),
(12605, 175, '2016-10-12 11:44:59', '0000-00-00 00:00:00', 'fd7e8c7fd26f2efbc5e7555c071cce7a', 1836272699, '183.82.108.74'),
(12606, 175, '2016-10-12 11:45:24', '0000-00-00 00:00:00', 'f7133e5d8e20facdd952797a1a1327a8', 1836272725, 'device_simulator'),
(12607, 175, '2016-10-12 11:46:06', '0000-00-00 00:00:00', 'e5625e53192d5ae9eb57d102555b27b7', 1836272775, 'device_simulator'),
(12608, 175, '2016-10-12 11:46:35', '0000-00-00 00:00:00', '87ffeed28795031a8206e7539a3f0ee5', 1836346599, 'device_simulator'),
(12609, 175, '2016-10-12 12:24:06', '0000-00-00 00:00:00', '4e5b84fb1bd6c0b39c3c6133a5a7a92f', 1836275099, 'device_simulator'),
(12610, 175, '2016-10-12 16:10:56', '0000-00-00 00:00:00', 'c91f4b9bbabed826412f45bb681324fc', 1836288695, '124.123.207.3'),
(12611, 175, '2016-10-12 16:12:43', '0000-00-00 00:00:00', '508f8913ba42202f3fce1cec9aa47c0d', 1836288772, '124.123.207.3'),
(12612, 201, '2016-10-13 03:56:10', '2016-10-13 04:18:53', '', 1836332333, '103.203.173.118'),
(12613, 201, '2016-10-13 04:19:19', '0000-00-00 00:00:00', 'd8460e31e6e0cd193b6e3fa899741925', 1836332455, '103.203.173.118'),
(12614, 175, '2016-10-13 04:22:20', '0000-00-00 00:00:00', '6a410f65b4f8f9aff9d5b1d75f30d22e', 1836335785, '103.203.173.118'),
(12615, 175, '2016-10-13 04:35:02', '0000-00-00 00:00:00', '70efaa41932bd691a640e830b66ac77d', 1836333302, 'device_simulator'),
(12616, 201, '2016-10-13 06:16:06', '0000-00-00 00:00:00', '898d3d7cb45ba94569db527d6d87ad1f', 1836339380, '115.248.166.106'),
(12617, 175, '2016-10-13 06:16:31', '0000-00-00 00:00:00', '80d296a35e731f014b9c5136dc606ff1', 1836339509, 'device_simulator'),
(12618, 175, '2016-10-13 06:18:58', '0000-00-00 00:00:00', '5ed780962d1e2cb46af8d6b65908a26c', 1836339584, 'device_simulator'),
(12619, 175, '2016-10-13 06:23:47', '2016-10-13 07:07:35', '', 1836342455, '196.12.47.68'),
(12620, 201, '2016-10-13 07:07:47', '2016-10-19 07:16:36', '', 1836861396, '196.12.47.68'),
(12621, 175, '2016-10-13 08:18:53', '0000-00-00 00:00:00', '6247ca6459da13a8689b71e1169cc5e0', 1836346795, 'device_simulator'),
(12622, 175, '2016-10-13 08:43:27', '0000-00-00 00:00:00', 'e4096a6dca5e5e0e4ca0c4c2a10494e6', 1836348207, 'device_simulator'),
(12623, 175, '2016-10-13 09:07:52', '0000-00-00 00:00:00', 'bea37bcbaf4b535335e7f37ae8cac51d', 1836349673, 'device_simulator'),
(12624, 201, '2016-10-13 10:57:09', '0000-00-00 00:00:00', '7293650421043b4fbd4fbca13f4736d8', 1836356229, 'F59B96EC-EA79-4554-8D41-2CB376716E5D'),
(12625, 201, '2016-10-13 10:57:10', '0000-00-00 00:00:00', '2942b854e44ca9e761ca248c635c6a47', 1836365891, 'F59B96EC-EA79-4554-8D41-2CB376716E5D'),
(12626, 201, '2016-10-13 13:06:39', '0000-00-00 00:00:00', '8a25ec27b502724424366173b0f969aa', 1836364052, '103.203.173.118'),
(12627, 175, '2016-10-13 18:15:34', '2016-10-13 19:03:57', '', 1836385437, '124.123.212.83'),
(12628, 201, '2016-10-13 18:36:17', '0000-00-00 00:00:00', '37f24d53912e4fdf798d344b0fa0dfed', 1836792615, '115.248.166.106'),
(12629, 175, '2016-10-14 06:27:48', '0000-00-00 00:00:00', 'a9594b269ad2f5f67612d187c040eb21', 1836429762, '183.82.111.178'),
(12630, 175, '2016-10-14 06:47:17', '0000-00-00 00:00:00', 'ffcf084aec1bdd3c664b959f8bd6aef4', 1836427637, '183.82.108.74'),
(12631, 175, '2016-10-14 06:51:31', '0000-00-00 00:00:00', 'fd89346230050d63c75d09da0c5e5ae1', 1836428087, 'FB0834ED-B3F9-4574-8B75-7CF5E1424F5F'),
(12632, 175, '2016-10-14 07:26:24', '0000-00-00 00:00:00', '1e023ac9dee40d65a93e0444e96f5636', 1836429985, 'FB0834ED-B3F9-4574-8B75-7CF5E1424F5F'),
(12633, 175, '2016-10-14 07:27:13', '0000-00-00 00:00:00', '4ae0f3449d0d9e2ee9533bb1a72930e7', 1836434620, 'FB0834ED-B3F9-4574-8B75-7CF5E1424F5F'),
(12634, 175, '2016-10-14 08:22:17', '0000-00-00 00:00:00', '58971073f1a01d77dcc5d030ad075882', 1836450453, '183.82.108.74'),
(12635, 175, '2016-10-14 08:55:19', '0000-00-00 00:00:00', '11c2fa80c31d503879a04d7b4642c704', 1836435959, 'FB0834ED-B3F9-4574-8B75-7CF5E1424F5F'),
(12636, 201, '2016-10-14 08:55:48', '0000-00-00 00:00:00', 'cfcf66a086c51da4af57625b01839f1e', 1836435349, '5DC3498E-68BB-4C5B-B384-492D9435629C'),
(12637, 201, '2016-10-14 08:55:49', '0000-00-00 00:00:00', '23ca408c8e1ba53461d7b0d2060893d7', 1836435700, '5DC3498E-68BB-4C5B-B384-492D9435629C'),
(12638, 175, '2016-10-14 09:26:17', '0000-00-00 00:00:00', '163245d9ba827f5c486fbfaab75cbc2a', 1836437177, '183.82.108.74'),
(12639, 175, '2016-10-14 09:26:17', '2016-10-14 09:31:05', '', 1836437465, '183.82.108.74'),
(12640, 175, '2016-10-14 09:31:38', '0000-00-00 00:00:00', '62f4a751ff9602c8f65309c86710b5e5', 1836437832, '183.82.111.178'),
(12641, 175, '2016-10-14 10:06:47', '0000-00-00 00:00:00', 'd9a1cceb3750905d9c91defbda93c69f', 1836440101, 'device_simulator'),
(12642, 175, '2016-10-14 10:16:57', '0000-00-00 00:00:00', '1b6fde96d45c5d991b55179295cf1cb0', 1836440245, 'device_simulator'),
(12643, 175, '2016-10-14 10:19:14', '0000-00-00 00:00:00', '0f913f18397e7f1d245e79e51b22fdb4', 1836440367, 'device_simulator'),
(12644, 175, '2016-10-14 10:22:47', '0000-00-00 00:00:00', '422d2b6c04b022ce42cdae20b925db56', 1836440574, 'device_simulator'),
(12645, 175, '2016-10-14 10:25:26', '0000-00-00 00:00:00', 'f257a5167ed658bf157bbc68b18daead', 1836440735, 'device_simulator'),
(12646, 199, '2016-10-14 12:36:12', '0000-00-00 00:00:00', 'ccefdac3c723d8437b4ed8f9f3d19204', 1836448573, '5DC3498E-68BB-4C5B-B384-492D9435629C'),
(12647, 199, '2016-10-14 12:36:37', '0000-00-00 00:00:00', '3dfcc675bd6dc4ec42ca41ac0517fb5e', 1836448598, '5DC3498E-68BB-4C5B-B384-492D9435629C'),
(12648, 177, '2016-10-14 13:19:46', '0000-00-00 00:00:00', '9efda1efd7d75e49bc70b22bc8a52f1b', 1836451187, '5DC3498E-68BB-4C5B-B384-492D9435629C'),
(12649, 177, '2016-10-14 13:20:04', '0000-00-00 00:00:00', 'd450e197a6542f7e5318231103eb1256', 1836451204, '5DC3498E-68BB-4C5B-B384-492D9435629C'),
(12650, 177, '2016-10-14 13:20:48', '0000-00-00 00:00:00', 'd01331cfbc24ed63b911ee9bbcdbefb1', 1836451249, '5DC3498E-68BB-4C5B-B384-492D9435629C'),
(12651, 177, '2016-10-15 02:06:31', '0000-00-00 00:00:00', 'b2ec1b79620311b062bd4c800ed2c219', 1836497191, '5DC3498E-68BB-4C5B-B384-492D9435629C'),
(12652, 175, '2016-10-15 06:18:05', '2016-10-15 07:08:24', '', 1836515304, '115.248.166.106'),
(12653, 175, '2016-10-15 06:21:07', '0000-00-00 00:00:00', '009a05537359e0ef43c593bd8a427a2d', 1836512468, 'device_simulator'),
(12654, 175, '2016-10-15 06:27:49', '0000-00-00 00:00:00', '4f7acb90742a48a4485180be32c5b113', 1836521012, '115.248.166.106'),
(12655, 175, '2016-10-15 06:33:33', '0000-00-00 00:00:00', '43437a0f3356b67b2d22cee307a0f4ce', 1836513229, 'device_simulator'),
(12656, 175, '2016-10-15 06:34:02', '0000-00-00 00:00:00', 'e4a802be902941e7f8d84a53ea3d258f', 1836520912, 'device_simulator'),
(12657, 175, '2016-10-15 06:39:26', '0000-00-00 00:00:00', '8541962981a3ad829c65921d88ff6155', 1836513566, 'device_simulator'),
(12658, 175, '2016-10-15 06:42:37', '0000-00-00 00:00:00', '72fc6ae07b2547727263984fc11050b1', 1836513758, 'FB0834ED-B3F9-4574-8B75-7CF5E1424F5F'),
(12659, 183, '2016-10-15 06:46:22', '0000-00-00 00:00:00', 'e2240d6d2aaea474df75d3c794029c25', 1836513992, '40E05CD9-793E-41D3-BDD3-8E0F668DFD7D'),
(12660, 183, '2016-10-15 06:46:43', '0000-00-00 00:00:00', '54c3adce398afb1d9292d49107df14b3', 1836514005, '40E05CD9-793E-41D3-BDD3-8E0F668DFD7D'),
(12661, 201, '2016-10-15 06:49:55', '0000-00-00 00:00:00', '53f7ad4626f7c7e36f5855d554172dd9', 1836514221, '8507B463-9FAE-4214-9613-E157B6433C05'),
(12662, 175, '2016-10-15 06:50:54', '0000-00-00 00:00:00', '0d190c593fa2db4524ed1a7694367222', 1836514255, '8507B463-9FAE-4214-9613-E157B6433C05'),
(12663, 175, '2016-10-15 06:51:24', '0000-00-00 00:00:00', 'dcd58fde98390aa566aed1eb75cf7cda', 1836514314, '40E05CD9-793E-41D3-BDD3-8E0F668DFD7D'),
(12664, 175, '2016-10-15 06:52:21', '2016-10-15 07:56:47', '', 1836518207, '103.203.173.118'),
(12665, 175, '2016-10-15 07:11:36', '0000-00-00 00:00:00', '9d1642e08d3425ffe4b8a719baa2785f', 1836515512, 'device_simulator'),
(12666, 175, '2016-10-15 07:12:24', '0000-00-00 00:00:00', '4352d58422c9bc0a5388d1359c91262d', 1836515558, 'device_simulator'),
(12667, 175, '2016-10-15 07:13:24', '0000-00-00 00:00:00', '2c575b283ab430d6a4d3c37060d58135', 1836515614, 'device_simulator'),
(12668, 175, '2016-10-15 07:21:10', '0000-00-00 00:00:00', '0ccebcc1d76eaf24b6f8b9fd01d3c4c0', 1836516160, '40E05CD9-793E-41D3-BDD3-8E0F668DFD7D'),
(12669, 201, '2016-10-15 07:23:18', '0000-00-00 00:00:00', '1fb97747800b25868062f44eefff0e4e', 1836516326, '40E05CD9-793E-41D3-BDD3-8E0F668DFD7D'),
(12670, 175, '2016-10-15 07:23:27', '0000-00-00 00:00:00', '68277ce1555737e2d2617a1b7e3401ed', 1836520796, 'device_simulator'),
(12671, 175, '2016-10-15 07:27:08', '0000-00-00 00:00:00', '91c117987c6b3ee9e0fdd6cd48df144e', 1836516429, 'device_simulator'),
(12672, 175, '2016-10-15 07:28:43', '0000-00-00 00:00:00', 'e3abd72d57a19fdc046246957f895473', 1836516524, 'device_simulator'),
(12673, 175, '2016-10-15 07:29:31', '0000-00-00 00:00:00', '2acb7f8a95c0d84d5618d75d53d89436', 1836516572, 'device_simulator'),
(12674, 175, '2016-10-15 07:42:56', '0000-00-00 00:00:00', '40379b48a90f7f6abc5f3cc4a9fa2b05', 1836517377, 'device_simulator'),
(12675, 175, '2016-10-15 07:43:35', '0000-00-00 00:00:00', '9d8f1ce248d9f689a976d65a9a38a2c6', 1836517518, '115.248.166.106'),
(12676, 175, '2016-10-15 07:43:36', '0000-00-00 00:00:00', '887f4fb90b41584866259424b670e83a', 1836517416, '115.248.166.106'),
(12677, 175, '2016-10-15 07:43:55', '0000-00-00 00:00:00', 'ccf96fde793707a7512530010c421a20', 1836520796, 'device_simulator'),
(12678, 175, '2016-10-15 07:46:09', '2016-10-15 08:27:51', '', 1836520071, '115.248.166.106'),
(12679, 175, '2016-10-15 07:47:25', '0000-00-00 00:00:00', '6d758cff6603f2eeb70d4952aaa48567', 1836517646, 'device_simulator'),
(12680, 175, '2016-10-15 07:47:51', '0000-00-00 00:00:00', '398c2774fd6858205a3d510db4f99c3f', 1836517672, 'device_simulator'),
(12681, 175, '2016-10-15 07:49:19', '0000-00-00 00:00:00', 'e87db3b5208a0de09d49de558e0d3dcd', 1836517770, 'device_simulator'),
(12682, 175, '2016-10-15 07:51:54', '0000-00-00 00:00:00', 'a3d31a5e15a8fc4abfc589b278e3fa71', 1836517920, 'device_simulator'),
(12683, 175, '2016-10-15 07:52:57', '0000-00-00 00:00:00', '41e210aa57c69504676a440a4444ae17', 1836517984, 'device_simulator'),
(12684, 175, '2016-10-15 07:58:45', '0000-00-00 00:00:00', 'f57ff10096dd2b5c0966cf6a8fbea9ed', 1836518326, 'device_simulator'),
(12685, 175, '2016-10-15 07:59:01', '0000-00-00 00:00:00', 'd48c8dc0fddb248f151be8d6a33f2a1b', 1836518342, 'device_simulator'),
(12686, 175, '2016-10-15 08:08:52', '2016-10-15 08:22:04', '', 1836519724, '103.203.173.118'),
(12687, 201, '2016-10-15 08:22:20', '2016-10-15 08:28:38', '', 1836520118, '103.203.173.118'),
(12688, 175, '2016-10-15 08:29:06', '2016-10-15 08:42:42', '', 1836520962, '103.203.173.118'),
(12689, 175, '2016-10-15 08:43:24', '2016-10-15 08:46:53', '', 1836521213, '103.203.173.118'),
(12690, 175, '2016-10-15 08:47:28', '0000-00-00 00:00:00', '26565ee83bb1f7e1633b35e0c3add4a2', 1836545420, '103.203.173.118'),
(12691, 175, '2016-10-15 08:52:50', '2016-10-15 09:09:50', '', 1836522590, '115.248.166.106'),
(12692, 175, '2016-10-15 09:13:19', '2016-10-15 12:35:15', '', 1836534915, '115.248.166.106'),
(12693, 175, '2016-10-15 09:20:09', '0000-00-00 00:00:00', 'eed02262bc98b0b8475a351c21f9a0c8', 1836524286, '183.82.48.194'),
(12694, 199, '2016-10-15 09:59:18', '0000-00-00 00:00:00', '7d6e21451b5ae28e148a0b73d1e91691', 1836525559, '8507B463-9FAE-4214-9613-E157B6433C05'),
(12695, 199, '2016-10-15 10:03:17', '0000-00-00 00:00:00', '541bd64f9cd9c966386e2a5d55245f1e', 1836525798, '8507B463-9FAE-4214-9613-E157B6433C05'),
(12696, 175, '2016-10-15 10:42:06', '0000-00-00 00:00:00', '9cd90764e795f046a8dec0966ffd588c', 1836528129, 'device_simulator'),
(12697, 199, '2016-10-15 11:50:15', '0000-00-00 00:00:00', 'dde40af988e23d3ff446865d9f19bbb4', 1836532216, '8507B463-9FAE-4214-9613-E157B6433C05'),
(12698, 199, '2016-10-15 11:51:54', '0000-00-00 00:00:00', '4f6416b9a7096fbab164a2db180429d4', 1836532315, '8507B463-9FAE-4214-9613-E157B6433C05'),
(12699, 187, '2016-10-15 13:36:32', '0000-00-00 00:00:00', '16909023f164bc46b4ecdea90a0d3daf', 1836538637, '8507B463-9FAE-4214-9613-E157B6433C05'),
(12700, 175, '2016-10-15 21:03:39', '0000-00-00 00:00:00', '0dbcb361a1991b8ed92bd173eb6209ac', 1836565503, '124.123.196.112'),
(12701, 175, '2016-10-15 21:05:58', '2016-10-15 22:05:42', '', 1836569142, '124.123.196.112'),
(12702, 175, '2016-10-15 22:06:21', '2016-10-16 15:59:06', '', 1836633546, '124.123.196.112'),
(12703, 187, '2016-10-16 05:04:19', '0000-00-00 00:00:00', 'f613a136ee47b56f3aa6ec9dae5b153f', 1836594259, '8507B463-9FAE-4214-9613-E157B6433C05'),
(12704, 187, '2016-10-16 05:05:20', '0000-00-00 00:00:00', '284f271fe298ed01cf72b70388485f1c', 1836594335, 'F59B96EC-EA79-4554-8D41-2CB376716E5D'),
(12705, 175, '2016-10-16 17:50:58', '2016-10-16 18:40:02', '', 1836643202, '124.123.196.112'),
(12706, 175, '2016-10-16 18:40:47', '2016-10-16 19:30:35', '', 1836646235, '124.123.196.112'),
(12707, 197, '2016-10-16 19:26:45', '0000-00-00 00:00:00', 'c10d24d038792edf92965ff41bfa7180', 1836646035, '50.46.246.66'),
(12708, 175, '2016-10-17 06:45:35', '2016-10-19 06:53:24', '', 1836860004, '196.12.47.68'),
(12709, 175, '2016-10-17 07:19:30', '0000-00-00 00:00:00', '78a1f414797749ddf4782e77f0d83ad6', 1836780415, 'device_simulator'),
(12710, 175, '2016-10-17 07:28:45', '0000-00-00 00:00:00', '196b40a2c529ee6d68ba62be9cb79533', 1836689345, 'device_simulator'),
(12711, 175, '2016-10-17 07:30:07', '0000-00-00 00:00:00', '32f775a9113e3f04b256833a9d05b9e2', 1836689507, 'device_simulator'),
(12712, 175, '2016-10-17 07:31:15', '0000-00-00 00:00:00', '7bbbffa6102e71321d9de614b47b827e', 1836689488, '183.82.111.178'),
(12713, 175, '2016-10-17 07:35:38', '0000-00-00 00:00:00', '378dd575b748c219c91debb50dd483ed', 1836689745, 'device_simulator'),
(12714, 175, '2016-10-17 07:38:34', '0000-00-00 00:00:00', 'a396d5b2bc23253ee45b1b8333b3c0e2', 1836689941, 'device_simulator'),
(12715, 175, '2016-10-17 07:52:14', '0000-00-00 00:00:00', '4b986124cbafde804d093b82bb8b09af', 1836690740, 'device_simulator'),
(12716, 175, '2016-10-17 08:06:13', '0000-00-00 00:00:00', 'c5310a3d642d626b7b4000bb20165d01', 1836691575, 'device_simulator'),
(12717, 175, '2016-10-17 08:13:48', '0000-00-00 00:00:00', '161423132f5f38e14dd37a4efbe0141a', 1836692029, 'device_simulator'),
(12718, 175, '2016-10-17 09:48:00', '0000-00-00 00:00:00', '0f855a3aa18562ebe665e8efe83dc73e', 1836697680, 'device_simulator'),
(12719, 175, '2016-10-17 10:29:53', '0000-00-00 00:00:00', 'ecb200d0341d2d82c585bfddb8fa01c5', 1836700194, 'device_simulator'),
(12720, 175, '2016-10-17 10:30:47', '0000-00-00 00:00:00', '6abfa6382e1236949396212652df4783', 1836701075, 'device_simulator'),
(12721, 175, '2016-10-17 10:36:41', '0000-00-00 00:00:00', '6d15506c0ed672fba5a1ce1c35872849', 1836700601, 'device_simulator'),
(12722, 175, '2016-10-17 10:37:33', '0000-00-00 00:00:00', 'a561c003f0b5c01072b3194c1f0609ab', 1836700660, 'device_simulator'),
(12723, 175, '2016-10-17 10:41:20', '0000-00-00 00:00:00', '2907d1869fd2de498c355e1aff06ad81', 1836700887, 'device_simulator'),
(12724, 175, '2016-10-17 10:42:05', '0000-00-00 00:00:00', 'c632bf7c32a10723768e72dd72cac725', 1836700930, 'device_simulator'),
(12725, 175, '2016-10-17 10:56:58', '0000-00-00 00:00:00', 'dc46f2ab696ba03800e1b5983a2f50e4', 1836701819, 'device_simulator'),
(12726, 175, '2016-10-17 10:58:53', '0000-00-00 00:00:00', 'bb7f5c0f7224754f79307a91d02f400c', 1836701934, 'device_simulator'),
(12727, 175, '2016-10-17 11:00:10', '0000-00-00 00:00:00', '9500c5540de979ad86be99c1819cffac', 1836702010, 'device_simulator'),
(12728, 175, '2016-10-17 11:00:57', '0000-00-00 00:00:00', '25449710c2701c6814e0d0ebfb265620', 1836702217, 'device_simulator'),
(12729, 175, '2016-10-17 11:03:58', '0000-00-00 00:00:00', '8e8dd66c045fa2c066545a9615c3cfba', 1836703139, 'device_simulator'),
(12730, 175, '2016-10-17 11:20:10', '0000-00-00 00:00:00', '6145513fd3da39f53cf74e9dc7e8c323', 1836703216, 'device_simulator'),
(12731, 175, '2016-10-17 11:23:18', '0000-00-00 00:00:00', 'd3ec5bd58ecfedeed4c0ff1e801cbd53', 1836704803, 'device_simulator'),
(12732, 175, '2016-10-17 11:46:55', '0000-00-00 00:00:00', '21b87650dc8da0c787beb46ba872d585', 1836704988, 'device_simulator'),
(12733, 175, '2016-10-17 11:56:33', '0000-00-00 00:00:00', '4a2746516e22bd761f51b0db230d8b71', 1836705431, 'device_simulator'),
(12734, 187, '2016-10-17 12:17:12', '0000-00-00 00:00:00', 'c78e22e26dfec651c0cb2030908b3e8d', 1836707725, '8507B463-9FAE-4214-9613-E157B6433C05'),
(12735, 201, '2016-10-17 12:28:27', '0000-00-00 00:00:00', 'ca7c44e0d257b76335f7f3fac1430b61', 1836707728, 'device_simulator'),
(12736, 201, '2016-10-17 12:43:10', '0000-00-00 00:00:00', 'eea9033874df21774472017d139e68bf', 1836708195, 'device_simulator'),
(12737, 175, '2016-10-17 16:45:42', '2016-10-17 17:23:22', '', 1836725002, '124.123.196.112'),
(12738, 197, '2016-10-17 19:09:41', '0000-00-00 00:00:00', '0d207adc110f67aefd7761267a2df49c', 1836734063, '50.35.77.69'),
(12739, 197, '2016-10-18 06:12:13', '0000-00-00 00:00:00', '2ec00c5020d6b8d2b72220854dc1fcad', 1836771412, '50.46.246.66'),
(12740, 175, '2016-10-18 06:26:54', '0000-00-00 00:00:00', 'd5e9a6d7a6c1db99668d0d771385ecb6', 1836772173, 'device_simulator'),
(12741, 175, '2016-10-18 06:30:07', '0000-00-00 00:00:00', '21577db750a54f39164a0b32f44b2b04', 1836772393, 'device_simulator'),
(12742, 175, '2016-10-18 06:33:20', '0000-00-00 00:00:00', '9b0c39ff6640bb6c359424ce711b57e0', 1836772745, 'device_simulator'),
(12743, 187, '2016-10-18 07:03:03', '0000-00-00 00:00:00', '83acd247991f1a30044379ff2dc859e7', 1836778666, '8507B463-9FAE-4214-9613-E157B6433C05'),
(12744, 187, '2016-10-18 08:18:07', '0000-00-00 00:00:00', 'd2242593c8ccd2a3a0ca2e46186d6a0a', 1836778688, '8507B463-9FAE-4214-9613-E157B6433C05'),
(12745, 175, '2016-10-18 08:38:35', '0000-00-00 00:00:00', '51db5310d6721e7dcee76b53975758f2', 1836792603, '183.82.111.145'),
(12746, 187, '2016-10-18 10:19:15', '0000-00-00 00:00:00', '9571e62145eb041c5c109af3b63d6517', 1836785972, '8507B463-9FAE-4214-9613-E157B6433C05'),
(12747, 187, '2016-10-18 10:19:53', '0000-00-00 00:00:00', '3aaa8b035fc727e994e6f33008140f51', 1836786004, '8507B463-9FAE-4214-9613-E157B6433C05'),
(12748, 187, '2016-10-18 10:20:14', '0000-00-00 00:00:00', '96762325bd2a680e9931907bcec9ca6d', 1836786027, '8507B463-9FAE-4214-9613-E157B6433C05'),
(12749, 187, '2016-10-18 10:20:54', '0000-00-00 00:00:00', '3782c6dafa43f7a4d4d3ab9617bbb399', 1836786055, '8507B463-9FAE-4214-9613-E157B6433C05'),
(12750, 175, '2016-10-18 10:22:21', '0000-00-00 00:00:00', '279af99f75ccba2473f4199f4101837a', 1836788653, 'device_simulator'),
(12751, 187, '2016-10-18 10:27:05', '0000-00-00 00:00:00', '66a4dee8aa44a894af6ae97bc68db446', 1836786649, '8507B463-9FAE-4214-9613-E157B6433C05'),
(12752, 187, '2016-10-18 10:31:06', '0000-00-00 00:00:00', '289622a033c3366d6c148b21d3789f71', 1836786682, '8507B463-9FAE-4214-9613-E157B6433C05'),
(12753, 187, '2016-10-18 10:31:32', '0000-00-00 00:00:00', '915a87fbd0902c55b0ddba7e4cb0dd1d', 1836786879, '8507B463-9FAE-4214-9613-E157B6433C05'),
(12754, 177, '2016-10-18 10:33:55', '0000-00-00 00:00:00', 'c0c93a3c26dddb13ba77fe0479f1b0cf', 1836786835, '40E05CD9-793E-41D3-BDD3-8E0F668DFD7D'),
(12755, 187, '2016-10-18 10:34:26', '0000-00-00 00:00:00', 'cd72fa36da55881df7b6c928478e4adb', 1836786871, '40E05CD9-793E-41D3-BDD3-8E0F668DFD7D'),
(12756, 187, '2016-10-18 10:34:57', '0000-00-00 00:00:00', '8cc97f8afa300cd5ead274050dbd1a1a', 1836786920, '8507B463-9FAE-4214-9613-E157B6433C05'),
(12757, 187, '2016-10-18 10:53:31', '0000-00-00 00:00:00', '6cf923b217fa6c16e8089073a999bac8', 1836788474, '8507B463-9FAE-4214-9613-E157B6433C05'),
(12758, 187, '2016-10-18 11:01:26', '0000-00-00 00:00:00', '6b8ed45a72a6ffa0683642f80cee774d', 1836789335, '8507B463-9FAE-4214-9613-E157B6433C05'),
(12759, 201, '2016-10-18 11:25:30', '0000-00-00 00:00:00', '27512ba93a653c6e0fb60021efba692d', 1836793527, 'device_simulator'),
(12760, 201, '2016-10-18 12:05:26', '0000-00-00 00:00:00', '813a87cbf04cca1e949da83f50ab56cc', 1836792429, '8507B463-9FAE-4214-9613-E157B6433C05'),
(12761, 201, '2016-10-18 12:11:35', '0000-00-00 00:00:00', '042185ffa467d1a71bc354e5c51a1182', 1836793055, '103.203.173.118'),
(12762, 201, '2016-10-18 12:21:41', '0000-00-00 00:00:00', 'a8ff14941fc770caf11328013275ad26', 1836794344, '103.203.173.118'),
(12763, 201, '2016-10-18 12:28:59', '0000-00-00 00:00:00', '4d43fbdc2b637e7073bcb20b716d06aa', 1836793748, 'device_simulator'),
(12764, 201, '2016-10-18 12:33:00', '0000-00-00 00:00:00', '1892e1160a00c0656ca74350c4fb501a', 1836795573, 'device_simulator'),
(12765, 201, '2016-10-18 12:33:29', '0000-00-00 00:00:00', 'ecc04e15cd3818266924b52418036bed', 1836794010, '8507B463-9FAE-4214-9613-E157B6433C05'),
(12766, 201, '2016-10-18 12:37:07', '0000-00-00 00:00:00', '1c9bc8c51a3d29a24db624f9114b9eba', 1836794228, '8507B463-9FAE-4214-9613-E157B6433C05'),
(12767, 201, '2016-10-18 12:37:08', '0000-00-00 00:00:00', '1dff1bcadf542e58ba505ebcdf7aa57c', 1836794804, '8507B463-9FAE-4214-9613-E157B6433C05'),
(12768, 187, '2016-10-18 12:48:53', '0000-00-00 00:00:00', '686c55e67e2962458cdd8e078529a2c1', 1836794944, '8507B463-9FAE-4214-9613-E157B6433C05'),
(12769, 187, '2016-10-18 12:49:17', '0000-00-00 00:00:00', '2a5794d65ceedc984f857b1ce755cbdf', 1836794962, '8507B463-9FAE-4214-9613-E157B6433C05'),
(12770, 201, '2016-10-18 13:09:15', '0000-00-00 00:00:00', '939ef73c234badfcf6539d8a9c04d047', 1836796232, 'device_simulator'),
(12771, 187, '2016-10-18 13:23:31', '0000-00-00 00:00:00', '81806d0e3a038ff677bd8cedf9f98da0', 1836798124, '8507B463-9FAE-4214-9613-E157B6433C05'),
(12772, 201, '2016-10-18 15:12:12', '0000-00-00 00:00:00', '0db825b32ebe765de5cacc6906af4077', 1836803532, 'A1586790-008C-4866-97FD-0ED4B83D24D7'),
(12773, 201, '2016-10-18 15:12:14', '0000-00-00 00:00:00', 'c468b2b22cd03644fc7ec90630b2478f', 1836803570, 'A1586790-008C-4866-97FD-0ED4B83D24D7'),
(12774, 201, '2016-10-18 15:12:14', '0000-00-00 00:00:00', '69d7c78c513613727ff8a10471747991', 1836803535, 'A1586790-008C-4866-97FD-0ED4B83D24D7'),
(12775, 201, '2016-10-18 15:12:15', '0000-00-00 00:00:00', 'e13ac1dd35a91b7cdd2974b59111f02a', 1836803535, 'A1586790-008C-4866-97FD-0ED4B83D24D7'),
(12776, 197, '2016-10-18 16:46:18', '0000-00-00 00:00:00', '940f689749e4ea3bd304fc0058f669d3', 1836809178, '910A6BE4-EF2A-4D3F-A921-2A152E9C6D72'),
(12777, 175, '2016-10-18 16:46:19', '2016-10-18 19:48:52', '', 1836820132, '124.123.202.124'),
(12778, 197, '2016-10-18 17:21:18', '2016-10-18 19:18:48', '', 1836818328, '50.35.77.69'),
(12779, 175, '2016-10-18 19:55:53', '2016-10-18 21:43:38', '', 1836827018, '124.123.202.124'),
(12780, 201, '2016-10-19 04:37:24', '0000-00-00 00:00:00', '5c368d9fdc506aff61b9dd7e5311b59c', 1836851845, 'A1586790-008C-4866-97FD-0ED4B83D24D7'),
(12781, 201, '2016-10-19 04:37:25', '0000-00-00 00:00:00', 'ed3f25bcaba1aec59798a380ffeb9bc8', 1836857055, 'A1586790-008C-4866-97FD-0ED4B83D24D7'),
(12782, 201, '2016-10-19 04:50:13', '0000-00-00 00:00:00', 'b3b5d485e981d3df44bc8278843d2b32', 1836852643, '103.203.173.118'),
(12783, 175, '2016-10-19 06:55:44', '0000-00-00 00:00:00', '93b872f452f5015899495c0e0c5132a0', 1836877641, '196.12.47.68'),
(12784, 201, '2016-10-19 07:16:50', '0000-00-00 00:00:00', 'f081717fab2d0d9baa0b1c2fdb4811f3', 1836861410, 'A1586790-008C-4866-97FD-0ED4B83D24D7'),
(12785, 201, '2016-10-19 07:16:51', '0000-00-00 00:00:00', '5722140523f97b89bc8a11fbc6e7490d', 1836863721, 'A1586790-008C-4866-97FD-0ED4B83D24D7'),
(12786, 201, '2016-10-19 07:24:33', '0000-00-00 00:00:00', '15ffadf7efe1f71393fb0db6f2ec6774', 1836964025, '103.203.173.118'),
(12787, 201, '2016-10-19 07:42:59', '0000-00-00 00:00:00', '251f3b677e69adc13a7d56dbc69b0e1f', 1836863499, 'device_simulator'),
(12788, 175, '2016-10-19 07:52:06', '0000-00-00 00:00:00', 'd30d04d79f0add5eecd0260c10ed186d', 1836863689, 'device_simulator'),
(12789, 175, '2016-10-19 07:55:14', '0000-00-00 00:00:00', 'c9339206b4788359445bbfb9f4613888', 1836863715, 'device_simulator'),
(12790, 201, '2016-10-19 07:56:02', '0000-00-00 00:00:00', '7c7305402e6ea6f30f1f95e114c648ee', 1836865661, 'device_simulator'),
(12791, 201, '2016-10-19 08:33:45', '0000-00-00 00:00:00', '9a4358150c4452a18b5015a0adf51fef', 1836866026, 'A1586790-008C-4866-97FD-0ED4B83D24D7'),
(12792, 201, '2016-10-19 08:33:46', '0000-00-00 00:00:00', 'e5f9e79347dc3026e7aa753feac070d4', 1836866031, 'A1586790-008C-4866-97FD-0ED4B83D24D7'),
(12793, 201, '2016-10-19 08:48:44', '0000-00-00 00:00:00', '1ae5a71d4ef53cfe5f42c17e9a1249c4', 1836866925, 'device_simulator'),
(12794, 201, '2016-10-19 08:49:16', '0000-00-00 00:00:00', '2e51bb3e22e984e9883215f8123967e2', 1836867009, 'device_simulator'),
(12795, 201, '2016-10-19 08:50:45', '0000-00-00 00:00:00', '735239baf87d11ec282de61376a31030', 1836867051, 'device_simulator'),
(12796, 201, '2016-10-19 09:30:09', '2016-10-19 09:46:33', '', 1836870393, '196.12.47.68'),
(12797, 201, '2016-10-19 09:41:00', '0000-00-00 00:00:00', '53f7f03a71daf7005a07d4717f4416bf', 1836870060, 'A1586790-008C-4866-97FD-0ED4B83D24D7'),
(12798, 201, '2016-10-19 09:41:00', '0000-00-00 00:00:00', '4cc7db3269b2f172e2295bd9fdfb0dbb', 1836870846, 'A1586790-008C-4866-97FD-0ED4B83D24D7'),
(12799, 201, '2016-10-19 10:33:16', '0000-00-00 00:00:00', 'df516ab34efb394aa2bb8fcd0f01c500', 1836873518, 'device_simulator'),
(12800, 222, '2016-10-19 11:46:26', '2016-10-20 13:17:38', '', 1836969458, '183.82.111.178'),
(12801, 175, '2016-10-19 15:54:20', '2016-10-19 17:24:19', '', 1836897859, '124.123.202.124'),
(12802, 197, '2016-10-19 17:45:31', '0000-00-00 00:00:00', '06fd15e4db5b50da4c5f33d44f7ae480', 1836901167, '73.140.129.122'),
(12803, 190, '2016-10-19 18:05:10', '0000-00-00 00:00:00', '1a6bf2e779e55d521b5f11733d5ab5e4', 1836900595, 'BFDCFD98-7915-4ABE-A0A9-F3A85612CB68'),
(12804, 196, '2016-10-20 05:23:09', '0000-00-00 00:00:00', '55f3e27fdb7ec7ab9e5952781ef4d61d', 1836941055, '40E05CD9-793E-41D3-BDD3-8E0F668DFD7D'),
(12805, 196, '2016-10-20 05:24:42', '0000-00-00 00:00:00', 'bc4757f4197153f78441c1b34f62e930', 1836941083, '40E05CD9-793E-41D3-BDD3-8E0F668DFD7D'),
(12806, 175, '2016-10-20 05:58:48', '2016-10-20 08:43:05', '', 1836952985, '183.82.108.74'),
(12807, 175, '2016-10-20 08:44:04', '2016-10-20 08:48:28', '', 1836953308, '183.82.108.74'),
(12808, 175, '2016-10-20 08:49:06', '0000-00-00 00:00:00', 'd45153ab5ef2226483a1ea958152a922', 1836967924, '183.82.108.74'),
(12809, 175, '2016-10-20 08:51:41', '2016-10-20 13:08:08', '', 1836968888, '183.82.108.74'),
(12810, 175, '2016-10-20 13:08:58', '2016-10-21 05:59:18', '', 1837029558, '183.82.108.74'),
(12811, 175, '2016-10-20 13:17:48', '2016-10-21 05:56:38', '', 1837029398, '183.82.111.178'),
(12812, 175, '2016-10-20 15:11:16', '2016-10-20 18:55:03', '', 1836989703, '124.123.192.252'),
(12813, 175, '2016-10-20 15:13:15', '2016-10-20 18:55:35', '', 1836989735, '124.123.192.252'),
(12814, 185, '2016-10-20 17:40:41', '0000-00-00 00:00:00', '71eb28dc6f55fa8b02ed6449ad86939d', 1836985355, '73.140.129.122'),
(12815, 173, '2016-10-21 04:45:09', '0000-00-00 00:00:00', '946b164e43471b0084f967f8cbb5de1e', 1837025109, '40E05CD9-793E-41D3-BDD3-8E0F668DFD7D'),
(12816, 222, '2016-10-21 05:00:28', '0000-00-00 00:00:00', '4c903d5e1bab9649fc2a6f84512863b6', 1837026273, '183.82.111.178'),
(12817, 222, '2016-10-21 05:57:02', '0000-00-00 00:00:00', '708e344bdd3f26f76ad78f9775e07f82', 1837030604, '183.82.111.178'),
(12818, 175, '2016-10-21 05:59:35', '0000-00-00 00:00:00', '911ec77beaaf265f5bb9cbb1d08de0fe', 1837031927, '183.82.108.74'),
(12819, 187, '2017-08-08 18:20:12', '0000-00-00 00:00:00', '0aba0b11b60735dac6e6337a294b0b2a', 1862196612, '127.0.0.1'),
(12820, 187, '2017-08-08 18:20:27', '0000-00-00 00:00:00', 'd90090ab8217bc30c27b1de944710ecf', 1862196627, '127.0.0.1'),
(12821, 187, '2017-08-08 18:20:39', '0000-00-00 00:00:00', '5161a9507a6f88aaf7c7f8f7fbe65a07', 1862196639, '127.0.0.1'),
(12822, 187, '2017-08-08 18:21:39', '0000-00-00 00:00:00', 'fbd408b45bc83439a4d149bfa6d9b84f', 1862196699, '127.0.0.1'),
(12823, 187, '2017-08-08 18:22:06', '0000-00-00 00:00:00', 'f9781e50b00715fbff3dffb83b38d593', 1862196726, '127.0.0.1'),
(12824, 187, '2017-08-08 18:22:07', '0000-00-00 00:00:00', '8398628295ce3532a15788f1c2809902', 1862196727, '127.0.0.1'),
(12825, 187, '2017-08-08 18:26:36', '0000-00-00 00:00:00', 'dc2e92b29914261bb68c3d1caa2c9514', 1862196996, '127.0.0.1'),
(12826, 187, '2017-08-08 18:26:44', '0000-00-00 00:00:00', '4be518ff63d434cfa72c0aa20c350bec', 1862197004, '127.0.0.1'),
(12827, 187, '2017-08-08 18:27:30', '0000-00-00 00:00:00', '6c6b2301a6afe7af07d914774e8bf99b', 1862197050, '127.0.0.1'),
(12828, 187, '2017-08-08 18:28:21', '2017-08-14 14:17:46', '', 1862700466, '127.0.0.1'),
(12829, 175, '2017-08-08 18:31:47', '2017-08-08 18:32:51', '', 1862197371, '127.0.0.1'),
(12830, 187, '2017-08-09 12:24:04', '0000-00-00 00:00:00', '68fe60c15dfbae4ac39a4f11d3d3fa8f', 1862276423, '192.168.0.225'),
(12831, 175, '2017-08-14 14:10:41', '0000-00-00 00:00:00', 'c69b3bee494c329fc3b2613983392076', 1862872286, '127.0.0.1'),
(12832, 223, '2017-08-14 14:18:16', '2017-08-14 14:19:34', '', 1862700574, '127.0.0.1'),
(12833, 223, '2017-08-14 14:19:51', '2017-08-14 14:21:53', '', 1862700713, '127.0.0.1'),
(12834, 223, '2017-08-14 14:24:08', '2017-08-14 14:26:17', '', 1862700977, '127.0.0.1'),
(12835, 175, '2017-08-16 12:16:25', '0000-00-00 00:00:00', '61bfcf89c21790d93c92c0415feb9f6b', 1862866097, '172.40.1.234'),
(12836, 175, '2017-08-16 12:29:02', '0000-00-00 00:00:00', '999d69fa7399028d27458f0bd46cbfb9', 1862867071, '172.40.2.212'),
(12837, 175, '2017-08-16 12:30:03', '2017-08-16 12:30:15', '', 1862866815, '172.40.1.94'),
(12838, 175, '2017-08-16 12:30:22', '0000-00-00 00:00:00', 'bc9564e3c4af09c83621bd22b805cf53', 1865196428, '172.40.1.94'),
(12839, 175, '2017-08-16 12:31:35', '0000-00-00 00:00:00', '1cb1910387f4aeee8b8d0e074d4bc2c1', 1862866895, '172.40.2.212'),
(12840, 175, '2017-08-16 12:58:28', '0000-00-00 00:00:00', '3d5498ad36d952660722893be421a6e9', 1862868508, '172.40.1.94'),
(12841, 175, '2017-08-16 13:01:13', '0000-00-00 00:00:00', '4c883eee0b5cecfac747719b68484407', 1862868673, 'device_simulator'),
(12842, 175, '2017-08-16 13:01:59', '0000-00-00 00:00:00', 'b15a904536cba633509c9e686abf3575', 1862868719, '172.40.1.94'),
(12843, 175, '2017-08-16 13:02:46', '0000-00-00 00:00:00', 'f0843083a72541d79c5838a9644ac8f2', 1862868766, 'device_simulator'),
(12844, 175, '2017-08-16 13:03:15', '0000-00-00 00:00:00', 'e6723f230e34c959028a2d8db0153773', 1862868795, 'device_simulator'),
(12845, 175, '2017-08-16 13:03:20', '0000-00-00 00:00:00', 'e1514818c42aaa7bfb8b609448387429', 1862868800, 'device_simulator'),
(12846, 175, '2017-08-16 13:57:43', '0000-00-00 00:00:00', '9d814365bc0444aeb40cdb499a5f3be7', 1865382439, 'device_simulator'),
(12847, 175, '2017-08-16 14:01:11', '0000-00-00 00:00:00', '72f28407dad756515c31bae1f67c1d4e', 1862872271, 'device_simulator'),
(12848, 175, '2017-08-16 14:01:15', '0000-00-00 00:00:00', '83486aaba3dd1036d1313c3cbd0566af', 1862872275, 'device_simulator'),
(12849, 175, '2017-08-16 14:04:24', '0000-00-00 00:00:00', 'ba3f5a3804eabc4433562b0f8093d8f4', 1862872464, 'device_simulator'),
(12850, 175, '2017-08-16 14:06:14', '0000-00-00 00:00:00', '5ce44248d68368569d3ee4cd86e4ef7f', 1862872574, 'device_simulator'),
(12851, 175, '2017-08-16 14:08:02', '0000-00-00 00:00:00', 'cc60254c4c32171b5dadcf1311d7be67', 1862872682, '172.40.1.94'),
(12852, 175, '2017-08-16 14:08:09', '0000-00-00 00:00:00', '58b1165b4d32baf61648d30e540ae5f4', 1862872700, '172.40.1.94'),
(12853, 175, '2017-08-16 14:08:46', '0000-00-00 00:00:00', 'c7d94698e019e30a87ba34b8ce5fd7ca', 1862872726, 'device_simulator'),
(12854, 175, '2017-08-18 10:51:11', '2017-08-23 15:34:46', '', 1863482686, '127.0.0.1'),
(12855, 223, '2017-08-18 10:57:43', '2017-08-18 10:58:14', '', 1863034094, '::1'),
(12856, 223, '2017-08-18 10:58:27', '2017-08-18 10:58:59', '', 1863034139, '::1'),
(12857, 223, '2017-08-18 10:59:25', '2017-08-18 11:00:48', '', 1863034248, '::1'),
(12858, 223, '2017-08-18 11:00:00', '2017-08-18 11:00:29', '', 1863034229, '::1'),
(12859, 223, '2017-08-18 11:00:39', '0000-00-00 00:00:00', 'a1cd34b85158fc293ba1784ce474b29a', 1863034239, '::1'),
(12860, 224, '2017-08-18 11:01:47', '2017-08-18 11:02:52', '', 1863034372, '::1'),
(12861, 224, '2017-08-18 11:02:59', '0000-00-00 00:00:00', '060410b21dfaabe8033561898207c9c7', 1863472946, '::1'),
(12862, 175, '2017-08-18 11:04:38', '0000-00-00 00:00:00', '7732d35cad30b3ed8aa1412b20add066', 1863473668, '172.40.1.94'),
(12863, 175, '2017-08-18 11:06:21', '0000-00-00 00:00:00', '3783f09bdd92227c2bb7dbd8ec9124e9', 1863034581, 'device_simulator'),
(12864, 175, '2017-08-21 13:01:46', '0000-00-00 00:00:00', '857ae9d4edc08d12c69c18e14ee54ce1', 1863300706, '172.40.1.94'),
(12865, 175, '2017-08-22 12:46:41', '0000-00-00 00:00:00', '0dead73481952e8af159de31472fb0a6', 1863386201, '172.40.1.94'),
(12866, 175, '2017-08-23 12:41:32', '0000-00-00 00:00:00', '856bacbb608a84041baef690885440cc', 1863472292, '172.40.1.94'),
(12867, 175, '2017-08-23 12:53:39', '0000-00-00 00:00:00', 'a7bc7ff571a4c9e4e9d80a0e8112f3f5', 1863473019, 'device_simulator'),
(12868, 175, '2017-08-23 12:55:35', '0000-00-00 00:00:00', '50e1a7897df82d05415e6aabebc27729', 1863473135, 'device_simulator'),
(12869, 175, '2017-08-23 12:56:49', '0000-00-00 00:00:00', '56f2426c37c01e7f82e282d87c09ef3f', 1863473209, 'device_simulator'),
(12870, 175, '2017-08-23 12:59:41', '0000-00-00 00:00:00', '217e7606a9c123260cbc10cd9f6d886e', 1863473413, 'device_simulator'),
(12871, 175, '2017-08-23 13:01:04', '0000-00-00 00:00:00', 'd8b7ee80c197c602d69777ce891226ff', 1863473464, 'device_simulator'),
(12872, 175, '2017-08-23 13:03:18', '0000-00-00 00:00:00', '4242b61cc3fc2c45a6b0cc0bc74338f8', 1863473598, '172.40.1.94'),
(12873, 175, '2017-08-23 13:03:47', '0000-00-00 00:00:00', 'b7dbd0f2314b9257c43aecbba2cadb18', 1863473683, '172.40.1.94'),
(12874, 175, '2017-08-23 15:35:12', '2017-08-30 16:53:02', '', 1864092182, '127.0.0.1'),
(12875, 175, '2017-08-24 16:02:13', '0000-00-00 00:00:00', '258a3a32b5c35f427c9e0323b61b2066', 1863570733, '172.40.1.94'),
(12876, 175, '2017-08-31 11:14:05', '2017-09-07 12:31:57', '', 1864767716, '127.0.0.1'),
(12877, 175, '2017-08-31 11:15:35', '0000-00-00 00:00:00', 'e05bb58935c2a0f14c52501a82e4b499', 1864158335, '192.168.2.121'),
(12878, 175, '2017-08-31 11:15:44', '0000-00-00 00:00:00', '0d525657a4a8f84c6ed451b7decfa953', 1864158344, '192.168.2.121'),
(12879, 175, '2017-08-31 12:35:54', '0000-00-00 00:00:00', '3d0ee9d8dfa83c28917f00e458856cc9', 1864163154, '192.168.2.121'),
(12880, 175, '2017-08-31 16:29:18', '0000-00-00 00:00:00', '79a44a200b7710dd5d2e64e199949ac8', 1864177158, '172.40.1.94'),
(12881, 175, '2017-09-01 10:35:25', '0000-00-00 00:00:00', 'd6a7d0a4e10f08ef08dd01b88d1367a4', 1864242325, '172.40.1.94'),
(12882, 175, '2017-09-01 12:13:09', '0000-00-00 00:00:00', 'a8cfb076bf9ad106146d90fd6f526b0c', 1864248189, 'device_simulator'),
(12883, 175, '2017-09-01 12:20:09', '0000-00-00 00:00:00', '7a29f689f8cc5e063cafe66f8eb5d258', 1864248609, '172.40.1.94'),
(12884, 175, '2017-09-01 12:25:12', '0000-00-00 00:00:00', '30c1e895014fabf74b6d76affe3c321e', 1864248912, 'device_simulator'),
(12885, 175, '2017-09-01 12:25:24', '0000-00-00 00:00:00', 'c0066210de46d4986249ea8b4b51f018', 1864248924, 'device_simulator'),
(12886, 175, '2017-09-01 12:33:01', '0000-00-00 00:00:00', 'a8425988adf0fc65c823370a53baaf7a', 1864249381, 'device_simulator'),
(12887, 175, '2017-09-01 12:33:27', '0000-00-00 00:00:00', '6a2203553a99a4bda3bc4fe918921fbf', 1864249407, 'device_simulator'),
(12888, 175, '2017-09-01 12:33:35', '0000-00-00 00:00:00', 'f8d0a0b543b70a28fb80755f795b10bb', 1864249415, 'device_simulator'),
(12889, 175, '2017-09-01 12:33:52', '0000-00-00 00:00:00', '429c63e404c01c41439c63cbf20c21b5', 1864249432, 'device_simulator'),
(12890, 175, '2017-09-01 12:39:56', '0000-00-00 00:00:00', '0bff728360ef4e3a06ef984d1c5c517f', 1864249796, 'device_simulator'),
(12891, 175, '2017-09-01 12:40:50', '0000-00-00 00:00:00', 'a4343e415c0ac8e5dafd04a4a3248932', 1864249850, 'device_simulator'),
(12892, 175, '2017-09-01 12:41:01', '0000-00-00 00:00:00', '79281c7685c3ba1c8002bf25fcfb49d2', 1864249861, 'device_simulator'),
(12893, 175, '2017-09-01 12:41:32', '0000-00-00 00:00:00', '57023b4cfe31d51cbf3972b049785d3a', 1864249892, 'device_simulator'),
(12894, 175, '2017-09-01 12:41:54', '0000-00-00 00:00:00', 'b54c2834715ef017c20c0c6487b60fb4', 1864249914, 'device_simulator'),
(12895, 175, '2017-09-01 12:41:54', '0000-00-00 00:00:00', 'b1364bbb791caecdfa00d7f30448660c', 1864249914, 'device_simulator'),
(12896, 175, '2017-09-01 12:41:55', '0000-00-00 00:00:00', 'b42803d5215fc6891731baa30d7d540e', 1864249915, 'device_simulator'),
(12897, 175, '2017-09-01 12:41:55', '0000-00-00 00:00:00', '5d654ea1d18d1622627d858fdac42791', 1864249915, 'device_simulator'),
(12898, 175, '2017-09-01 12:41:55', '0000-00-00 00:00:00', '5589bf971b33e62617f50ef151c53d80', 1864249915, 'device_simulator'),
(12899, 175, '2017-09-01 12:41:55', '0000-00-00 00:00:00', '118c458237ce486ca4d0244e9fc82c74', 1864249915, 'device_simulator'),
(12900, 175, '2017-09-01 12:41:55', '0000-00-00 00:00:00', '6f5fdd361f941b053fa365a0923d6b67', 1864249915, 'device_simulator'),
(12901, 175, '2017-09-01 12:41:55', '0000-00-00 00:00:00', 'd4b83e4e842c857d9b5e7261c157be1a', 1864249915, 'device_simulator'),
(12902, 175, '2017-09-01 12:41:55', '0000-00-00 00:00:00', '56be26b88122768da3c082a7e58ea8cf', 1864249915, 'device_simulator'),
(12903, 175, '2017-09-01 12:41:55', '0000-00-00 00:00:00', 'a8c97b6722c47ac4e9927af349d01833', 1864249915, 'device_simulator'),
(12904, 175, '2017-09-01 12:41:56', '0000-00-00 00:00:00', '049e5a109afbfb1a665e5cb8a76472df', 1864249916, 'device_simulator'),
(12905, 175, '2017-09-01 12:41:56', '0000-00-00 00:00:00', '3f463265ea46f6fb160ccf2bd1523f87', 1864249916, 'device_simulator'),
(12906, 175, '2017-09-01 12:41:56', '0000-00-00 00:00:00', '78e9ea32428c03130e04f7df049452e3', 1864249916, 'device_simulator'),
(12907, 175, '2017-09-01 12:41:56', '0000-00-00 00:00:00', '4dcc33175ec333cfeebd40bb3118f23c', 1864249916, 'device_simulator'),
(12908, 175, '2017-09-01 12:41:56', '0000-00-00 00:00:00', 'ad5ce9bda6e20ba8621df52fc8c00322', 1864249916, 'device_simulator'),
(12909, 175, '2017-09-01 12:41:56', '0000-00-00 00:00:00', '153e457f0ab87357e41b4536f6eaf1c9', 1864249916, 'device_simulator'),
(12910, 175, '2017-09-01 12:41:56', '0000-00-00 00:00:00', 'ab29be6e7e5f031caa5ec5303b8e925c', 1864249916, 'device_simulator'),
(12911, 175, '2017-09-01 12:41:56', '0000-00-00 00:00:00', '4a8bb2dae0ff3a482dedb47e54c0ba18', 1864249916, 'device_simulator'),
(12912, 175, '2017-09-01 12:41:56', '0000-00-00 00:00:00', '98fee25534d9d2387e708d61559f1931', 1864249916, 'device_simulator'),
(12913, 175, '2017-09-01 12:41:57', '0000-00-00 00:00:00', 'bc16bbbcd2901a40e77ed6cfc6a5b635', 1864249917, 'device_simulator'),
(12914, 175, '2017-09-01 12:41:57', '0000-00-00 00:00:00', 'a2e0f11d7960dab20a492bb20073167f', 1864249917, 'device_simulator'),
(12915, 175, '2017-09-01 12:41:57', '0000-00-00 00:00:00', 'a3673922764460c270831663b72f295d', 1864249917, 'device_simulator'),
(12916, 175, '2017-09-01 12:41:57', '0000-00-00 00:00:00', '13fb882c37b9c28d9b854704cb15daae', 1864249917, 'device_simulator'),
(12917, 175, '2017-09-01 12:41:57', '0000-00-00 00:00:00', '906e034d966eb4369942d722e5460264', 1864249917, 'device_simulator'),
(12918, 175, '2017-09-01 12:42:00', '0000-00-00 00:00:00', 'c6dc0a9e55cee45fab17ff61565c98ee', 1864249920, 'device_simulator'),
(12919, 175, '2017-09-01 12:42:00', '0000-00-00 00:00:00', '1f548d38422025ca582f1752b727476a', 1864249920, 'device_simulator'),
(12920, 175, '2017-09-01 12:42:06', '0000-00-00 00:00:00', '02b1b4ee5c1737d46ca3c59165aa230c', 1864249926, 'device_simulator'),
(12921, 175, '2017-09-01 12:42:51', '0000-00-00 00:00:00', '060cdb9ed5222a61b11da15e10e5aa03', 1864249971, 'device_simulator'),
(12922, 175, '2017-09-01 12:42:56', '0000-00-00 00:00:00', 'a7c884b547cf23ce1d188d36191f5b63', 1864249976, 'device_simulator'),
(12923, 175, '2017-09-01 12:44:11', '0000-00-00 00:00:00', 'cdb5af71028054b1d8711330437632bb', 1864250051, 'device_simulator'),
(12924, 175, '2017-09-01 12:46:44', '0000-00-00 00:00:00', 'a05b4a22e4f3be8c2aa71f25d05268c7', 1864250204, 'device_simulator'),
(12925, 175, '2017-09-01 12:46:53', '0000-00-00 00:00:00', '42cb35ae7381991c06aa6d735c415ab9', 1864250213, 'device_simulator'),
(12926, 175, '2017-09-01 12:47:33', '0000-00-00 00:00:00', '01e3b309e9e6b8c04743f16c0d6d55bd', 1864250253, 'device_simulator'),
(12927, 175, '2017-09-04 16:36:26', '0000-00-00 00:00:00', '6f3baa01a068c4d5a2c269cb59240d79', 1864523186, 'device_simulator'),
(12928, 175, '2017-09-11 11:47:25', '0000-00-00 00:00:00', '4b48da79c100de163ea783f18a4f1994', 1865110645, 'device_simulator'),
(12929, 175, '2017-09-11 11:50:28', '0000-00-00 00:00:00', 'c5f04eb64c723312ecfe80f8790d2bc3', 1865110828, 'device_simulator'),
(12930, 175, '2017-09-12 10:20:01', '0000-00-00 00:00:00', '212d2e3659a8abc8b59270bcc60c576f', 1865191802, 'device_simulator'),
(12931, 175, '2017-09-12 11:24:32', '0000-00-00 00:00:00', '795f353e987f400493f1b726ba95381b', 1865195673, '631B3E6F-00E3-4A9E-BFD5-CAA6804A0D8D'),
(12932, 175, '2017-09-12 11:25:45', '0000-00-00 00:00:00', '613fccea23ca446a3f2e1ad7adf25203', 1865195745, '631B3E6F-00E3-4A9E-BFD5-CAA6804A0D8D'),
(12933, 175, '2017-09-12 11:26:33', '0000-00-00 00:00:00', '5f6dc01fdcca1887ecaa8b47b818f51e', 1865195793, '631B3E6F-00E3-4A9E-BFD5-CAA6804A0D8D'),
(12934, 175, '2017-09-12 11:27:52', '0000-00-00 00:00:00', '2155a446721edff8c61d7df90ee6e148', 1865195873, '631B3E6F-00E3-4A9E-BFD5-CAA6804A0D8D'),
(12935, 175, '2017-09-12 11:29:20', '0000-00-00 00:00:00', '1ce4a46b58bac401f6ea686dacb5a828', 1865195961, '631B3E6F-00E3-4A9E-BFD5-CAA6804A0D8D'),
(12936, 175, '2017-09-12 11:30:05', '0000-00-00 00:00:00', '0ce7ede975d34f172d8fd2d37e811f02', 1865196006, '631B3E6F-00E3-4A9E-BFD5-CAA6804A0D8D'),
(12937, 175, '2017-09-12 11:30:29', '0000-00-00 00:00:00', 'f663d17d50fed8077a0044b365182d5a', 1865196029, '631B3E6F-00E3-4A9E-BFD5-CAA6804A0D8D'),
(12938, 175, '2017-09-12 11:30:35', '0000-00-00 00:00:00', '0a1a909584334132e1aa15074672db75', 1865196035, '631B3E6F-00E3-4A9E-BFD5-CAA6804A0D8D'),
(12939, 175, '2017-09-12 11:30:35', '0000-00-00 00:00:00', 'ae3e63c89fa77ba0cec21390f68ff2d3', 1865196035, '631B3E6F-00E3-4A9E-BFD5-CAA6804A0D8D'),
(12940, 175, '2017-09-12 11:30:56', '0000-00-00 00:00:00', 'cbe7d66949628362ec6b08ff78557a61', 1865196057, '631B3E6F-00E3-4A9E-BFD5-CAA6804A0D8D'),
(12941, 175, '2017-09-12 11:32:50', '0000-00-00 00:00:00', '8cacb573d701651e1d16ff9793003884', 1865196170, '631B3E6F-00E3-4A9E-BFD5-CAA6804A0D8D'),
(12942, 175, '2017-09-12 11:33:01', '0000-00-00 00:00:00', 'e5ee4b313652512c1d8a3ae96be36f8f', 1865196182, '631B3E6F-00E3-4A9E-BFD5-CAA6804A0D8D'),
(12943, 175, '2017-09-12 11:33:23', '0000-00-00 00:00:00', '38d17530b1fff353bc48c7c0cf7a07bf', 1865196203, '631B3E6F-00E3-4A9E-BFD5-CAA6804A0D8D'),
(12944, 175, '2017-09-12 11:35:32', '0000-00-00 00:00:00', '9d0fc57bf8be5752eb9fe454a61c07fb', 1865196333, '631B3E6F-00E3-4A9E-BFD5-CAA6804A0D8D'),
(12945, 175, '2017-09-12 11:37:17', '0000-00-00 00:00:00', '391b18ec7541030da77f43d005b98b57', 1865196437, 'device_simulator'),
(12946, 175, '2017-09-12 11:38:56', '0000-00-00 00:00:00', '638a70d018b386ecb8903d48f11e97fa', 1865196536, 'device_simulator'),
(12947, 175, '2017-09-12 11:39:12', '0000-00-00 00:00:00', 'a184b0080092b6482d0a3ce1343b347f', 1865196552, 'device_simulator'),
(12948, 175, '2017-09-12 11:39:13', '0000-00-00 00:00:00', 'b6491771a6f8ec81a59407d387489bd3', 1865196553, 'device_simulator'),
(12949, 175, '2017-09-12 11:39:24', '0000-00-00 00:00:00', '3dab40da6593ba89ecf19627deca3cde', 1865196564, 'device_simulator'),
(12950, 175, '2017-09-12 11:39:48', '0000-00-00 00:00:00', '01ee1894ec6e6855b339d4d6e19144f8', 1865196588, '631B3E6F-00E3-4A9E-BFD5-CAA6804A0D8D'),
(12951, 175, '2017-09-12 11:46:04', '0000-00-00 00:00:00', 'ac6d6cac131ec6b7eb10ab2392ae63c4', 1865196964, '631B3E6F-00E3-4A9E-BFD5-CAA6804A0D8D'),
(12952, 175, '2017-09-12 11:54:06', '0000-00-00 00:00:00', 'cbc900ffeedea6710119a485535f81d8', 1865197446, 'device_simulator'),
(12953, 175, '2017-09-12 11:59:57', '0000-00-00 00:00:00', '5c559bccbc8d24745707fe66ff207436', 1865197797, '631B3E6F-00E3-4A9E-BFD5-CAA6804A0D8D'),
(12954, 175, '2017-09-12 12:00:05', '0000-00-00 00:00:00', 'c29e5a99b57188e7d2c283de7c1027cb', 1865197805, 'device_simulator'),
(12955, 175, '2017-09-12 12:00:16', '0000-00-00 00:00:00', '13c4e1b15092d16f20301a3b7f6fd6b1', 1865197816, '631B3E6F-00E3-4A9E-BFD5-CAA6804A0D8D'),
(12956, 175, '2017-09-12 12:00:24', '0000-00-00 00:00:00', '0c7d115de46e6f7138354dd3e8d2c918', 1865197824, 'device_simulator'),
(12957, 175, '2017-09-12 12:00:34', '0000-00-00 00:00:00', '2b4273187445c9404ef569f95c4aed3a', 1865197834, 'device_simulator'),
(12958, 175, '2017-09-12 12:00:51', '0000-00-00 00:00:00', 'c7e99f9568e292e1ee1d4527eb0614b8', 1865197851, 'device_simulator'),
(12959, 175, '2017-09-12 12:00:58', '0000-00-00 00:00:00', 'ade7c2fb6a4fd21d0e89a10129ac77d1', 1865197858, 'device_simulator'),
(12960, 175, '2017-09-12 12:01:08', '0000-00-00 00:00:00', 'd9ef194ffde1b23423fd476a89a0e3da', 1865197868, 'device_simulator'),
(12961, 175, '2017-09-12 12:01:13', '0000-00-00 00:00:00', '429d489550dcee589bcf21895843397b', 1865197873, 'device_simulator'),
(12962, 175, '2017-09-12 12:01:14', '0000-00-00 00:00:00', 'a5b42e6c38cfee9d116489381d5eede8', 1865197874, 'device_simulator'),
(12963, 175, '2017-09-12 12:01:14', '0000-00-00 00:00:00', 'bab50e297b0f8ebd636442c2e26cef34', 1865197874, 'device_simulator'),
(12964, 175, '2017-09-12 12:01:24', '0000-00-00 00:00:00', 'cd039fb93ea80390eba6f37db5294d10', 1865197884, 'device_simulator'),
(12965, 175, '2017-09-12 12:01:38', '0000-00-00 00:00:00', '4fa1e46d45fa3e674dc477725da7e5c9', 1865197898, 'device_simulator'),
(12966, 175, '2017-09-12 12:01:57', '0000-00-00 00:00:00', '8b59dbb59c95c3b567d4c3fc6e28b4fa', 1865197917, 'device_simulator'),
(12967, 175, '2017-09-12 12:02:38', '0000-00-00 00:00:00', '8b72f12e23c8cb45900578ed0c31f36c', 1865197958, 'device_simulator'),
(12968, 175, '2017-09-12 12:02:47', '0000-00-00 00:00:00', 'cec4d410d821b43a6b5e2901519d7844', 1865197967, 'device_simulator'),
(12969, 175, '2017-09-12 12:02:57', '0000-00-00 00:00:00', '3ce16758eda405125209f43cabeb1b15', 1865197977, '631B3E6F-00E3-4A9E-BFD5-CAA6804A0D8D'),
(12970, 175, '2017-09-12 12:03:27', '0000-00-00 00:00:00', 'f4cb3bf09663cb6ba7fa4fed00c085da', 1865198007, '631B3E6F-00E3-4A9E-BFD5-CAA6804A0D8D'),
(12971, 175, '2017-09-12 12:03:44', '0000-00-00 00:00:00', '43bfd1f8f0cf90a8e2c05776444123db', 1865198024, 'device_simulator'),
(12972, 175, '2017-09-12 12:03:59', '0000-00-00 00:00:00', '41b1dedb9f3da5a0961a07f6cfb23b49', 1865198039, 'device_simulator'),
(12973, 175, '2017-09-12 12:04:18', '0000-00-00 00:00:00', '543dec2bfdae39f4f8efe59d14d5725b', 1865198058, 'device_simulator'),
(12974, 175, '2017-09-12 12:04:29', '0000-00-00 00:00:00', '15faee464c91bcd9883d8052b28ae5ed', 1865198069, 'device_simulator'),
(12975, 175, '2017-09-12 12:04:31', '0000-00-00 00:00:00', '2eb2c5d99239ffc9aaa7ae8923d90e89', 1865198071, 'device_simulator'),
(12976, 175, '2017-09-12 12:04:31', '0000-00-00 00:00:00', 'd8775466975fd7d6841ffff7a10b9e85', 1865198071, 'device_simulator'),
(12977, 175, '2017-09-12 12:04:34', '0000-00-00 00:00:00', '14b1c9c0340684c7bed467a584762850', 1865198074, 'device_simulator'),
(12978, 175, '2017-09-12 12:05:01', '0000-00-00 00:00:00', '8dfc3fbc81661293810317ef49fc2b6d', 1865198101, 'device_simulator'),
(12979, 175, '2017-09-12 12:05:05', '0000-00-00 00:00:00', '5189ee69030ff19aedb7d81351f6e0c7', 1865198105, 'device_simulator'),
(12980, 175, '2017-09-12 12:06:09', '0000-00-00 00:00:00', 'da86458a6063208edce7cbe97957be7c', 1865198169, 'device_simulator'),
(12981, 175, '2017-09-12 12:06:18', '0000-00-00 00:00:00', '272149dd5d2d31f7597bd1f570dc5941', 1865198178, '631B3E6F-00E3-4A9E-BFD5-CAA6804A0D8D'),
(12982, 175, '2017-09-12 12:06:35', '0000-00-00 00:00:00', 'e5fae7252f287e9a3c5d5d9f61c2d0a7', 1865198195, '631B3E6F-00E3-4A9E-BFD5-CAA6804A0D8D'),
(12983, 175, '2017-09-12 12:06:52', '0000-00-00 00:00:00', 'dd4f1630430325c9803ab34c269952df', 1865198212, 'device_simulator'),
(12984, 175, '2017-09-12 12:06:54', '0000-00-00 00:00:00', '373f7c7c73b7db837def9f4e1d7718b3', 1865198215, '631B3E6F-00E3-4A9E-BFD5-CAA6804A0D8D'),
(12985, 175, '2017-09-12 12:07:20', '0000-00-00 00:00:00', '5c08c9b3176901a9a1bb658902ce18fc', 1865198240, 'device_simulator'),
(12986, 175, '2017-09-12 12:07:29', '0000-00-00 00:00:00', '1c62a6b6ad33d39d7d7e24abd2b1218a', 1865198249, 'device_simulator'),
(12987, 175, '2017-09-12 12:07:40', '0000-00-00 00:00:00', 'ad95a4dae86edd1143e55d0c0d0e9dfa', 1865198260, 'device_simulator'),
(12988, 175, '2017-09-12 12:08:43', '0000-00-00 00:00:00', '99ddefe14796831a14c97da9f3caab4f', 1865198324, '631B3E6F-00E3-4A9E-BFD5-CAA6804A0D8D'),
(12989, 175, '2017-09-12 12:09:23', '0000-00-00 00:00:00', 'daf56df3fa97226073226581af8e044d', 1865198363, '631B3E6F-00E3-4A9E-BFD5-CAA6804A0D8D'),
(12990, 175, '2017-09-12 12:09:55', '0000-00-00 00:00:00', '4f00f5f0bd34e667116ec1ca0a6cfe88', 1865198395, 'device_simulator');
INSERT INTO `core_logins` (`loginid`, `accountid`, `loggedintime`, `loggedouttime`, `token`, `tokenexpirationtime`, `loggedinlocation`) VALUES
(12991, 175, '2017-09-12 12:11:19', '0000-00-00 00:00:00', 'ae3756f6caa2f3ffea34e252ec8e9fab', 1865198479, 'device_simulator'),
(12992, 175, '2017-09-12 12:11:29', '0000-00-00 00:00:00', 'ffd6fa4c8ed36d702913ef29e10bf321', 1865198489, 'device_simulator'),
(12993, 175, '2017-09-12 12:11:33', '0000-00-00 00:00:00', '5d774a0fa0aa69835e10c1a2e258607c', 1865198493, 'device_simulator'),
(12994, 175, '2017-09-12 12:12:06', '0000-00-00 00:00:00', 'f9dc7fa830885d64fe2298257d37a488', 1865198527, '631B3E6F-00E3-4A9E-BFD5-CAA6804A0D8D'),
(12995, 175, '2017-09-12 12:12:50', '0000-00-00 00:00:00', '791124ae31bc24b6a4169921792070cb', 1865198571, '631B3E6F-00E3-4A9E-BFD5-CAA6804A0D8D'),
(12996, 175, '2017-09-12 12:14:06', '0000-00-00 00:00:00', 'd985ec34d44ae41219119f85e959405a', 1865198647, '631B3E6F-00E3-4A9E-BFD5-CAA6804A0D8D'),
(12997, 175, '2017-09-12 12:14:30', '0000-00-00 00:00:00', '94bdcfde1be31c33685e76d74b2339e7', 1865198671, '631B3E6F-00E3-4A9E-BFD5-CAA6804A0D8D'),
(12998, 175, '2017-09-12 12:14:44', '0000-00-00 00:00:00', 'fe4929a3cc1bc047488a4d54af2f7d79', 1865198684, 'device_simulator'),
(12999, 175, '2017-09-12 12:14:56', '0000-00-00 00:00:00', '734f26d062c63f4eb04987f5fc7cb4be', 1865198696, 'device_simulator'),
(13000, 175, '2017-09-12 12:15:05', '0000-00-00 00:00:00', 'd1abeac1292f3f2581aa00c892472274', 1865198705, '631B3E6F-00E3-4A9E-BFD5-CAA6804A0D8D'),
(13001, 175, '2017-09-12 12:18:29', '0000-00-00 00:00:00', '42701bf997e8328f3cb8b0c59e075f1d', 1865198909, '631B3E6F-00E3-4A9E-BFD5-CAA6804A0D8D'),
(13002, 175, '2017-09-12 12:18:48', '0000-00-00 00:00:00', 'db5e81b514cb85cb022c447209df65b6', 1865198929, '631B3E6F-00E3-4A9E-BFD5-CAA6804A0D8D'),
(13003, 175, '2017-09-12 12:20:09', '0000-00-00 00:00:00', '66dca2881e8607488e16fa13a76f88e1', 1865199009, '631B3E6F-00E3-4A9E-BFD5-CAA6804A0D8D'),
(13004, 175, '2017-09-12 12:20:35', '0000-00-00 00:00:00', '1602d36850ce20f88ae9510f86a2655b', 1865199036, '631B3E6F-00E3-4A9E-BFD5-CAA6804A0D8D'),
(13005, 175, '2017-09-12 12:21:16', '0000-00-00 00:00:00', '1d89e2a89cd8dc401e13651c28e46da3', 1865199077, '631B3E6F-00E3-4A9E-BFD5-CAA6804A0D8D'),
(13006, 175, '2017-09-12 12:21:35', '0000-00-00 00:00:00', '30781ca709880f6af5e40a971f682f03', 1865199096, '631B3E6F-00E3-4A9E-BFD5-CAA6804A0D8D'),
(13007, 175, '2017-09-12 12:23:04', '0000-00-00 00:00:00', '46cb9f913a8b5b27a6fc3b33d7ce960a', 1865199184, '631B3E6F-00E3-4A9E-BFD5-CAA6804A0D8D'),
(13008, 175, '2017-09-12 12:33:51', '0000-00-00 00:00:00', '698786a85cc8eb9e5fea9f3fc1f31f47', 1865199832, '631B3E6F-00E3-4A9E-BFD5-CAA6804A0D8D'),
(13009, 175, '2017-09-12 12:34:30', '2017-09-16 11:32:17', '', 1865541736, '127.0.0.1'),
(13010, 175, '2017-09-12 12:36:06', '0000-00-00 00:00:00', '1b833467a80c418081c5b66598e7aa8f', 1865199966, '631B3E6F-00E3-4A9E-BFD5-CAA6804A0D8D'),
(13011, 175, '2017-09-12 12:36:50', '0000-00-00 00:00:00', 'd00f50e4611d1cc23e6ffedcd6041f89', 1865200010, '631B3E6F-00E3-4A9E-BFD5-CAA6804A0D8D'),
(13012, 175, '2017-09-12 12:37:43', '0000-00-00 00:00:00', 'ed3a841faa8bcfa0c25f5e447df6a7ea', 1865200064, '631B3E6F-00E3-4A9E-BFD5-CAA6804A0D8D'),
(13013, 175, '2017-09-12 15:16:43', '0000-00-00 00:00:00', '87b4f9c3d69cf8d979a130ba6b647780', 1865209603, '631B3E6F-00E3-4A9E-BFD5-CAA6804A0D8D'),
(13014, 175, '2017-09-12 15:16:43', '0000-00-00 00:00:00', '32c1913ad58546f7dad5b42d03daa9b9', 1865209603, '631B3E6F-00E3-4A9E-BFD5-CAA6804A0D8D'),
(13015, 175, '2017-09-12 15:16:44', '0000-00-00 00:00:00', 'd0cb0cf8a9051bde68927870e2345b4d', 1865209607, '631B3E6F-00E3-4A9E-BFD5-CAA6804A0D8D'),
(13016, 175, '2017-09-12 15:16:47', '0000-00-00 00:00:00', '3234063580b0dd1ec297c91df4220a92', 1865209607, '631B3E6F-00E3-4A9E-BFD5-CAA6804A0D8D'),
(13017, 175, '2017-09-12 15:17:10', '0000-00-00 00:00:00', 'd300fe4b911661754b83381ca5cf3357', 1865209630, '631B3E6F-00E3-4A9E-BFD5-CAA6804A0D8D'),
(13018, 175, '2017-09-12 15:18:26', '0000-00-00 00:00:00', '4fe020ae0d86400827365dbdd7872847', 1865209706, 'device_simulator'),
(13019, 175, '2017-09-12 15:18:41', '0000-00-00 00:00:00', '7e353c54484eb5b4991a7faf4d4a428e', 1865209722, '631B3E6F-00E3-4A9E-BFD5-CAA6804A0D8D'),
(13020, 175, '2017-09-12 15:19:07', '0000-00-00 00:00:00', '9154fc5fc49896a10fb7049757309b9a', 1865209748, '631B3E6F-00E3-4A9E-BFD5-CAA6804A0D8D'),
(13021, 175, '2017-09-12 15:20:40', '0000-00-00 00:00:00', '53ab9ff30f6e135d31d1890a9597e52d', 1865209841, '631B3E6F-00E3-4A9E-BFD5-CAA6804A0D8D'),
(13022, 175, '2017-09-12 15:21:03', '0000-00-00 00:00:00', '2f8e2df5e151ce12ebd5f40e6dda3d79', 1865209863, '631B3E6F-00E3-4A9E-BFD5-CAA6804A0D8D'),
(13023, 175, '2017-09-13 11:43:32', '0000-00-00 00:00:00', '9806263a8ec40f438c657dd9b3a3ca22', 1865283212, 'device_simulator'),
(13024, 175, '2017-09-13 12:01:10', '0000-00-00 00:00:00', 'adb7b345f6e647aed309a48cecc424c1', 1865284271, 'device_simulator'),
(13025, 175, '2017-09-13 12:05:36', '0000-00-00 00:00:00', '9774550ce9f28e3ac4f96db6f09cfe70', 1865284571, 'device_simulator'),
(13026, 175, '2017-09-13 12:08:33', '0000-00-00 00:00:00', '3cebdf6445108943aded6aa61ad75b54', 1865284744, 'device_simulator'),
(13027, 175, '2017-09-13 12:10:58', '0000-00-00 00:00:00', '5ef300b330e5625f2688b029da14deec', 1865285056, 'device_simulator'),
(13028, 175, '2017-09-13 12:17:28', '0000-00-00 00:00:00', 'db7e0d522e84f25d24695278b7566e09', 1865285344, 'device_simulator'),
(13029, 175, '2017-09-13 12:23:15', '0000-00-00 00:00:00', 'ea72e6de14987f70d4ce4054bbec3618', 1865285614, 'device_simulator'),
(13030, 175, '2017-09-13 12:24:12', '0000-00-00 00:00:00', 'bc07973fbd4e1d1513c9745be5629299', 1865285652, 'device_simulator'),
(13031, 175, '2017-09-13 12:24:18', '0000-00-00 00:00:00', 'f41b71946de7b52559b710830de16b10', 1865285658, 'device_simulator'),
(13032, 175, '2017-09-13 12:25:13', '0000-00-00 00:00:00', '4c3a25e6c47bdc21f7d03a5ae525a8fc', 1865285725, 'device_simulator'),
(13033, 175, '2017-09-13 12:26:55', '0000-00-00 00:00:00', 'c15d5174f82147e1aeccc9e2d706a7f4', 1865286095, 'device_simulator'),
(13034, 175, '2017-09-13 12:29:20', '0000-00-00 00:00:00', 'd290ee193506dd5f2a1ded09b00f4618', 1865286009, 'device_simulator'),
(13035, 175, '2017-09-13 13:29:56', '0000-00-00 00:00:00', '1e6fd1e612ddbfdfabffa91a3878445c', 1865289597, '631B3E6F-00E3-4A9E-BFD5-CAA6804A0D8D'),
(13036, 175, '2017-09-13 13:30:12', '0000-00-00 00:00:00', 'da121afc5fc91690edec45ea2837db20', 1865289660, '631B3E6F-00E3-4A9E-BFD5-CAA6804A0D8D'),
(13037, 175, '2017-09-13 13:31:34', '0000-00-00 00:00:00', '3a3137302a8f288b9c8c580663084ec1', 1865289712, '631B3E6F-00E3-4A9E-BFD5-CAA6804A0D8D'),
(13038, 175, '2017-09-13 13:32:19', '0000-00-00 00:00:00', '616401f83f22fbdacf4e6c7a39447bf8', 1865296954, '631B3E6F-00E3-4A9E-BFD5-CAA6804A0D8D'),
(13039, 175, '2017-09-13 13:33:36', '0000-00-00 00:00:00', '600a439fcdadc1bbac01f644866a46a0', 1865290153, 'device_simulator'),
(13040, 175, '2017-09-13 15:38:15', '0000-00-00 00:00:00', 'd6fe7399aea1c0c34da0c6dc6661c5e2', 1865297314, '631B3E6F-00E3-4A9E-BFD5-CAA6804A0D8D'),
(13041, 175, '2017-09-13 15:54:17', '0000-00-00 00:00:00', '0080acd6f8852e45c3d3cc86330e512f', 1865298273, '631B3E6F-00E3-4A9E-BFD5-CAA6804A0D8D'),
(13042, 175, '2017-09-13 17:28:49', '0000-00-00 00:00:00', 'f04e737d988eae83c15ac2d5ac34a08f', 1865304966, '::1'),
(13043, 175, '2017-09-16 11:31:36', '0000-00-00 00:00:00', 'cc50fdd829f39efb0a15ec4e542425e8', 1865541696, 'device_simulator'),
(13044, 175, '2017-09-16 11:31:44', '0000-00-00 00:00:00', '5af5e41066363b8a1ff8c79d1b3e3c25', 1865541704, 'device_simulator'),
(13045, 175, '2017-09-16 11:32:38', '0000-00-00 00:00:00', '0190b57570c6685f0e45bde89436493b', 1865707831, '127.0.0.1');

-- --------------------------------------------------------

--
-- Table structure for table `idax_deployed_devices`
--

CREATE TABLE IF NOT EXISTS `idax_deployed_devices` (
  `id` int(10) unsigned NOT NULL AUTO_INCREMENT,
  `deviceid` int(10) unsigned DEFAULT NULL,
  `jobsiteid` int(10) unsigned NOT NULL,
  `location` varchar(50) DEFAULT NULL,
  `latitude` double DEFAULT NULL,
  `longitude` double DEFAULT NULL,
  `status` int(10) unsigned NOT NULL,
  `secret` varchar(500) DEFAULT NULL,
  `ipv4address` char(16) DEFAULT NULL,
  `port` int(10) unsigned DEFAULT NULL,
  `dateranges` varchar(200) DEFAULT NULL,
  `timeranges` varchar(100) DEFAULT NULL,
  `config` varchar(5000) DEFAULT NULL,
  `lastupdatetime` timestamp NULL DEFAULT NULL ON UPDATE CURRENT_TIMESTAMP,
  `devicelastupdatetime` timestamp NULL DEFAULT NULL,
  PRIMARY KEY (`id`),
  KEY `deviceid` (`deviceid`),
  KEY `jobsiteid` (`jobsiteid`)
) ENGINE=InnoDB DEFAULT CHARSET=latin1 AUTO_INCREMENT=1 ;

-- --------------------------------------------------------

--
-- Table structure for table `idax_devices`
--

CREATE TABLE IF NOT EXISTS `idax_devices` (
  `deviceid` int(10) unsigned NOT NULL AUTO_INCREMENT,
  `type` int(10) unsigned DEFAULT NULL,
  `manufacturer` varchar(100) DEFAULT NULL,
  `model` varchar(100) DEFAULT NULL,
  `serialnumber` varchar(100) DEFAULT NULL,
  `latitude` double DEFAULT NULL,
  `longitude` double DEFAULT NULL,
  `config` varchar(5000) DEFAULT NULL,
  PRIMARY KEY (`deviceid`)
) ENGINE=InnoDB DEFAULT CHARSET=latin1 AUTO_INCREMENT=1 ;

-- --------------------------------------------------------

--
-- Table structure for table `idax_jobs`
--

CREATE TABLE IF NOT EXISTS `idax_jobs` (
  `jobid` int(10) unsigned NOT NULL AUTO_INCREMENT,
  `testdata` int(10) unsigned DEFAULT '0',
  `number` varchar(100) DEFAULT NULL,
  `name` varchar(100) DEFAULT NULL,
  `nickname` varchar(100) DEFAULT NULL,
  `studytype` int(10) unsigned DEFAULT NULL,
  `office` varchar(50) DEFAULT NULL,
  `area` varchar(50) DEFAULT NULL,
  `notes` varchar(500) DEFAULT NULL,
  `active` int(10) unsigned DEFAULT NULL,
  `status` int(10) unsigned DEFAULT NULL,
  `creationdate` datetime DEFAULT CURRENT_TIMESTAMP,
  `orderdate` date DEFAULT NULL,
  `deliverydate` date DEFAULT NULL,
  `lastupdatetime` datetime DEFAULT CURRENT_TIMESTAMP,
  PRIMARY KEY (`jobid`),
  UNIQUE KEY `jobid` (`jobid`)
) ENGINE=InnoDB  DEFAULT CHARSET=latin1 AUTO_INCREMENT=9 ;

--
-- Dumping data for table `idax_jobs`
--

INSERT INTO `idax_jobs` (`jobid`, `testdata`, `number`, `name`, `nickname`, `studytype`, `office`, `area`, `notes`, `active`, `status`, `creationdate`, `orderdate`, `deliverydate`, `lastupdatetime`) VALUES
(1, 0, '1234', 'RamTest', 'RAMT', 1, 'WA', '', '', 0, 0, '2016-10-17 10:17:36', '0000-00-00', '0000-00-00', '2016-10-17 10:56:33'),
(2, 0, '1987', 'AravindTest', 'ARAV', 1, 'WA', '', '', 0, 0, '2016-10-17 10:56:52', '0000-00-00', '0000-00-00', '2016-10-17 11:40:23'),
(3, 0, '9985', 'AravindTesting', 'ARAV', 1, 'WA', '', '', 0, 0, '2016-10-17 11:40:45', '0000-00-00', '0000-00-00', '2016-10-17 11:50:08'),
(4, 0, '1123', 'test job', 'TEST', 1, 'WA', '', '', 1, 1, '2016-10-17 11:50:25', '0000-00-00', '0000-00-00', '2017-09-16 11:29:45'),
(5, 0, '1017', 'Test 1017', 'TEST', 1, 'WA', '', '', 1, 1, '2016-10-17 19:10:27', '0000-00-00', '0000-00-00', '2017-09-13 12:28:19'),
(6, 0, '16364', 'U-VILLAGE', 'UVLG', 1, 'WA', '', '', 1, 1, '2016-10-20 17:41:46', '0000-00-00', '0000-00-00', '2017-08-23 15:12:52'),
(7, 0, '1212', 'ttt', 'TTT', 2, 'WA', '', '', 1, 1, '2017-09-16 12:00:34', '0000-00-00', '0000-00-00', '2017-09-16 12:00:34'),
(8, 0, '1112', 'ssss', 'SSSS', 1, 'WA', '', '', 1, 1, '2017-09-16 12:01:12', '0000-00-00', '0000-00-00', '2017-09-16 12:53:29');

-- --------------------------------------------------------

--
-- Table structure for table `idax_jobsites`
--

CREATE TABLE IF NOT EXISTS `idax_jobsites` (
  `jobsiteid` int(10) unsigned NOT NULL AUTO_INCREMENT,
  `testdata` int(10) unsigned DEFAULT '0',
  `sitecode` varchar(100) DEFAULT NULL,
  `taskid` int(10) unsigned DEFAULT NULL,
  `jobid` int(10) unsigned NOT NULL,
  `deviceids` varchar(100) DEFAULT NULL,
  `latitude` double DEFAULT NULL,
  `longitude` double DEFAULT NULL,
  `creationtime` datetime DEFAULT CURRENT_TIMESTAMP,
  `setupdate` date DEFAULT NULL,
  `durations` varchar(200) DEFAULT NULL,
  `dateranges` varchar(200) DEFAULT NULL,
  `timeblocks` varchar(200) DEFAULT NULL,
  `timeranges` varchar(200) DEFAULT NULL,
  `state` int(10) unsigned DEFAULT NULL,
  `status` int(10) unsigned DEFAULT NULL,
  `description` varchar(100) DEFAULT NULL,
  `notes` varchar(100) DEFAULT NULL,
  `n_street` varchar(100) DEFAULT NULL,
  `s_street` varchar(100) DEFAULT NULL,
  `e_street` varchar(100) DEFAULT NULL,
  `w_street` varchar(100) DEFAULT NULL,
  `ne_street` varchar(100) DEFAULT NULL,
  `nw_street` varchar(100) DEFAULT NULL,
  `se_street` varchar(100) DEFAULT NULL,
  `sw_street` varchar(100) DEFAULT NULL,
  `direction` varchar(25) DEFAULT NULL,
  `oneway` tinyint(1) DEFAULT '0',
  `countpriority` tinyint(3) unsigned DEFAULT NULL,
  `reportformat` varchar(50) DEFAULT NULL,
  `reportparameters` varchar(1000) DEFAULT NULL,
  `lastupdatetime` datetime DEFAULT NULL,
  PRIMARY KEY (`jobsiteid`),
  UNIQUE KEY `jobid_sitecode` (`jobid`,`sitecode`),
  FULLTEXT KEY `idax_jobsites_sitecode_description_notes_ft` (`sitecode`,`description`,`notes`)
) ENGINE=InnoDB  DEFAULT CHARSET=latin1 AUTO_INCREMENT=29 ;

--
-- Dumping data for table `idax_jobsites`
--

INSERT INTO `idax_jobsites` (`jobsiteid`, `testdata`, `sitecode`, `taskid`, `jobid`, `deviceids`, `latitude`, `longitude`, `creationtime`, `setupdate`, `durations`, `dateranges`, `timeblocks`, `timeranges`, `state`, `status`, `description`, `notes`, `n_street`, `s_street`, `e_street`, `w_street`, `ne_street`, `nw_street`, `se_street`, `sw_street`, `direction`, `oneway`, `countpriority`, `reportformat`, `reportparameters`, `lastupdatetime`) VALUES
(1, 0, 'RAMT: WA', 0, 1, NULL, 0, 0, '2016-10-17 10:35:23', '0000-00-00', '', NULL, '', NULL, 0, 0, 'Hitec', '', '', '', '', '', '', '', '', '', '', 0, 3, '', '', '2016-10-17 10:56:33'),
(2, 0, 'ARAV: WA', 0, 2, NULL, 0, 0, '2016-10-17 10:57:07', '0000-00-00', '', NULL, '', NULL, 0, 0, 'Hitec', '', '', '', '', '', '', '', '', '', '', 0, 3, '', '', '2016-10-17 11:40:23'),
(4, 0, 'ARAV: WA', 0, 3, NULL, 0, 0, '2016-10-17 11:41:15', '0000-00-00', '', NULL, '', NULL, 0, 0, 'Hitec', '', 'Madhapur', 'Madhapur', 'Kukatpally', 'Kukatpally', 'Kondapur', 'Mindspace', 'Mindspace', 'Kondapur', '', 0, 3, '', '', '2016-10-17 11:50:08'),
(5, 0, 'ARAV: WA', 0, 4, NULL, 0, 0, '2016-10-17 11:51:00', '0000-00-00', '', NULL, '', NULL, 1, 1, 'Hitec', '', 'Madhapur', 'Madhapur', 'Kondapur', 'Kondapur', 'Mindspace', 'Kukatpally', 'Kukatpally', 'Mindspace', '', 0, 3, '', '', '2017-09-13 13:30:59'),
(6, 0, '1017: WA', 0, 5, NULL, 0, 0, '2016-10-17 19:10:55', '0000-00-00', '', NULL, '', NULL, 1, 1, '10 & 17', '', 'str', 'str', 'str 1', 'str 1', '', '', '', '', '', 0, 3, '', '', '2017-09-13 12:28:19'),
(21, 0, 'UVLG:WA12', 0, 6, NULL, 0, 0, '2016-10-20 17:42:21', '0000-00-00', '', NULL, '', NULL, 1, 1, '01', '', '25TH AVE N', '25TH AVE N', 'NE 55TH SE', 'NE 55TH W', '25TH AVE NE', '25TH AVE SW', '25TH AVE SE', '25TH AVE SNE', '', 0, 3, '', '', '2017-08-23 15:12:52'),
(22, 0, 'SSSS: WA', 0, 8, NULL, 0, 0, '2017-09-16 12:20:24', '0000-00-00', '', NULL, '', NULL, 1, 1, '25TH AVE N', '', '25TH AVE N', '25TH AVE N', '25TH AVE N', '25TH AVE N', '25TH AVE N', '25TH AVE N', '25TH AVE N', '25TH AVE N', '', 0, 3, '', '', '2017-09-16 12:20:24'),
(25, 0, 'SSSS: WA1', 0, 8, NULL, 0, 0, '2017-09-16 12:22:52', '0000-00-00', '', NULL, '', NULL, 1, 1, 'hyd', '', '26TH AVE N', '26TH AVE N', '25TH AVE N', '25TH AVE N', '25TH AVE N', '25TH AVE N', '25TH AVE N', '25TH AVE N', '', 0, 3, '', '', '2017-09-16 12:22:52'),
(26, 0, 'SSSS: WA2', 0, 8, NULL, 0, 0, '2017-09-16 12:23:18', '0000-00-00', '', NULL, '', NULL, 1, 1, 'madhapur', '', '25TH AVE N', '25TH AVE N', '25TH AVE N', '25TH AVE N', '25TH AVE N', '25TH AVE N', '25TH AVE N', '25TH AVE N', '', 0, 3, '', '', '2017-09-16 12:23:18'),
(28, 0, 'SSSS: WA123', 0, 8, NULL, 0, 0, '2017-09-16 12:53:29', '0000-00-00', '', NULL, '', NULL, 1, 1, '', '', 'wea', 'wea', 'wea', 'wea', 'wea', 'wea', 'wea', 'wea', '', 0, 3, '', '', '2017-09-16 12:53:29');

-- --------------------------------------------------------

--
-- Table structure for table `idax_tasks`
--

CREATE TABLE IF NOT EXISTS `idax_tasks` (
  `taskid` int(10) unsigned NOT NULL AUTO_INCREMENT,
  `testdata` int(10) unsigned DEFAULT '0',
  `jobid` int(10) unsigned DEFAULT NULL,
  `name` varchar(100) DEFAULT NULL,
  `setupdate` date DEFAULT NULL,
  `devicetype` int(10) unsigned DEFAULT NULL,
  `status` int(10) unsigned DEFAULT NULL,
  `assignedto` int(10) unsigned DEFAULT NULL,
  PRIMARY KEY (`taskid`),
  KEY `jobid` (`jobid`)
) ENGINE=InnoDB DEFAULT CHARSET=latin1 AUTO_INCREMENT=1 ;

-- --------------------------------------------------------

--
-- Table structure for table `idax_tube_ingestiondata`
--

CREATE TABLE IF NOT EXISTS `idax_tube_ingestiondata` (
  `id` int(10) unsigned NOT NULL AUTO_INCREMENT,
  `ingestionid` int(10) unsigned DEFAULT NULL,
  `jobid` int(10) unsigned NOT NULL,
  `jobsiteid` int(10) unsigned NOT NULL,
  `ds` int(10) unsigned DEFAULT NULL,
  `trignum` char(8) DEFAULT NULL,
  `ht` char(2) DEFAULT NULL,
  `occurred` datetime DEFAULT NULL,
  `dr` char(4) DEFAULT NULL,
  `speed` float DEFAULT NULL,
  `wb` float DEFAULT NULL,
  `hdwy` float DEFAULT NULL,
  `gap` float DEFAULT NULL,
  `ax` int(10) unsigned DEFAULT NULL,
  `gp` int(10) unsigned DEFAULT NULL,
  `rho` float DEFAULT NULL,
  `cl` int(10) unsigned DEFAULT NULL,
  `nm` char(8) DEFAULT NULL,
  `vehicle` char(2) DEFAULT NULL,
  `coercedsequence` tinyint(1) DEFAULT NULL,
  `other` varchar(50) DEFAULT NULL,
  PRIMARY KEY (`id`),
  KEY `jobsiteid_occurred` (`jobsiteid`,`occurred`),
  KEY `ingestionid` (`ingestionid`),
  KEY `jobid` (`jobid`)
) ENGINE=InnoDB DEFAULT CHARSET=latin1 AUTO_INCREMENT=1 ;

-- --------------------------------------------------------

--
-- Table structure for table `idax_tube_ingestiondatasets`
--

CREATE TABLE IF NOT EXISTS `idax_tube_ingestiondatasets` (
  `datasetid` int(10) unsigned NOT NULL AUTO_INCREMENT,
  `ingestionid` int(10) unsigned DEFAULT NULL,
  `jobid` int(10) unsigned NOT NULL,
  `jobsiteid` int(10) unsigned NOT NULL,
  `ds` int(10) unsigned DEFAULT NULL,
  `name` varchar(100) DEFAULT NULL,
  `attribute` varchar(100) DEFAULT NULL,
  `direction` char(100) DEFAULT NULL,
  `surveybegintime` datetime DEFAULT NULL,
  `surveyendtime` datetime DEFAULT NULL,
  `zone` varchar(100) DEFAULT NULL,
  `file` varchar(100) DEFAULT NULL,
  `identifier` varchar(100) DEFAULT NULL,
  `algorithm` varchar(100) DEFAULT NULL,
  `datatype` varchar(100) DEFAULT NULL,
  PRIMARY KEY (`datasetid`),
  KEY `ingestionid` (`ingestionid`),
  KEY `jobid` (`jobid`),
  KEY `jobsiteid` (`jobsiteid`)
) ENGINE=InnoDB DEFAULT CHARSET=latin1 AUTO_INCREMENT=1 ;

-- --------------------------------------------------------

--
-- Table structure for table `idax_tube_ingestions`
--

CREATE TABLE IF NOT EXISTS `idax_tube_ingestions` (
  `ingestionid` int(10) unsigned NOT NULL AUTO_INCREMENT,
  `jobid` int(10) unsigned NOT NULL,
  `jobsiteid` int(10) unsigned NOT NULL,
  `accountid` int(10) unsigned DEFAULT NULL,
  `ingestdate` datetime DEFAULT CURRENT_TIMESTAMP,
  `ingestionkey` varchar(128) DEFAULT NULL,
  `reversed` tinyint(1) NOT NULL,
  `bucketfilename` varchar(120) DEFAULT NULL,
  `title` varchar(100) DEFAULT NULL,
  `subtitle` varchar(100) DEFAULT NULL,
  `description` varchar(100) DEFAULT NULL,
  `filterbegintime` datetime DEFAULT NULL,
  `filterendtime` datetime DEFAULT NULL,
  `includedclasses` varchar(100) DEFAULT NULL,
  `speedrangehigh` int(10) unsigned DEFAULT NULL,
  `speedrangelow` int(10) unsigned DEFAULT NULL,
  `direction` varchar(100) DEFAULT NULL,
  `separation` varchar(100) DEFAULT NULL,
  `name` varchar(100) DEFAULT NULL,
  `scheme` varchar(100) DEFAULT NULL,
  `units` varchar(100) DEFAULT NULL,
  PRIMARY KEY (`ingestionid`),
  UNIQUE KEY `ingestionkey` (`ingestionkey`),
  KEY `jobid` (`jobid`),
  KEY `jobsiteid` (`jobsiteid`),
  KEY `accountid` (`accountid`)
) ENGINE=InnoDB DEFAULT CHARSET=latin1 AUTO_INCREMENT=1 ;

-- --------------------------------------------------------

--
-- Table structure for table `idax_tube_reportformats`
--

CREATE TABLE IF NOT EXISTS `idax_tube_reportformats` (
  `name` varchar(100) NOT NULL,
  `displayorder` int(10) unsigned NOT NULL,
  `reportclasses` varchar(100) DEFAULT NULL,
  `fields` varchar(1000) DEFAULT NULL,
  PRIMARY KEY (`name`),
  UNIQUE KEY `displayorder` (`displayorder`),
  UNIQUE KEY `displayorder_2` (`displayorder`)
) ENGINE=InnoDB DEFAULT CHARSET=latin1;

-- --------------------------------------------------------

--
-- Table structure for table `idax_tube_reports`
--

CREATE TABLE IF NOT EXISTS `idax_tube_reports` (
  `reportid` int(10) unsigned NOT NULL AUTO_INCREMENT,
  `creationdate` datetime DEFAULT CURRENT_TIMESTAMP,
  `ingestionid` int(10) unsigned DEFAULT NULL,
  `reportformat` varchar(50) DEFAULT NULL,
  `reportparameters` varchar(1000) DEFAULT NULL,
  `jobid` int(10) unsigned NOT NULL,
  `jobsiteid` int(10) unsigned NOT NULL,
  `sitecode` int(10) unsigned NOT NULL,
  `starttime` datetime DEFAULT NULL,
  `endtime` datetime DEFAULT NULL,
  `type` varchar(50) NOT NULL,
  `bucketfilename` varchar(256) DEFAULT NULL,
  PRIMARY KEY (`reportid`)
) ENGINE=InnoDB DEFAULT CHARSET=latin1 AUTO_INCREMENT=1 ;

-- --------------------------------------------------------

--
-- Table structure for table `idax_video_counts`
--

CREATE TABLE IF NOT EXISTS `idax_video_counts` (
  `videocountid` int(11) NOT NULL AUTO_INCREMENT,
  `layoutid` int(10) unsigned DEFAULT NULL,
  `legindex` tinyint(3) unsigned DEFAULT NULL,
  `videoposition` float DEFAULT NULL,
  `videospeed` float DEFAULT NULL,
  `counttype` varchar(10) DEFAULT NULL,
  `objecttype` varchar(25) DEFAULT NULL,
  `countedtime` datetime DEFAULT NULL,
  `countedby_user` int(10) unsigned DEFAULT NULL,
  `rejected` tinyint(1) DEFAULT NULL,
  `rejectedtime` datetime DEFAULT NULL,
  `rejectedby_user` int(10) unsigned DEFAULT NULL,
  PRIMARY KEY (`videocountid`)
) ENGINE=InnoDB  DEFAULT CHARSET=latin1 AUTO_INCREMENT=3484 ;

--
-- Dumping data for table `idax_video_counts`
--

INSERT INTO `idax_video_counts` (`videocountid`, `layoutid`, `legindex`, `videoposition`, `videospeed`, `counttype`, `objecttype`, `countedtime`, `countedby_user`, `rejected`, `rejectedtime`, `rejectedby_user`) VALUES
(1, 5, 0, 36, 2, 'STRAIGHT', 'CAR', '2016-10-19 04:52:33', 201, 0, '0000-00-00 00:00:00', 0),
(2, 5, 0, 38.3, 2, 'RTURN', 'CAR', '2016-10-19 04:52:33', 201, 0, '0000-00-00 00:00:00', 0),
(3, 5, 0, 41.3, 2, 'LTURN', 'CAR', '2016-10-19 04:52:33', 201, 0, '0000-00-00 00:00:00', 0),
(4, 5, 0, 47.3, 2, 'LTURN', 'BICYCLE', '2016-10-19 04:52:34', 201, 0, '0000-00-00 00:00:00', 0),
(5, 5, 0, 44.3, 2, 'UTURN', 'CAR', '2016-10-19 04:52:34', 201, 0, '0000-00-00 00:00:00', 0),
(6, 5, 0, 49.5, 2, 'STRAIGHT', 'CAR', '2016-10-19 04:52:34', 201, 0, '0000-00-00 00:00:00', 0),
(7, 5, 0, 55.5, 2, 'STRAIGHT', 'CAR', '2016-10-19 04:52:34', 201, 0, '0000-00-00 00:00:00', 0),
(8, 5, 0, 72, 2, 'LTURN', 'CAR', '2016-10-19 04:52:35', 201, 0, '0000-00-00 00:00:00', 0),
(9, 5, 0, 76.5, 2, 'STRAIGHT', 'CAR', '2016-10-19 04:52:36', 201, 0, '0000-00-00 00:00:00', 0),
(10, 5, 0, 80.3, 2, 'RTURN', 'CAR', '2016-10-19 04:52:36', 201, 0, '0000-00-00 00:00:00', 0),
(11, 5, 0, 84.8, 2, 'STRAIGHT', 'CAR', '2016-10-19 04:52:36', 201, 0, '0000-00-00 00:00:00', 0),
(12, 5, 0, 90.8, 2, 'UTURN', 'CAR', '2016-10-19 04:52:37', 201, 0, '0000-00-00 00:00:00', 0),
(13, 5, 0, 93.8, 2, 'PED', 'CAR', '2016-10-19 04:52:37', 201, 0, '0000-00-00 00:00:00', 0),
(14, 5, 0, 97.5, 2, 'RTURN', 'CAR', '2016-10-19 04:52:37', 201, 0, '0000-00-00 00:00:00', 0),
(15, 5, 0, 100.5, 2, 'STRAIGHT', 'CAR', '2016-10-19 04:52:37', 201, 0, '0000-00-00 00:00:00', 0),
(16, 5, 0, 103.6, 2, 'LTURN', 'CAR', '2016-10-19 04:52:37', 201, 0, '0000-00-00 00:00:00', 0),
(17, 5, 0, 106.5, 2, 'UTURN', 'CAR', '2016-10-19 04:52:38', 201, 0, '0000-00-00 00:00:00', 0),
(18, 5, 0, 109.5, 2, 'PED', 'CAR', '2016-10-19 04:52:38', 201, 0, '0000-00-00 00:00:00', 0),
(19, 5, 0, 113.3, 2, 'RTURN', 'CAR', '2016-10-19 04:52:38', 201, 0, '0000-00-00 00:00:00', 0),
(20, 5, 0, 117, 2, 'STRAIGHT', 'CAR', '2016-10-19 04:52:38', 201, 0, '0000-00-00 00:00:00', 0),
(21, 5, 0, 120, 2, 'LTURN', 'CAR', '2016-10-19 04:52:39', 201, 0, '0000-00-00 00:00:00', 0),
(22, 5, 0, 123.8, 2, 'LTURN', 'BICYCLE', '2016-10-19 04:52:39', 201, 0, '0000-00-00 00:00:00', 0),
(23, 5, 0, 129, 2, 'STRAIGHT', 'BICYCLE', '2016-10-19 04:52:39', 201, 0, '0000-00-00 00:00:00', 0),
(24, 5, 0, 135, 2, 'RTURN', 'CAR', '2016-10-19 04:52:39', 201, 0, '0000-00-00 00:00:00', 0),
(25, 5, 0, 141.8, 2, 'STRAIGHT', 'TRUCK', '2016-10-19 04:52:40', 201, 0, '0000-00-00 00:00:00', 0),
(26, 5, 0, 149.3, 2, 'RTURN', 'CAR', '2016-10-19 04:52:40', 201, 0, '0000-00-00 00:00:00', 0),
(27, 5, 0, 155.3, 2, 'STRAIGHT', 'TRUCK', '2016-10-19 04:52:41', 201, 0, '0000-00-00 00:00:00', 0),
(28, 5, 0, 164.3, 2, 'RTURN', 'TRUCK', '2016-10-19 04:52:41', 201, 0, '0000-00-00 00:00:00', 0),
(29, 5, 0, 172.5, 2, 'STRAIGHT', 'CAR', '2016-10-19 04:52:42', 201, 0, '0000-00-00 00:00:00', 0),
(30, 5, 0, 177, 2, 'LTURN', 'CAR', '2016-10-19 04:52:42', 201, 0, '0000-00-00 00:00:00', 0),
(31, 5, 0, 180.8, 2, 'UTURN', 'CAR', '2016-10-19 04:52:43', 201, 0, '0000-00-00 00:00:00', 0),
(32, 5, 0, 189, 2, 'STRAIGHT', 'CAR', '2016-10-19 04:52:43', 201, 0, '0000-00-00 00:00:00', 0),
(33, 5, 0, 193.5, 2, 'PED', 'CAR', '2016-10-19 04:52:43', 201, 0, '0000-00-00 00:00:00', 0),
(34, 5, 0, 197.3, 2, 'STRAIGHT', 'CAR', '2016-10-19 04:52:44', 201, 0, '0000-00-00 00:00:00', 0),
(35, 5, 0, 210, 2, 'STRAIGHT', 'TRUCK', '2016-10-19 04:52:44', 201, 0, '0000-00-00 00:00:00', 0),
(36, 5, 0, 219, 2, 'LTURN', 'TRUCK', '2016-10-19 04:52:45', 201, 0, '0000-00-00 00:00:00', 0),
(37, 5, 0, 247.5, 2, 'STRAIGHT', 'TRUCK', '2016-10-19 04:52:47', 201, 0, '0000-00-00 00:00:00', 0),
(38, 5, 0, 255, 2, 'LTURN', 'CAR', '2016-10-19 04:52:48', 201, 0, '0000-00-00 00:00:00', 0),
(39, 5, 0, 262.5, 2, 'UTURN', 'CAR', '2016-10-19 04:52:48', 201, 0, '0000-00-00 00:00:00', 0),
(40, 5, 0, 269.3, 2, 'PED', 'TRUCK', '2016-10-19 04:52:49', 201, 0, '0000-00-00 00:00:00', 0),
(41, 5, 0, 279.8, 2, 'RTURN', 'TRUCK', '2016-10-19 04:52:49', 201, 0, '0000-00-00 00:00:00', 0),
(42, 5, 0, 285.8, 2, 'RTURN', 'CAR', '2016-10-19 04:52:50', 201, 0, '0000-00-00 00:00:00', 0),
(43, 5, 0, 292.5, 2, 'STRAIGHT', 'TRUCK', '2016-10-19 04:52:50', 201, 0, '0000-00-00 00:00:00', 0),
(44, 5, 0, 302.3, 2, 'LTURN', 'TRUCK', '2016-10-19 04:52:51', 201, 0, '0000-00-00 00:00:00', 0),
(45, 5, 0, 311.3, 2, 'UTURN', 'TRUCK', '2016-10-19 04:52:51', 201, 0, '0000-00-00 00:00:00', 0),
(46, 5, 0, 321, 2, 'PED', 'TRUCK', '2016-10-19 04:52:52', 201, 0, '0000-00-00 00:00:00', 0),
(47, 5, 0, 330, 2, 'RTURN', 'TRUCK', '2016-10-19 04:52:52', 201, 0, '0000-00-00 00:00:00', 0),
(48, 5, 0, 339.8, 2, 'STRAIGHT', 'TRUCK', '2016-10-19 04:52:53', 201, 0, '0000-00-00 00:00:00', 0),
(49, 5, 0, 348.8, 2, 'LTURN', 'TRUCK', '2016-10-19 04:52:54', 201, 0, '0000-00-00 00:00:00', 0),
(50, 5, 0, 357.8, 2, 'UTURN', 'TRUCK', '2016-10-19 04:52:54', 201, 0, '0000-00-00 00:00:00', 0),
(51, 5, 0, 367.5, 2, 'PED', 'TRUCK', '2016-10-19 04:52:55', 201, 0, '0000-00-00 00:00:00', 0),
(52, 5, 0, 377.3, 2, 'RTURN', 'TRUCK', '2016-10-19 04:52:56', 201, 0, '0000-00-00 00:00:00', 0),
(53, 5, 0, 387, 2, 'RTURN', 'TRUCK', '2016-10-19 04:52:56', 201, 0, '0000-00-00 00:00:00', 0),
(54, 5, 0, 399, 2, 'STRAIGHT', 'TRUCK', '2016-10-19 04:52:57', 201, 0, '0000-00-00 00:00:00', 0),
(55, 5, 0, 633, 2, 'STRAIGHT', 'TRUCK', '2016-10-19 04:53:13', 201, 0, '0000-00-00 00:00:00', 0),
(56, 5, 0, 645.8, 2, 'LTURN', 'TRUCK', '2016-10-19 04:53:14', 201, 0, '0000-00-00 00:00:00', 0),
(57, 5, 0, 657.8, 2, 'PED', 'TRUCK', '2016-10-19 04:53:14', 201, 0, '0000-00-00 00:00:00', 0),
(58, 5, 0, 675, 2, 'STRAIGHT', 'TRUCK', '2016-10-19 04:53:15', 201, 0, '0000-00-00 00:00:00', 0),
(59, 5, 0, 716.3, 2, 'PED', 'TRUCK', '2016-10-19 04:53:18', 201, 0, '0000-00-00 00:00:00', 0),
(60, 5, 0, 856.5, 2, 'STRAIGHT', 'TRUCK', '2016-10-19 04:53:28', 201, 0, '0000-00-00 00:00:00', 0),
(61, 5, 0, 867.8, 2, 'LTURN', 'TRUCK', '2016-10-19 04:53:29', 201, 0, '0000-00-00 00:00:00', 0),
(62, 5, 0, 890.3, 2, 'PED', 'TRUCK', '2016-10-19 04:53:30', 201, 0, '0000-00-00 00:00:00', 0),
(63, 5, 0, 900.8, 2, 'RTURN', 'TRUCK', '2016-10-19 04:53:31', 201, 0, '0000-00-00 00:00:00', 0),
(64, 5, 0, 912, 2, 'UTURN', 'TRUCK', '2016-10-19 04:53:31', 201, 0, '0000-00-00 00:00:00', 0),
(65, 5, 0, 921.8, 2, 'LTURN', 'TRUCK', '2016-10-19 04:53:32', 201, 0, '0000-00-00 00:00:00', 0),
(66, 5, 0, 931.5, 2, 'STRAIGHT', 'TRUCK', '2016-10-19 04:53:33', 201, 0, '0000-00-00 00:00:00', 0),
(67, 5, 0, 941.3, 2, 'RTURN', 'TRUCK', '2016-10-19 04:53:33', 201, 0, '0000-00-00 00:00:00', 0),
(68, 5, 0, 950.3, 2, 'PED', 'TRUCK', '2016-10-19 04:53:34', 201, 0, '0000-00-00 00:00:00', 0),
(69, 5, 0, 961.5, 2, 'UTURN', 'CAR', '2016-10-19 04:53:35', 201, 0, '0000-00-00 00:00:00', 0),
(70, 5, 0, 966, 2, 'LTURN', 'CAR', '2016-10-19 04:53:35', 201, 0, '0000-00-00 00:00:00', 0),
(71, 5, 0, 1262.3, 2, 'PED', 'CAR', '2016-10-19 04:53:55', 201, 0, '0000-00-00 00:00:00', 0),
(72, 5, 0, 1266, 2, 'LTURN', 'CAR', '2016-10-19 04:53:55', 201, 0, '0000-00-00 00:00:00', 0),
(73, 5, 0, 1272.8, 2, 'LTURN', 'CAR', '2016-10-19 04:53:55', 201, 0, '0000-00-00 00:00:00', 0),
(74, 5, 0, 1269.8, 2, 'UTURN', 'CAR', '2016-10-19 04:53:55', 201, 0, '0000-00-00 00:00:00', 0),
(75, 5, 0, 1276.5, 2, 'STRAIGHT', 'CAR', '2016-10-19 04:53:56', 201, 0, '0000-00-00 00:00:00', 0),
(76, 5, 0, 1281.8, 2, 'RTURN', 'CAR', '2016-10-19 04:53:56', 201, 0, '0000-00-00 00:00:00', 0),
(77, 5, 0, 1284.8, 2, 'PED', 'CAR', '2016-10-19 04:53:56', 201, 0, '0000-00-00 00:00:00', 0),
(78, 5, 0, 1287.8, 2, 'STRAIGHT', 'CAR', '2016-10-19 04:53:56', 201, 0, '0000-00-00 00:00:00', 0),
(79, 5, 0, 1290.7, 2, 'LTURN', 'CAR', '2016-10-19 04:53:57', 201, 0, '0000-00-00 00:00:00', 0),
(80, 5, 0, 1299, 2, 'STRAIGHT', 'CAR', '2016-10-19 04:53:57', 201, 0, '0000-00-00 00:00:00', 0),
(81, 5, 0, 1304.3, 2, 'PED', 'CAR', '2016-10-19 04:53:57', 201, 0, '0000-00-00 00:00:00', 0),
(82, 5, 0, 1307.3, 2, 'STRAIGHT', 'CAR', '2016-10-19 04:53:58', 201, 0, '0000-00-00 00:00:00', 0),
(83, 5, 0, 1310.3, 2, 'LTURN', 'CAR', '2016-10-19 04:53:58', 201, 0, '0000-00-00 00:00:00', 0),
(84, 5, 0, 1319.3, 2, 'STRAIGHT', 'CAR', '2016-10-19 04:53:58', 201, 0, '0000-00-00 00:00:00', 0),
(85, 5, 0, 1322.3, 2, 'STRAIGHT', 'CAR', '2016-10-19 04:53:59', 201, 0, '0000-00-00 00:00:00', 0),
(86, 5, 0, 1325.3, 2, 'RTURN', 'CAR', '2016-10-19 04:53:59', 201, 0, '0000-00-00 00:00:00', 0),
(87, 5, 0, 1328.3, 2, 'PED', 'CAR', '2016-10-19 04:53:59', 201, 0, '0000-00-00 00:00:00', 0),
(88, 5, 0, 1330.5, 2, 'PED', 'CAR', '2016-10-19 04:53:59', 201, 0, '0000-00-00 00:00:00', 0),
(89, 5, 0, 1334.3, 2, 'STRAIGHT', 'CAR', '2016-10-19 04:53:59', 201, 0, '0000-00-00 00:00:00', 0),
(90, 5, 0, 1337.3, 2, 'LTURN', 'CAR', '2016-10-19 04:54:00', 201, 0, '0000-00-00 00:00:00', 0),
(91, 5, 0, 1340.3, 2, 'UTURN', 'CAR', '2016-10-19 04:54:00', 201, 0, '0000-00-00 00:00:00', 0),
(92, 5, 0, 1344, 2, 'PED', 'CAR', '2016-10-19 04:54:00', 201, 0, '0000-00-00 00:00:00', 0),
(93, 5, 0, 1350.8, 2, 'STRAIGHT', 'CAR', '2016-10-19 04:54:01', 201, 0, '0000-00-00 00:00:00', 0),
(94, 5, 0, 1353.8, 2, 'LTURN', 'CAR', '2016-10-19 04:54:01', 201, 0, '0000-00-00 00:00:00', 0),
(95, 5, 0, 1360.5, 2, 'PED', 'CAR', '2016-10-19 04:54:01', 201, 0, '0000-00-00 00:00:00', 0),
(96, 5, 0, 1362.8, 2, 'STRAIGHT', 'CAR', '2016-10-19 04:54:01', 201, 0, '0000-00-00 00:00:00', 0),
(97, 5, 0, 1368, 2, 'STRAIGHT', 'CAR', '2016-10-19 04:54:02', 201, 0, '0000-00-00 00:00:00', 0),
(98, 5, 0, 1365.8, 2, 'RTURN', 'CAR', '2016-10-19 04:54:02', 201, 0, '0000-00-00 00:00:00', 0),
(99, 5, 0, 1371, 2, 'LTURN', 'BICYCLE', '2016-10-19 04:54:02', 201, 0, '0000-00-00 00:00:00', 0),
(100, 5, 0, 1376.3, 2, 'PED', 'CAR', '2016-10-19 04:54:02', 201, 0, '0000-00-00 00:00:00', 0),
(101, 5, 0, 1379.3, 2, 'STRAIGHT', 'CAR', '2016-10-19 04:54:03', 201, 0, '0000-00-00 00:00:00', 0),
(102, 5, 0, 1397.3, 2, 'STRAIGHT', 'CAR', '2016-10-19 04:54:18', 201, 0, '0000-00-00 00:00:00', 0),
(103, 5, 0, 1397.3, 2, 'RTURN', 'CAR', '2016-10-19 04:54:18', 201, 0, '0000-00-00 00:00:00', 0),
(104, 5, 0, 1397.3, 2, 'LTURN', 'CAR', '2016-10-19 04:54:19', 201, 0, '0000-00-00 00:00:00', 0),
(105, 5, 0, 1397.3, 2, 'PED', 'CAR', '2016-10-19 04:54:19', 201, 0, '0000-00-00 00:00:00', 0),
(106, 5, 0, 2069.3, 2, 'RTURN', 'CAR', '2016-10-19 04:56:07', 201, 0, '0000-00-00 00:00:00', 0),
(107, 5, 0, 2073, 2, 'STRAIGHT', 'CAR', '2016-10-19 04:56:08', 201, 0, '0000-00-00 00:00:00', 0),
(108, 5, 0, 2075.3, 2, 'STRAIGHT', 'CAR', '2016-10-19 04:56:08', 201, 0, '0000-00-00 00:00:00', 0),
(109, 5, 0, 2081.3, 2, 'PED', 'CAR', '2016-10-19 04:56:08', 201, 0, '0000-00-00 00:00:00', 0),
(110, 5, 0, 2082.8, 2, 'PED', 'CAR', '2016-10-19 04:56:08', 201, 0, '0000-00-00 00:00:00', 0),
(111, 5, 0, 2088.8, 2, 'STRAIGHT', 'CAR', '2016-10-19 04:56:08', 201, 0, '0000-00-00 00:00:00', 0),
(112, 5, 0, 2097, 2, 'LTURN', 'CAR', '2016-10-19 04:56:09', 201, 0, '0000-00-00 00:00:00', 0),
(113, 5, 0, 2104.5, 2, 'STRAIGHT', 'CAR', '2016-10-19 04:56:09', 201, 0, '0000-00-00 00:00:00', 0),
(114, 5, 0, 2108.3, 2, 'RTURN', 'CAR', '2016-10-19 04:56:10', 201, 0, '0000-00-00 00:00:00', 0),
(115, 5, 0, 2115.8, 2, 'UTURN', 'CAR', '2016-10-19 04:56:10', 201, 0, '0000-00-00 00:00:00', 0),
(116, 5, 0, 2118, 2, 'UTURN', 'CAR', '2016-10-19 04:56:10', 201, 0, '0000-00-00 00:00:00', 0),
(117, 5, 0, 2120.3, 2, 'UTURN', 'CAR', '2016-10-19 04:56:10', 201, 0, '0000-00-00 00:00:00', 0),
(118, 5, 0, 2123.3, 2, 'LTURN', 'CAR', '2016-10-19 04:56:11', 201, 0, '0000-00-00 00:00:00', 0),
(119, 5, 0, 2124.9, 2, 'LTURN', 'CAR', '2016-10-19 04:56:11', 201, 0, '0000-00-00 00:00:00', 0),
(120, 5, 0, 2127, 2, 'STRAIGHT', 'CAR', '2016-10-19 04:56:11', 201, 0, '0000-00-00 00:00:00', 0),
(121, 5, 0, 2136.8, 2, 'STRAIGHT', 'CAR', '2016-10-19 04:56:12', 201, 0, '0000-00-00 00:00:00', 0),
(122, 5, 0, 2139.1, 2, 'STRAIGHT', 'CAR', '2016-10-19 04:56:12', 201, 0, '0000-00-00 00:00:00', 0),
(123, 5, 0, 2142.8, 2, 'STRAIGHT', 'CAR', '2016-10-19 04:56:12', 201, 0, '0000-00-00 00:00:00', 0),
(124, 5, 0, 2144.3, 2, 'STRAIGHT', 'CAR', '2016-10-19 04:56:12', 201, 0, '0000-00-00 00:00:00', 0),
(125, 5, 0, 2147.3, 2, 'STRAIGHT', 'BICYCLE', '2016-10-19 04:56:12', 201, 0, '0000-00-00 00:00:00', 0),
(126, 5, 0, 2184, 2, 'STRAIGHT', 'BICYCLE', '2016-10-19 04:56:15', 201, 0, '0000-00-00 00:00:00', 0),
(127, 5, 0, 2187, 2, 'STRAIGHT', 'BICYCLE', '2016-10-19 04:56:15', 201, 0, '0000-00-00 00:00:00', 0),
(128, 5, 0, 2220, 1, 'STRAIGHT', 'CAR', '2016-10-19 04:56:56', 201, 0, '0000-00-00 00:00:00', 0),
(129, 5, 0, 2222.3, 1, 'PED', 'CAR', '2016-10-19 04:56:56', 201, 0, '0000-00-00 00:00:00', 0),
(130, 5, 0, 2222.3, 1, 'STRAIGHT', 'CAR', '2016-10-19 04:56:56', 201, 0, '0000-00-00 00:00:00', 0),
(131, 5, 0, 2223, 1, 'STRAIGHT', 'CAR', '2016-10-19 04:56:56', 201, 0, '0000-00-00 00:00:00', 0),
(132, 5, 0, 2223, 1, 'PED', 'CAR', '2016-10-19 04:56:56', 201, 0, '0000-00-00 00:00:00', 0),
(133, 5, 0, 2223.8, 1, 'PED', 'CAR', '2016-10-19 04:56:57', 201, 0, '0000-00-00 00:00:00', 0),
(134, 5, 0, 2231.3, 1, 'STRAIGHT', 'CAR', '2016-10-19 04:56:57', 201, 0, '0000-00-00 00:00:00', 0),
(135, 5, 0, 2233.5, 1, 'RTURN', 'CAR', '2016-10-19 04:56:58', 201, 0, '0000-00-00 00:00:00', 0),
(136, 5, 0, 2235, 1, 'PED', 'CAR', '2016-10-19 04:56:58', 201, 0, '0000-00-00 00:00:00', 0),
(137, 5, 0, 2239.5, 1, 'STRAIGHT', 'CAR', '2016-10-19 04:56:58', 201, 0, '0000-00-00 00:00:00', 0),
(138, 5, 0, 2242.5, 1, 'STRAIGHT', 'CAR', '2016-10-19 04:56:59', 201, 0, '0000-00-00 00:00:00', 0),
(139, 5, 0, 2243.3, 1, 'STRAIGHT', 'CAR', '2016-10-19 04:56:59', 201, 0, '0000-00-00 00:00:00', 0),
(140, 5, 0, 2244.8, 1, 'STRAIGHT', 'CAR', '2016-10-19 04:56:59', 201, 0, '0000-00-00 00:00:00', 0),
(141, 5, 0, 2268, 1, 'STRAIGHT', 'CAR', '2016-10-19 04:57:02', 201, 0, '0000-00-00 00:00:00', 0),
(142, 5, 0, 2269.5, 1, 'STRAIGHT', 'CAR', '2016-10-19 04:57:02', 201, 0, '0000-00-00 00:00:00', 0),
(143, 5, 0, 2270.3, 1, 'STRAIGHT', 'CAR', '2016-10-19 04:57:03', 201, 0, '0000-00-00 00:00:00', 0),
(144, 5, 0, 2298.8, 1, 'STRAIGHT', 'CAR', '2016-10-19 04:57:06', 201, 0, '0000-00-00 00:00:00', 0),
(145, 5, 0, 2300.3, 1, 'RTURN', 'CAR', '2016-10-19 04:57:07', 201, 0, '0000-00-00 00:00:00', 0),
(146, 5, 0, 2302.5, 1, 'STRAIGHT', 'CAR', '2016-10-19 04:57:07', 201, 0, '0000-00-00 00:00:00', 0),
(147, 5, 0, 2311.5, 1, 'STRAIGHT', 'BICYCLE', '2016-10-19 04:57:08', 201, 0, '0000-00-00 00:00:00', 0),
(148, 5, 0, 2314.5, 1, 'STRAIGHT', 'CAR', '2016-10-19 04:57:08', 201, 0, '0000-00-00 00:00:00', 0),
(149, 5, 0, 2317.5, 1, 'STRAIGHT', 'TRUCK', '2016-10-19 04:57:09', 201, 0, '0000-00-00 00:00:00', 0),
(150, 5, 0, 2343, 1, 'STRAIGHT', 'CAR', '2016-10-19 04:57:12', 201, 0, '0000-00-00 00:00:00', 0),
(151, 5, 0, 2344.5, 1, 'STRAIGHT', 'CAR', '2016-10-19 04:57:12', 201, 0, '0000-00-00 00:00:00', 0),
(152, 5, 0, 2363.3, 1, 'STRAIGHT', 'CAR', '2016-10-19 04:57:15', 201, 0, '0000-00-00 00:00:00', 0),
(153, 5, 0, 2364, 1, 'STRAIGHT', 'CAR', '2016-10-19 04:57:15', 201, 0, '0000-00-00 00:00:00', 0),
(154, 5, 0, 2366.3, 1, 'STRAIGHT', 'CAR', '2016-10-19 04:57:15', 201, 0, '0000-00-00 00:00:00', 0),
(155, 5, 0, 2367, 1, 'STRAIGHT', 'CAR', '2016-10-19 04:57:15', 201, 0, '0000-00-00 00:00:00', 0),
(156, 5, 0, 2364.8, 1, 'STRAIGHT', 'CAR', '2016-10-19 04:57:15', 201, 0, '0000-00-00 00:00:00', 0),
(157, 5, 0, 2368.5, 1, 'STRAIGHT', 'CAR', '2016-10-19 04:57:16', 201, 0, '0000-00-00 00:00:00', 0),
(158, 5, 0, 2370.8, 1, 'STRAIGHT', 'TRUCK', '2016-10-19 04:57:16', 201, 0, '0000-00-00 00:00:00', 0),
(159, 5, 0, 2377.5, 1, 'STRAIGHT', 'CAR', '2016-10-19 04:57:17', 201, 0, '0000-00-00 00:00:00', 0),
(160, 5, 0, 2379, 1, 'STRAIGHT', 'CAR', '2016-10-19 04:57:17', 201, 0, '0000-00-00 00:00:00', 0),
(161, 5, 0, 2380.5, 1, 'STRAIGHT', 'CAR', '2016-10-19 04:57:17', 201, 0, '0000-00-00 00:00:00', 0),
(162, 5, 0, 2381.3, 1, 'STRAIGHT', 'CAR', '2016-10-19 04:57:17', 201, 0, '0000-00-00 00:00:00', 0),
(163, 5, 0, 2382.8, 1, 'STRAIGHT', 'CAR', '2016-10-19 04:57:18', 201, 0, '0000-00-00 00:00:00', 0),
(164, 5, 0, 2387.3, 1, 'RTURN', 'CAR', '2016-10-19 04:57:18', 201, 0, '0000-00-00 00:00:00', 0),
(165, 5, 0, 2388.8, 1, 'RTURN', 'CAR', '2016-10-19 04:57:18', 201, 0, '0000-00-00 00:00:00', 0),
(166, 5, 0, 2390.3, 1, 'STRAIGHT', 'CAR', '2016-10-19 04:57:19', 201, 0, '0000-00-00 00:00:00', 0),
(167, 5, 0, 2394, 1, 'STRAIGHT', 'CAR', '2016-10-19 04:57:19', 201, 0, '0000-00-00 00:00:00', 0),
(168, 5, 0, 2397, 1, 'LTURN', 'CAR', '2016-10-19 04:57:19', 201, 0, '0000-00-00 00:00:00', 0),
(169, 5, 0, 2399.3, 1, 'STRAIGHT', 'TRUCK', '2016-10-19 04:57:20', 201, 0, '0000-00-00 00:00:00', 0),
(170, 5, 0, 2402.3, 1, 'STRAIGHT', 'CAR', '2016-10-19 04:57:20', 201, 0, '0000-00-00 00:00:00', 0),
(171, 5, 0, 2403.8, 1, 'STRAIGHT', 'CAR', '2016-10-19 04:57:20', 201, 0, '0000-00-00 00:00:00', 0),
(172, 5, 0, 2405.3, 1, 'PED', 'CAR', '2016-10-19 04:57:21', 201, 0, '0000-00-00 00:00:00', 0),
(173, 5, 0, 2406, 1, 'STRAIGHT', 'CAR', '2016-10-19 04:57:21', 201, 0, '0000-00-00 00:00:00', 0),
(174, 5, 0, 2407.5, 1, 'STRAIGHT', 'CAR', '2016-10-19 04:57:21', 201, 0, '0000-00-00 00:00:00', 0),
(175, 5, 0, 2409, 1, 'STRAIGHT', 'CAR', '2016-10-19 04:57:21', 201, 0, '0000-00-00 00:00:00', 0),
(176, 5, 0, 2410.5, 1, 'STRAIGHT', 'CAR', '2016-10-19 04:57:21', 201, 0, '0000-00-00 00:00:00', 0),
(177, 5, 0, 2411.3, 1, 'STRAIGHT', 'BICYCLE', '2016-10-19 04:57:21', 201, 0, '0000-00-00 00:00:00', 0),
(178, 5, 0, 2412, 1, 'STRAIGHT', 'CAR', '2016-10-19 04:57:21', 201, 0, '0000-00-00 00:00:00', 0),
(179, 5, 0, 2413.5, 1, 'STRAIGHT', 'BICYCLE', '2016-10-19 04:57:22', 201, 0, '0000-00-00 00:00:00', 0),
(180, 5, 0, 2414.3, 1, 'STRAIGHT', 'CAR', '2016-10-19 04:57:22', 201, 0, '0000-00-00 00:00:00', 0),
(181, 5, 0, 2412.8, 1, 'PED', 'CAR', '2016-10-19 04:57:22', 201, 0, '0000-00-00 00:00:00', 0),
(182, 5, 0, 2415, 1, 'STRAIGHT', 'CAR', '2016-10-19 04:57:22', 201, 0, '0000-00-00 00:00:00', 0),
(183, 5, 0, 2416.5, 1, 'STRAIGHT', 'CAR', '2016-10-19 04:57:22', 201, 0, '0000-00-00 00:00:00', 0),
(184, 5, 0, 2417.3, 1, 'STRAIGHT', 'CAR', '2016-10-19 04:57:22', 201, 0, '0000-00-00 00:00:00', 0),
(185, 5, 0, 2418.8, 1, 'STRAIGHT', 'CAR', '2016-10-19 04:57:22', 201, 0, '0000-00-00 00:00:00', 0),
(186, 5, 0, 2448.8, 1, 'STRAIGHT', 'CAR', '2016-10-19 04:57:26', 201, 0, '0000-00-00 00:00:00', 0),
(187, 5, 0, 2448.8, 1, 'RTURN', 'CAR', '2016-10-19 04:57:26', 201, 0, '0000-00-00 00:00:00', 0),
(188, 5, 0, 2450.3, 1, 'RTURN', 'CAR', '2016-10-19 04:57:27', 201, 0, '0000-00-00 00:00:00', 0),
(189, 5, 0, 2451.8, 1, 'STRAIGHT', 'CAR', '2016-10-19 04:57:27', 201, 0, '0000-00-00 00:00:00', 0),
(190, 5, 0, 2455.5, 1, 'STRAIGHT', 'CAR', '2016-10-19 04:57:27', 201, 0, '0000-00-00 00:00:00', 0),
(191, 5, 0, 2589, 1, 'STRAIGHT', 'BICYCLE', '2016-10-19 04:57:45', 201, 0, '0000-00-00 00:00:00', 0),
(192, 5, 0, 2594.3, 1, 'LTURN', 'BICYCLE', '2016-10-19 04:57:46', 201, 0, '0000-00-00 00:00:00', 0),
(193, 5, 0, 2592.8, 1, 'STRAIGHT', 'CAR', '2016-10-19 04:57:46', 201, 0, '0000-00-00 00:00:00', 0),
(194, 5, 0, 2599.5, 1, 'RTURN', 'BICYCLE', '2016-10-19 04:57:46', 201, 0, '0000-00-00 00:00:00', 0),
(195, 5, 0, 2603.3, 1, 'STRAIGHT', 'CAR', '2016-10-19 04:57:47', 201, 0, '0000-00-00 00:00:00', 0),
(196, 5, 0, 2604.8, 1, 'LTURN', 'CAR', '2016-10-19 04:57:47', 201, 0, '0000-00-00 00:00:00', 0),
(197, 5, 0, 2606.3, 1, 'STRAIGHT', 'CAR', '2016-10-19 04:57:47', 201, 0, '0000-00-00 00:00:00', 0),
(198, 5, 0, 2608.5, 1, 'STRAIGHT', 'CAR', '2016-10-19 04:57:48', 201, 0, '0000-00-00 00:00:00', 0),
(199, 5, 0, 2610, 1, 'RTURN', 'CAR', '2016-10-19 04:57:48', 201, 0, '0000-00-00 00:00:00', 0),
(200, 5, 0, 2611.5, 1, 'STRAIGHT', 'CAR', '2016-10-19 04:57:48', 201, 0, '0000-00-00 00:00:00', 0),
(201, 5, 0, 2613, 1, 'LTURN', 'CAR', '2016-10-19 04:57:48', 201, 0, '0000-00-00 00:00:00', 0),
(202, 5, 0, 2614.5, 1, 'STRAIGHT', 'CAR', '2016-10-19 04:57:48', 201, 0, '0000-00-00 00:00:00', 0),
(203, 5, 0, 2616, 1, 'RTURN', 'CAR', '2016-10-19 04:57:49', 201, 0, '0000-00-00 00:00:00', 0),
(204, 5, 0, 2617.5, 1, 'STRAIGHT', 'CAR', '2016-10-19 04:57:49', 201, 0, '0000-00-00 00:00:00', 0),
(205, 5, 0, 2619.8, 1, 'LTURN', 'CAR', '2016-10-19 04:57:49', 201, 0, '0000-00-00 00:00:00', 0),
(206, 5, 0, 2620.5, 1, 'STRAIGHT', 'CAR', '2016-10-19 04:57:49', 201, 0, '0000-00-00 00:00:00', 0),
(207, 5, 0, 2622, 1, 'RTURN', 'CAR', '2016-10-19 04:57:49', 201, 0, '0000-00-00 00:00:00', 0),
(208, 5, 0, 2623.5, 1, 'STRAIGHT', 'CAR', '2016-10-19 04:57:50', 201, 0, '0000-00-00 00:00:00', 0),
(209, 5, 0, 2629.5, 1, 'STRAIGHT', 'CAR', '2016-10-19 04:57:50', 201, 0, '0000-00-00 00:00:00', 0),
(210, 5, 0, 2633.3, 1, 'STRAIGHT', 'CAR', '2016-10-19 04:57:51', 201, 0, '0000-00-00 00:00:00', 0),
(211, 5, 0, 2635.5, 1, 'STRAIGHT', 'CAR', '2016-10-19 04:57:51', 201, 0, '0000-00-00 00:00:00', 0),
(212, 5, 0, 2637, 1, 'STRAIGHT', 'CAR', '2016-10-19 04:57:51', 201, 0, '0000-00-00 00:00:00', 0),
(213, 5, 0, 2643, 1, 'STRAIGHT', 'CAR', '2016-10-19 04:57:52', 201, 0, '0000-00-00 00:00:00', 0),
(214, 5, 0, 2644.5, 1, 'LTURN', 'CAR', '2016-10-19 04:57:52', 201, 0, '0000-00-00 00:00:00', 0),
(215, 5, 0, 2646, 1, 'STRAIGHT', 'CAR', '2016-10-19 04:57:53', 201, 0, '0000-00-00 00:00:00', 0),
(216, 5, 0, 2647.5, 1, 'LTURN', 'CAR', '2016-10-19 04:57:53', 201, 0, '0000-00-00 00:00:00', 0),
(217, 5, 0, 2648.3, 1, 'STRAIGHT', 'CAR', '2016-10-19 04:57:53', 201, 0, '0000-00-00 00:00:00', 0),
(218, 5, 0, 2760, 1, 'STRAIGHT', 'CAR', '2016-10-19 04:58:08', 201, 0, '0000-00-00 00:00:00', 0),
(219, 5, 0, 2762.3, 1, 'RTURN', 'CAR', '2016-10-19 04:58:08', 201, 0, '0000-00-00 00:00:00', 0),
(220, 5, 0, 2765.3, 1, 'RTURN', 'CAR', '2016-10-19 04:58:09', 201, 0, '0000-00-00 00:00:00', 0),
(221, 5, 0, 2763.8, 1, 'STRAIGHT', 'CAR', '2016-10-19 04:58:09', 201, 0, '0000-00-00 00:00:00', 0),
(222, 5, 0, 2767.5, 1, 'RTURN', 'CAR', '2016-10-19 04:58:09', 201, 0, '0000-00-00 00:00:00', 0),
(223, 5, 0, 2769, 1, 'STRAIGHT', 'BICYCLE', '2016-10-19 04:58:09', 201, 0, '0000-00-00 00:00:00', 0),
(224, 5, 0, 2770.5, 1, 'RTURN', 'BICYCLE', '2016-10-19 04:58:09', 201, 0, '0000-00-00 00:00:00', 0),
(225, 5, 0, 2772, 1, 'STRAIGHT', 'BICYCLE', '2016-10-19 04:58:09', 201, 0, '0000-00-00 00:00:00', 0),
(226, 5, 0, 2772.8, 1, 'RTURN', 'CAR', '2016-10-19 04:58:10', 201, 0, '0000-00-00 00:00:00', 0),
(227, 5, 0, 2844.8, 1, 'STRAIGHT', 'BICYCLE', '2016-10-19 04:58:20', 201, 0, '0000-00-00 00:00:00', 0),
(228, 5, 0, 2844.8, 1, 'RTURN', 'BICYCLE', '2016-10-19 04:58:20', 201, 0, '0000-00-00 00:00:00', 0),
(229, 5, 0, 2849.3, 1, 'RTURN', 'BICYCLE', '2016-10-19 04:58:20', 201, 0, '0000-00-00 00:00:00', 0),
(230, 5, 0, 2851.5, 1, 'STRAIGHT', 'BICYCLE', '2016-10-19 04:58:20', 201, 0, '0000-00-00 00:00:00', 0),
(231, 5, 0, 2853.8, 1, 'STRAIGHT', 'BICYCLE', '2016-10-19 04:58:20', 201, 0, '0000-00-00 00:00:00', 0),
(232, 5, 0, 2855.3, 1, 'STRAIGHT', 'BICYCLE', '2016-10-19 04:58:21', 201, 0, '0000-00-00 00:00:00', 0),
(233, 5, 0, 2859, 1, 'STRAIGHT', 'BICYCLE', '2016-10-19 04:58:21', 201, 0, '0000-00-00 00:00:00', 0),
(234, 5, 0, 2859, 1, 'RTURN', 'BICYCLE', '2016-10-19 04:58:21', 201, 0, '0000-00-00 00:00:00', 0),
(235, 5, 0, 2864.3, 1, 'STRAIGHT', 'CAR', '2016-10-19 04:58:22', 201, 0, '0000-00-00 00:00:00', 0),
(236, 5, 0, 2871, 1, 'STRAIGHT', 'CAR', '2016-10-19 04:58:23', 201, 0, '0000-00-00 00:00:00', 0),
(237, 5, 0, 2875.5, 1, 'RTURN', 'CAR', '2016-10-19 04:58:23', 201, 0, '0000-00-00 00:00:00', 0),
(238, 5, 0, 2877, 1, 'STRAIGHT', 'CAR', '2016-10-19 04:58:24', 201, 0, '0000-00-00 00:00:00', 0),
(239, 5, 0, 2878.5, 1, 'RTURN', 'CAR', '2016-10-19 04:58:24', 201, 0, '0000-00-00 00:00:00', 0),
(240, 5, 0, 2881.5, 1, 'STRAIGHT', 'CAR', '2016-10-19 04:58:24', 201, 0, '0000-00-00 00:00:00', 0),
(241, 5, 0, 2883, 1, 'PED', 'CAR', '2016-10-19 04:58:24', 201, 0, '0000-00-00 00:00:00', 0),
(242, 5, 0, 2884.5, 1, 'STRAIGHT', 'CAR', '2016-10-19 04:58:24', 201, 0, '0000-00-00 00:00:00', 0),
(243, 5, 0, 2886.8, 1, 'PED', 'BICYCLE', '2016-10-19 04:58:25', 201, 0, '0000-00-00 00:00:00', 0),
(244, 5, 0, 2889.8, 1, 'STRAIGHT', 'CAR', '2016-10-19 04:58:25', 201, 0, '0000-00-00 00:00:00', 0),
(245, 5, 0, 2891.3, 1, 'PED', 'CAR', '2016-10-19 04:58:25', 201, 0, '0000-00-00 00:00:00', 0),
(246, 5, 0, 2894.3, 1, 'STRAIGHT', 'CAR', '2016-10-19 04:58:26', 201, 0, '0000-00-00 00:00:00', 0),
(247, 5, 0, 2897.3, 1, 'UTURN', 'TRUCK', '2016-10-19 04:58:26', 201, 0, '0000-00-00 00:00:00', 0),
(248, 5, 0, 2900.3, 1, 'LTURN', 'CAR', '2016-10-19 04:58:27', 201, 0, '0000-00-00 00:00:00', 0),
(249, 5, 0, 2902.5, 1, 'STRAIGHT', 'TRUCK', '2016-10-19 04:58:27', 201, 0, '0000-00-00 00:00:00', 0),
(250, 5, 0, 2904.8, 1, 'RTURN', 'TRUCK', '2016-10-19 04:58:27', 201, 0, '0000-00-00 00:00:00', 0),
(251, 5, 0, 2907, 1, 'STRAIGHT', 'CAR', '2016-10-19 04:58:27', 201, 0, '0000-00-00 00:00:00', 0),
(252, 5, 0, 2909.3, 1, 'LTURN', 'CAR', '2016-10-19 04:58:28', 201, 0, '0000-00-00 00:00:00', 0),
(253, 5, 0, 2911.5, 1, 'STRAIGHT', 'CAR', '2016-10-19 04:58:28', 201, 0, '0000-00-00 00:00:00', 0),
(254, 5, 0, 2913, 1, 'RTURN', 'CAR', '2016-10-19 04:58:28', 201, 0, '0000-00-00 00:00:00', 0),
(255, 5, 0, 2916, 1, 'STRAIGHT', 'TRUCK', '2016-10-19 04:58:29', 201, 0, '0000-00-00 00:00:00', 0),
(256, 5, 0, 2923.5, 1, 'RTURN', 'TRUCK', '2016-10-19 04:58:30', 201, 0, '0000-00-00 00:00:00', 0),
(257, 5, 0, 2927.3, 1, 'STRAIGHT', 'BICYCLE', '2016-10-19 04:58:30', 201, 0, '0000-00-00 00:00:00', 0),
(258, 5, 0, 2929.5, 1, 'RTURN', 'CAR', '2016-10-19 04:58:30', 201, 0, '0000-00-00 00:00:00', 0),
(259, 5, 0, 2931.8, 1, 'STRAIGHT', 'CAR', '2016-10-19 04:58:31', 201, 0, '0000-00-00 00:00:00', 0),
(260, 5, 0, 2934, 1, 'RTURN', 'CAR', '2016-10-19 04:58:31', 201, 0, '0000-00-00 00:00:00', 0),
(261, 5, 0, 2935.5, 1, 'STRAIGHT', 'CAR', '2016-10-19 04:58:31', 201, 0, '0000-00-00 00:00:00', 0),
(262, 5, 0, 2937.8, 1, 'RTURN', 'TRUCK', '2016-10-19 04:58:32', 201, 0, '0000-00-00 00:00:00', 0),
(263, 5, 0, 2942.3, 1, 'RTURN', 'CAR', '2016-10-19 04:58:32', 201, 0, '0000-00-00 00:00:00', 0),
(264, 5, 0, 2944.5, 1, 'STRAIGHT', 'CAR', '2016-10-19 04:58:33', 201, 0, '0000-00-00 00:00:00', 0),
(265, 5, 0, 2947.5, 1, 'STRAIGHT', 'CAR', '2016-10-19 04:58:33', 201, 0, '0000-00-00 00:00:00', 0),
(266, 5, 0, 2949, 1, 'RTURN', 'CAR', '2016-10-19 04:58:33', 201, 0, '0000-00-00 00:00:00', 0),
(267, 5, 0, 2952, 1, 'RTURN', 'CAR', '2016-10-19 04:58:34', 201, 0, '0000-00-00 00:00:00', 0),
(268, 5, 0, 2956.5, 1, 'STRAIGHT', 'CAR', '2016-10-19 04:58:34', 201, 0, '0000-00-00 00:00:00', 0),
(269, 5, 0, 2946, 1, 'RTURN', 'CAR', '2016-10-19 04:58:34', 201, 0, '0000-00-00 00:00:00', 0),
(270, 5, 0, 3018.1, 1, 'STRAIGHT', 'CAR', '2016-10-19 04:58:43', 201, 0, '0000-00-00 00:00:00', 0),
(271, 5, 0, 3017.3, 1, 'STRAIGHT', 'CAR', '2016-10-19 04:58:43', 201, 0, '0000-00-00 00:00:00', 0),
(272, 5, 0, 3018.8, 1, 'STRAIGHT', 'CAR', '2016-10-19 04:58:43', 201, 0, '0000-00-00 00:00:00', 0),
(273, 5, 0, 3019.5, 1, 'RTURN', 'CAR', '2016-10-19 04:58:43', 201, 0, '0000-00-00 00:00:00', 0),
(274, 5, 0, 3021, 1, 'STRAIGHT', 'CAR', '2016-10-19 04:58:43', 201, 0, '0000-00-00 00:00:00', 0),
(275, 5, 0, 3020.3, 1, 'RTURN', 'CAR', '2016-10-19 04:58:43', 201, 0, '0000-00-00 00:00:00', 0),
(276, 5, 0, 3021, 1, 'RTURN', 'CAR', '2016-10-19 04:58:43', 201, 0, '0000-00-00 00:00:00', 0),
(277, 5, 0, 3177, 1, 'STRAIGHT', 'CAR', '2016-10-19 04:59:22', 201, 0, '0000-00-00 00:00:00', 0),
(278, 5, 0, 3179.3, 1, 'STRAIGHT', 'CAR', '2016-10-19 04:59:23', 201, 0, '0000-00-00 00:00:00', 0),
(279, 5, 0, 3183, 1, 'STRAIGHT', 'CAR', '2016-10-19 04:59:23', 201, 0, '0000-00-00 00:00:00', 0),
(280, 5, 0, 3186, 1, 'LTURN', 'CAR', '2016-10-19 04:59:23', 201, 0, '0000-00-00 00:00:00', 0),
(281, 5, 0, 3183.8, 1, 'LTURN', 'CAR', '2016-10-19 04:59:23', 201, 0, '0000-00-00 00:00:00', 0),
(282, 5, 0, 3187.5, 1, 'LTURN', 'CAR', '2016-10-19 04:59:24', 201, 0, '0000-00-00 00:00:00', 0),
(283, 5, 0, 3189, 1, 'STRAIGHT', 'CAR', '2016-10-19 04:59:24', 201, 0, '0000-00-00 00:00:00', 0),
(284, 5, 0, 3193.5, 1, 'LTURN', 'CAR', '2016-10-19 04:59:24', 201, 0, '0000-00-00 00:00:00', 0),
(285, 5, 0, 3195, 1, 'LTURN', 'CAR', '2016-10-19 04:59:25', 201, 0, '0000-00-00 00:00:00', 0),
(286, 5, 0, 3196.5, 1, 'LTURN', 'CAR', '2016-10-19 04:59:25', 201, 0, '0000-00-00 00:00:00', 0),
(287, 5, 0, 3191.3, 1, 'STRAIGHT', 'CAR', '2016-10-19 04:59:25', 201, 0, '0000-00-00 00:00:00', 0),
(288, 5, 0, 3187.5, 1, 'STRAIGHT', 'CAR', '2016-10-19 04:59:25', 201, 0, '0000-00-00 00:00:00', 0),
(289, 5, 0, 3198, 1, 'LTURN', 'BICYCLE', '2016-10-19 04:59:25', 201, 0, '0000-00-00 00:00:00', 0),
(290, 5, 0, 3198, 1, 'STRAIGHT', 'CAR', '2016-10-19 04:59:25', 201, 0, '0000-00-00 00:00:00', 0),
(291, 5, 0, 3198.8, 1, 'LTURN', 'CAR', '2016-10-19 04:59:25', 201, 0, '0000-00-00 00:00:00', 0),
(292, 5, 0, 3198.8, 1, 'STRAIGHT', 'CAR', '2016-10-19 04:59:25', 201, 0, '0000-00-00 00:00:00', 0),
(293, 5, 0, 3204, 1, 'STRAIGHT', 'CAR', '2016-10-19 04:59:26', 201, 0, '0000-00-00 00:00:00', 0),
(294, 5, 0, 3205.5, 1, 'STRAIGHT', 'CAR', '2016-10-19 04:59:26', 201, 0, '0000-00-00 00:00:00', 0),
(295, 5, 0, 3207, 1, 'STRAIGHT', 'CAR', '2016-10-19 04:59:26', 201, 0, '0000-00-00 00:00:00', 0),
(296, 5, 0, 3207.8, 1, 'LTURN', 'CAR', '2016-10-19 04:59:26', 201, 0, '0000-00-00 00:00:00', 0),
(297, 5, 0, 3208.5, 1, 'STRAIGHT', 'CAR', '2016-10-19 04:59:26', 201, 0, '0000-00-00 00:00:00', 0),
(298, 5, 0, 3209.3, 1, 'STRAIGHT', 'CAR', '2016-10-19 04:59:26', 201, 0, '0000-00-00 00:00:00', 0),
(299, 5, 0, 3212.3, 1, 'STRAIGHT', 'CAR', '2016-10-19 04:59:27', 201, 0, '0000-00-00 00:00:00', 0),
(300, 5, 0, 3213.8, 1, 'STRAIGHT', 'CAR', '2016-10-19 04:59:27', 201, 0, '0000-00-00 00:00:00', 0),
(301, 5, 0, 3216, 1, 'STRAIGHT', 'CAR', '2016-10-19 04:59:27', 201, 0, '0000-00-00 00:00:00', 0),
(302, 5, 0, 3217.5, 1, 'STRAIGHT', 'CAR', '2016-10-19 04:59:27', 201, 0, '0000-00-00 00:00:00', 0),
(303, 5, 0, 3221.3, 1, 'STRAIGHT', 'CAR', '2016-10-19 04:59:28', 201, 0, '0000-00-00 00:00:00', 0),
(304, 5, 0, 3222.8, 1, 'STRAIGHT', 'CAR', '2016-10-19 04:59:28', 201, 0, '0000-00-00 00:00:00', 0),
(305, 5, 0, 3224.3, 1, 'STRAIGHT', 'CAR', '2016-10-19 04:59:28', 201, 0, '0000-00-00 00:00:00', 0),
(306, 5, 0, 3226.5, 1, 'RTURN', 'CAR', '2016-10-19 04:59:29', 201, 0, '0000-00-00 00:00:00', 0),
(307, 5, 0, 3230.3, 1, 'PED', 'CAR', '2016-10-19 04:59:29', 201, 0, '0000-00-00 00:00:00', 0),
(308, 5, 0, 3234.8, 1, 'STRAIGHT', 'CAR', '2016-10-19 04:59:30', 201, 0, '0000-00-00 00:00:00', 0),
(309, 5, 0, 3236.3, 1, 'PED', 'CAR', '2016-10-19 04:59:30', 201, 0, '0000-00-00 00:00:00', 0),
(310, 5, 0, 3237.8, 1, 'STRAIGHT', 'CAR', '2016-10-19 04:59:30', 201, 0, '0000-00-00 00:00:00', 0),
(311, 5, 0, 3240, 1, 'PED', 'CAR', '2016-10-19 04:59:31', 201, 0, '0000-00-00 00:00:00', 0),
(312, 5, 0, 3241.5, 1, 'STRAIGHT', 'CAR', '2016-10-19 04:59:31', 201, 0, '0000-00-00 00:00:00', 0),
(313, 5, 0, 3243, 1, 'PED', 'CAR', '2016-10-19 04:59:31', 201, 0, '0000-00-00 00:00:00', 0),
(314, 5, 0, 3244.5, 1, 'STRAIGHT', 'CAR', '2016-10-19 04:59:31', 201, 0, '0000-00-00 00:00:00', 0),
(315, 5, 0, 3246.8, 1, 'PED', 'CAR', '2016-10-19 04:59:31', 201, 0, '0000-00-00 00:00:00', 0),
(316, 5, 0, 3247.5, 1, 'STRAIGHT', 'CAR', '2016-10-19 04:59:32', 201, 0, '0000-00-00 00:00:00', 0),
(317, 5, 0, 3249.8, 1, 'PED', 'CAR', '2016-10-19 04:59:32', 201, 0, '0000-00-00 00:00:00', 0),
(318, 5, 0, 3251.3, 1, 'STRAIGHT', 'CAR', '2016-10-19 04:59:32', 201, 0, '0000-00-00 00:00:00', 0),
(319, 5, 0, 3252.8, 1, 'PED', 'CAR', '2016-10-19 04:59:32', 201, 0, '0000-00-00 00:00:00', 0),
(320, 5, 0, 3253.5, 1, 'STRAIGHT', 'CAR', '2016-10-19 04:59:32', 201, 0, '0000-00-00 00:00:00', 0),
(321, 5, 0, 3255, 1, 'PED', 'CAR', '2016-10-19 04:59:33', 201, 0, '0000-00-00 00:00:00', 0),
(322, 5, 0, 3258, 1, 'PED', 'CAR', '2016-10-19 04:59:33', 201, 0, '0000-00-00 00:00:00', 0),
(323, 5, 0, 3256.5, 1, 'STRAIGHT', 'CAR', '2016-10-19 04:59:33', 201, 0, '0000-00-00 00:00:00', 0),
(324, 5, 0, 3258.8, 1, 'STRAIGHT', 'CAR', '2016-10-19 04:59:33', 201, 0, '0000-00-00 00:00:00', 0),
(325, 5, 0, 3261, 1, 'STRAIGHT', 'CAR', '2016-10-19 04:59:33', 201, 0, '0000-00-00 00:00:00', 0),
(326, 5, 0, 3262.5, 1, 'PED', 'CAR', '2016-10-19 04:59:33', 201, 0, '0000-00-00 00:00:00', 0),
(327, 5, 0, 3260.3, 1, 'PED', 'CAR', '2016-10-19 04:59:34', 201, 0, '0000-00-00 00:00:00', 0),
(328, 5, 0, 3263.3, 1, 'STRAIGHT', 'CAR', '2016-10-19 04:59:34', 201, 0, '0000-00-00 00:00:00', 0),
(329, 5, 0, 3264.8, 1, 'PED', 'CAR', '2016-10-19 04:59:34', 201, 0, '0000-00-00 00:00:00', 0),
(330, 5, 0, 3265.5, 1, 'STRAIGHT', 'CAR', '2016-10-19 04:59:34', 201, 0, '0000-00-00 00:00:00', 0),
(331, 5, 0, 3266.3, 1, 'PED', 'CAR', '2016-10-19 04:59:34', 201, 0, '0000-00-00 00:00:00', 0),
(332, 5, 0, 3267.8, 1, 'STRAIGHT', 'CAR', '2016-10-19 04:59:34', 201, 0, '0000-00-00 00:00:00', 0),
(333, 5, 0, 3268.5, 1, 'PED', 'CAR', '2016-10-19 04:59:34', 201, 0, '0000-00-00 00:00:00', 0),
(334, 5, 0, 3270, 1, 'STRAIGHT', 'CAR', '2016-10-19 04:59:35', 201, 0, '0000-00-00 00:00:00', 0),
(335, 5, 0, 3271.5, 1, 'PED', 'CAR', '2016-10-19 04:59:35', 201, 0, '0000-00-00 00:00:00', 0),
(336, 5, 0, 3273, 1, 'PED', 'CAR', '2016-10-19 04:59:35', 201, 0, '0000-00-00 00:00:00', 0),
(337, 5, 0, 3274.5, 1, 'STRAIGHT', 'CAR', '2016-10-19 04:59:35', 201, 0, '0000-00-00 00:00:00', 0),
(338, 5, 0, 3276, 1, 'PED', 'CAR', '2016-10-19 04:59:35', 201, 0, '0000-00-00 00:00:00', 0),
(339, 5, 0, 3276.8, 1, 'STRAIGHT', 'CAR', '2016-10-19 04:59:35', 201, 0, '0000-00-00 00:00:00', 0),
(340, 5, 0, 3277.6, 1, 'PED', 'CAR', '2016-10-19 04:59:36', 201, 0, '0000-00-00 00:00:00', 0),
(341, 5, 0, 3284.3, 1, 'UTURN', 'CAR', '2016-10-19 04:59:36', 201, 0, '0000-00-00 00:00:00', 0),
(342, 5, 0, 3293.3, 1, 'STRAIGHT', 'CAR', '2016-10-19 04:59:38', 201, 0, '0000-00-00 00:00:00', 0),
(343, 5, 0, 3296.3, 1, 'RTURN', 'CAR', '2016-10-19 04:59:38', 201, 0, '0000-00-00 00:00:00', 0),
(344, 5, 0, 3298.5, 1, 'LTURN', 'CAR', '2016-10-19 04:59:38', 201, 0, '0000-00-00 00:00:00', 0),
(345, 5, 0, 3300.8, 1, 'STRAIGHT', 'BICYCLE', '2016-10-19 04:59:39', 201, 0, '0000-00-00 00:00:00', 0),
(346, 5, 0, 3306.8, 1, 'LTURN', 'BICYCLE', '2016-10-19 04:59:39', 201, 0, '0000-00-00 00:00:00', 0),
(347, 5, 0, 3311.3, 1, 'STRAIGHT', 'TRUCK', '2016-10-19 04:59:40', 201, 0, '0000-00-00 00:00:00', 0),
(348, 5, 0, 3316.5, 1, 'STRAIGHT', 'TRUCK', '2016-10-19 04:59:41', 201, 0, '0000-00-00 00:00:00', 0),
(349, 5, 0, 3324.8, 1, 'STRAIGHT', 'TRUCK', '2016-10-19 04:59:42', 201, 0, '0000-00-00 00:00:00', 0),
(350, 5, 0, 3331.5, 1, 'RTURN', 'CAR', '2016-10-19 04:59:43', 201, 0, '0000-00-00 00:00:00', 0),
(351, 5, 0, 3333, 1, 'STRAIGHT', 'CAR', '2016-10-19 04:59:43', 201, 0, '0000-00-00 00:00:00', 0),
(352, 5, 0, 3335.3, 1, 'LTURN', 'CAR', '2016-10-19 04:59:43', 201, 0, '0000-00-00 00:00:00', 0),
(353, 5, 0, 3337.5, 1, 'LTURN', 'CAR', '2016-10-19 04:59:44', 201, 0, '0000-00-00 00:00:00', 0),
(354, 5, 0, 3339.8, 1, 'STRAIGHT', 'CAR', '2016-10-19 04:59:44', 201, 0, '0000-00-00 00:00:00', 0),
(355, 5, 0, 3343.5, 1, 'STRAIGHT', 'CAR', '2016-10-19 04:59:44', 201, 0, '0000-00-00 00:00:00', 0),
(356, 5, 0, 3345, 1, 'LTURN', 'CAR', '2016-10-19 04:59:44', 201, 0, '0000-00-00 00:00:00', 0),
(357, 5, 0, 3346.5, 1, 'STRAIGHT', 'CAR', '2016-10-19 04:59:45', 201, 0, '0000-00-00 00:00:00', 0),
(358, 5, 0, 3348, 1, 'RTURN', 'CAR', '2016-10-19 04:59:45', 201, 0, '0000-00-00 00:00:00', 0),
(359, 5, 0, 3350.3, 1, 'STRAIGHT', 'CAR', '2016-10-19 04:59:45', 201, 0, '0000-00-00 00:00:00', 0),
(360, 5, 0, 3351.8, 1, 'LTURN', 'CAR', '2016-10-19 04:59:45', 201, 0, '0000-00-00 00:00:00', 0),
(361, 5, 0, 3354, 1, 'STRAIGHT', 'CAR', '2016-10-19 04:59:46', 201, 0, '0000-00-00 00:00:00', 0),
(362, 5, 0, 3357, 1, 'STRAIGHT', 'CAR', '2016-10-19 04:59:46', 201, 0, '0000-00-00 00:00:00', 0),
(363, 5, 0, 3422.3, 1, 'STRAIGHT', 'BICYCLE', '2016-10-19 04:59:55', 201, 0, '0000-00-00 00:00:00', 0),
(364, 5, 0, 3427.5, 1, 'STRAIGHT', 'CAR', '2016-10-19 04:59:55', 201, 0, '0000-00-00 00:00:00', 0),
(365, 5, 0, 3438.8, 1, 'LTURN', 'CAR', '2016-10-19 04:59:57', 201, 0, '0000-00-00 00:00:00', 0),
(366, 5, 0, 3444, 1, 'STRAIGHT', 'CAR', '2016-10-19 04:59:58', 201, 0, '0000-00-00 00:00:00', 0),
(367, 5, 0, 3450, 1, 'LTURN', 'CAR', '2016-10-19 04:59:59', 201, 0, '0000-00-00 00:00:00', 0),
(368, 5, 0, 3453.8, 1, 'STRAIGHT', 'CAR', '2016-10-19 04:59:59', 201, 0, '0000-00-00 00:00:00', 0),
(369, 5, 0, 3452.3, 1, 'STRAIGHT', 'CAR', '2016-10-19 04:59:59', 201, 0, '0000-00-00 00:00:00', 0),
(370, 5, 0, 3456.8, 1, 'STRAIGHT', 'CAR', '2016-10-19 04:59:59', 201, 0, '0000-00-00 00:00:00', 0),
(371, 5, 0, 3454.5, 1, 'RTURN', 'CAR', '2016-10-19 04:59:59', 201, 0, '0000-00-00 00:00:00', 0),
(372, 5, 0, 3458.3, 1, 'LTURN', 'CAR', '2016-10-19 05:00:00', 201, 0, '0000-00-00 00:00:00', 0),
(373, 5, 0, 3459.8, 1, 'STRAIGHT', 'CAR', '2016-10-19 05:00:00', 201, 0, '0000-00-00 00:00:00', 0),
(374, 5, 0, 3463.5, 1, 'LTURN', 'CAR', '2016-10-19 05:00:00', 201, 0, '0000-00-00 00:00:00', 0),
(375, 5, 0, 3465.8, 1, 'STRAIGHT', 'CAR', '2016-10-19 05:00:01', 201, 0, '0000-00-00 00:00:00', 0),
(376, 5, 0, 3470.3, 1, 'LTURN', 'CAR', '2016-10-19 05:00:01', 201, 0, '0000-00-00 00:00:00', 0),
(377, 5, 0, 3471.8, 1, 'STRAIGHT', 'CAR', '2016-10-19 05:00:01', 201, 0, '0000-00-00 00:00:00', 0),
(378, 5, 0, 3474, 1, 'RTURN', 'CAR', '2016-10-19 05:00:02', 201, 0, '0000-00-00 00:00:00', 0),
(379, 5, 0, 3479.3, 1, 'RTURN', 'CAR', '2016-10-19 05:00:02', 201, 0, '0000-00-00 00:00:00', 0),
(380, 5, 0, 3481.5, 1, 'STRAIGHT', 'CAR', '2016-10-19 05:00:03', 201, 0, '0000-00-00 00:00:00', 0),
(381, 5, 0, 3483.8, 1, 'LTURN', 'CAR', '2016-10-19 05:00:03', 201, 0, '0000-00-00 00:00:00', 0),
(382, 5, 0, 3486, 1, 'STRAIGHT', 'CAR', '2016-10-19 05:00:03', 201, 0, '0000-00-00 00:00:00', 0),
(383, 5, 0, 3490.5, 1, 'STRAIGHT', 'CAR', '2016-10-19 05:00:04', 201, 0, '0000-00-00 00:00:00', 0),
(384, 5, 0, 3495, 1, 'LTURN', 'CAR', '2016-10-19 05:00:05', 201, 0, '0000-00-00 00:00:00', 0),
(385, 5, 0, 3497.3, 1, 'STRAIGHT', 'CAR', '2016-10-19 05:00:05', 201, 0, '0000-00-00 00:00:00', 0),
(386, 5, 0, 3498.8, 1, 'STRAIGHT', 'CAR', '2016-10-19 05:00:05', 201, 0, '0000-00-00 00:00:00', 0),
(387, 5, 0, 3504.8, 1, 'STRAIGHT', 'CAR', '2016-10-19 05:00:06', 201, 0, '0000-00-00 00:00:00', 0),
(388, 5, 0, 3506.3, 1, 'STRAIGHT', 'CAR', '2016-10-19 05:00:06', 201, 0, '0000-00-00 00:00:00', 0),
(389, 5, 0, 3522, 1, 'STRAIGHT', 'BICYCLE', '2016-10-19 05:00:08', 201, 0, '0000-00-00 00:00:00', 0),
(390, 5, 0, 3523.5, 1, 'STRAIGHT', 'BICYCLE', '2016-10-19 05:00:08', 201, 0, '0000-00-00 00:00:00', 0),
(391, 5, 0, 3528, 1, 'STRAIGHT', 'BICYCLE', '2016-10-19 05:00:09', 201, 0, '0000-00-00 00:00:00', 0),
(392, 5, 0, 3529.5, 1, 'STRAIGHT', 'BICYCLE', '2016-10-19 05:00:09', 201, 0, '0000-00-00 00:00:00', 0),
(393, 5, 0, 3531, 1, 'RTURN', 'BICYCLE', '2016-10-19 05:00:09', 201, 0, '0000-00-00 00:00:00', 0),
(394, 5, 0, 3537, 1, 'STRAIGHT', 'BICYCLE', '2016-10-19 05:00:10', 201, 0, '0000-00-00 00:00:00', 0),
(395, 5, 0, 3538.5, 1, 'STRAIGHT', 'BICYCLE', '2016-10-19 05:00:10', 201, 0, '0000-00-00 00:00:00', 0),
(396, 5, 0, 3541.6, 1, 'LTURN', 'CAR', '2016-10-19 05:00:11', 201, 0, '0000-00-00 00:00:00', 0),
(397, 5, 0, 3543, 1, 'STRAIGHT', 'CAR', '2016-10-19 05:00:11', 201, 0, '0000-00-00 00:00:00', 0),
(398, 5, 0, 3546.8, 1, 'STRAIGHT', 'CAR', '2016-10-19 05:00:11', 201, 0, '0000-00-00 00:00:00', 0),
(399, 5, 0, 3548.3, 1, 'LTURN', 'CAR', '2016-10-19 05:00:12', 201, 0, '0000-00-00 00:00:00', 0),
(400, 5, 0, 3551.3, 1, 'STRAIGHT', 'CAR', '2016-10-19 05:00:12', 201, 0, '0000-00-00 00:00:00', 0),
(401, 5, 0, 3549.8, 1, 'LTURN', 'CAR', '2016-10-19 05:00:12', 201, 0, '0000-00-00 00:00:00', 0),
(402, 5, 0, 3552.8, 1, 'RTURN', 'CAR', '2016-10-19 05:00:12', 201, 0, '0000-00-00 00:00:00', 0),
(403, 5, 0, 3556.5, 1, 'STRAIGHT', 'CAR', '2016-10-19 05:00:13', 201, 0, '0000-00-00 00:00:00', 0),
(404, 5, 0, 3560.3, 1, 'LTURN', 'CAR', '2016-10-19 05:00:13', 201, 0, '0000-00-00 00:00:00', 0),
(405, 5, 0, 3561.8, 1, 'STRAIGHT', 'CAR', '2016-10-19 05:00:13', 201, 0, '0000-00-00 00:00:00', 0),
(406, 5, 0, 3563.3, 1, 'RTURN', 'CAR', '2016-10-19 05:00:14', 201, 0, '0000-00-00 00:00:00', 0),
(407, 5, 0, 3565.5, 1, 'LTURN', 'CAR', '2016-10-19 05:00:14', 201, 0, '0000-00-00 00:00:00', 0),
(408, 5, 0, 3567.8, 1, 'STRAIGHT', 'CAR', '2016-10-19 05:00:14', 201, 0, '0000-00-00 00:00:00', 0),
(409, 5, 0, 3573, 1, 'RTURN', 'CAR', '2016-10-19 05:00:15', 201, 0, '0000-00-00 00:00:00', 0),
(410, 5, 0, 3575.3, 1, 'STRAIGHT', 'CAR', '2016-10-19 05:00:15', 201, 0, '0000-00-00 00:00:00', 0),
(411, 5, 0, 3576.8, 1, 'LTURN', 'CAR', '2016-10-19 05:00:15', 201, 0, '0000-00-00 00:00:00', 0),
(412, 5, 0, 3579, 1, 'STRAIGHT', 'CAR', '2016-10-19 05:00:16', 201, 0, '0000-00-00 00:00:00', 0),
(413, 5, 0, 3580.5, 1, 'RTURN', 'CAR', '2016-10-19 05:00:16', 201, 0, '0000-00-00 00:00:00', 0),
(414, 5, 0, 3582, 1, 'STRAIGHT', 'CAR', '2016-10-19 05:00:16', 201, 0, '0000-00-00 00:00:00', 0),
(415, 5, 0, 3584.3, 1, 'LTURN', 'CAR', '2016-10-19 05:00:16', 201, 0, '0000-00-00 00:00:00', 0),
(416, 5, 0, 3585.8, 1, 'STRAIGHT', 'CAR', '2016-10-19 05:00:17', 201, 0, '0000-00-00 00:00:00', 0),
(417, 5, 0, 3587.3, 1, 'RTURN', 'CAR', '2016-10-19 05:00:17', 201, 0, '0000-00-00 00:00:00', 0),
(418, 5, 0, 3591.8, 1, 'STRAIGHT', 'CAR', '2016-10-19 05:00:17', 201, 0, '0000-00-00 00:00:00', 0),
(419, 5, 0, 3593.3, 1, 'RTURN', 'CAR', '2016-10-19 05:00:18', 201, 0, '0000-00-00 00:00:00', 0),
(420, 5, 0, 3595.5, 1, 'LTURN', 'CAR', '2016-10-19 05:00:18', 201, 0, '0000-00-00 00:00:00', 0),
(421, 5, 0, 3598.5, 1, 'STRAIGHT', 'CAR', '2016-10-19 05:00:18', 201, 0, '0000-00-00 00:00:00', 0),
(422, 5, 0, 3602.3, 1, 'LTURN', 'CAR', '2016-10-19 05:00:19', 201, 0, '0000-00-00 00:00:00', 0),
(423, 5, 0, 3603.8, 1, 'STRAIGHT', 'CAR', '2016-10-19 05:00:19', 201, 0, '0000-00-00 00:00:00', 0),
(424, 5, 0, 3605.3, 1, 'RTURN', 'CAR', '2016-10-19 05:00:19', 201, 0, '0000-00-00 00:00:00', 0),
(425, 5, 0, 3620.3, 1, 'STRAIGHT', 'CAR', '2016-10-19 05:00:21', 201, 0, '0000-00-00 00:00:00', 0),
(426, 5, 0, 3636.8, 1, 'STRAIGHT', 'CAR', '2016-10-19 05:00:23', 201, 0, '0000-00-00 00:00:00', 0),
(427, 5, 0, 3638.3, 1, 'RTURN', 'CAR', '2016-10-19 05:00:24', 201, 0, '0000-00-00 00:00:00', 0),
(428, 5, 0, 3640.5, 1, 'LTURN', 'CAR', '2016-10-19 05:00:24', 201, 0, '0000-00-00 00:00:00', 0),
(429, 5, 0, 3642, 1, 'STRAIGHT', 'CAR', '2016-10-19 05:00:24', 201, 0, '0000-00-00 00:00:00', 0),
(430, 5, 0, 3643.5, 1, 'STRAIGHT', 'CAR', '2016-10-19 05:00:24', 201, 0, '0000-00-00 00:00:00', 0),
(431, 5, 0, 3645, 1, 'RTURN', 'CAR', '2016-10-19 05:00:25', 201, 0, '0000-00-00 00:00:00', 0),
(432, 5, 0, 3665.3, 1, 'PED', 'CAR', '2016-10-19 05:00:27', 201, 0, '0000-00-00 00:00:00', 0),
(433, 5, 0, 3681, 1, 'STRAIGHT', 'CAR', '2016-10-19 05:00:29', 201, 0, '0000-00-00 00:00:00', 0),
(434, 5, 0, 3683.3, 1, 'STRAIGHT', 'CAR', '2016-10-19 05:00:30', 201, 0, '0000-00-00 00:00:00', 0),
(435, 5, 0, 3686.3, 1, 'STRAIGHT', 'CAR', '2016-10-19 05:00:30', 201, 0, '0000-00-00 00:00:00', 0),
(436, 5, 0, 3692.3, 1, 'STRAIGHT', 'BICYCLE', '2016-10-19 05:00:31', 201, 0, '0000-00-00 00:00:00', 0),
(437, 5, 0, 3696, 1, 'STRAIGHT', 'BICYCLE', '2016-10-19 05:00:31', 201, 0, '0000-00-00 00:00:00', 0),
(438, 5, 0, 3699, 1, 'STRAIGHT', 'BICYCLE', '2016-10-19 05:00:32', 201, 0, '0000-00-00 00:00:00', 0),
(439, 5, 0, 3701.3, 1, 'STRAIGHT', 'BICYCLE', '2016-10-19 05:00:32', 201, 0, '0000-00-00 00:00:00', 0),
(440, 5, 0, 3703.5, 1, 'STRAIGHT', 'BICYCLE', '2016-10-19 05:00:32', 201, 0, '0000-00-00 00:00:00', 0),
(441, 5, 0, 3704.3, 1, 'STRAIGHT', 'CAR', '2016-10-19 05:00:32', 201, 0, '0000-00-00 00:00:00', 0),
(442, 5, 0, 3706.5, 1, 'STRAIGHT', 'BICYCLE', '2016-10-19 05:00:33', 201, 0, '0000-00-00 00:00:00', 0),
(443, 5, 0, 3711.8, 1, 'STRAIGHT', 'BICYCLE', '2016-10-19 05:00:33', 201, 0, '0000-00-00 00:00:00', 0),
(444, 5, 0, 3714, 1, 'STRAIGHT', 'TRUCK', '2016-10-19 05:00:34', 201, 0, '0000-00-00 00:00:00', 0),
(445, 5, 0, 3726, 1, 'STRAIGHT', 'TRUCK', '2016-10-19 05:00:35', 201, 0, '0000-00-00 00:00:00', 0),
(446, 5, 0, 3732, 1, 'STRAIGHT', 'TRUCK', '2016-10-19 05:00:36', 201, 0, '0000-00-00 00:00:00', 0),
(447, 5, 0, 3738, 1, 'LTURN', 'TRUCK', '2016-10-19 05:00:37', 201, 0, '0000-00-00 00:00:00', 0),
(448, 5, 0, 3753.8, 1, 'RTURN', 'TRUCK', '2016-10-19 05:00:39', 201, 0, '0000-00-00 00:00:00', 0),
(449, 5, 0, 3759, 1, 'RTURN', 'TRUCK', '2016-10-19 05:00:40', 201, 0, '0000-00-00 00:00:00', 0),
(450, 5, 0, 3764.3, 1, 'STRAIGHT', 'TRUCK', '2016-10-19 05:00:40', 201, 0, '0000-00-00 00:00:00', 0),
(451, 5, 0, 3770.3, 1, 'STRAIGHT', 'TRUCK', '2016-10-19 05:00:41', 201, 0, '0000-00-00 00:00:00', 0),
(452, 5, 0, 3782.3, 1, 'LTURN', 'TRUCK', '2016-10-19 05:00:43', 201, 0, '0000-00-00 00:00:00', 0),
(453, 5, 0, 3795, 1, 'UTURN', 'TRUCK', '2016-10-19 05:00:45', 201, 0, '0000-00-00 00:00:00', 0),
(454, 5, 0, 3798, 1, 'STRAIGHT', 'BICYCLE', '2016-10-19 05:00:45', 201, 0, '0000-00-00 00:00:00', 0),
(455, 5, 0, 3796.5, 1, 'STRAIGHT', 'CAR', '2016-10-19 05:00:45', 201, 0, '0000-00-00 00:00:00', 0),
(456, 5, 0, 3801.1, 1, 'UTURN', 'TRUCK', '2016-10-19 05:00:45', 201, 0, '0000-00-00 00:00:00', 0),
(457, 5, 0, 3801.7, 1, 'STRAIGHT', 'CAR', '2016-10-19 05:00:45', 201, 0, '0000-00-00 00:00:00', 0),
(458, 5, 0, 3800.3, 1, 'STRAIGHT', 'CAR', '2016-10-19 05:00:45', 201, 0, '0000-00-00 00:00:00', 0),
(459, 5, 0, 3805.5, 1, 'STRAIGHT', 'CAR', '2016-10-19 05:00:46', 201, 0, '0000-00-00 00:00:00', 0),
(460, 5, 0, 3807, 1, 'STRAIGHT', 'CAR', '2016-10-19 05:00:46', 201, 0, '0000-00-00 00:00:00', 0),
(461, 5, 0, 3807.8, 1, 'STRAIGHT', 'CAR', '2016-10-19 05:00:46', 201, 0, '0000-00-00 00:00:00', 0),
(462, 5, 0, 3815.3, 1, 'LTURN', 'BICYCLE', '2016-10-19 05:00:47', 201, 0, '0000-00-00 00:00:00', 0),
(463, 5, 0, 3817.5, 1, 'LTURN', 'BICYCLE', '2016-10-19 05:00:48', 201, 0, '0000-00-00 00:00:00', 0),
(464, 5, 0, 3831, 1, 'STRAIGHT', 'CAR', '2016-10-19 05:00:49', 201, 0, '0000-00-00 00:00:00', 0),
(465, 5, 0, 3833.9, 1, 'STRAIGHT', 'CAR', '2016-10-19 05:00:50', 201, 0, '0000-00-00 00:00:00', 0),
(466, 5, 0, 3833.9, 1, 'STRAIGHT', 'CAR', '2016-10-19 05:00:51', 201, 0, '0000-00-00 00:00:00', 0),
(467, 5, 0, 3938.3, 1, 'STRAIGHT', 'CAR', '2016-10-19 05:01:15', 201, 0, '0000-00-00 00:00:00', 0),
(468, 5, 0, 3946.5, 1, 'STRAIGHT', 'CAR', '2016-10-19 05:01:16', 201, 0, '0000-00-00 00:00:00', 0),
(469, 5, 0, 3950.3, 1, 'STRAIGHT', 'CAR', '2016-10-19 05:01:16', 201, 0, '0000-00-00 00:00:00', 0),
(470, 5, 0, 3948.8, 1, 'LTURN', 'CAR', '2016-10-19 05:01:16', 201, 0, '0000-00-00 00:00:00', 0),
(471, 5, 0, 3954, 1, 'STRAIGHT', 'CAR', '2016-10-19 05:01:17', 201, 0, '0000-00-00 00:00:00', 0),
(472, 5, 0, 3956.3, 1, 'LTURN', 'CAR', '2016-10-19 05:01:17', 201, 0, '0000-00-00 00:00:00', 0),
(473, 5, 0, 3964.5, 1, 'STRAIGHT', 'CAR', '2016-10-19 05:01:18', 201, 0, '0000-00-00 00:00:00', 0),
(474, 5, 0, 3966, 1, 'RTURN', 'CAR', '2016-10-19 05:01:18', 201, 0, '0000-00-00 00:00:00', 0),
(475, 5, 0, 3968.3, 1, 'LTURN', 'CAR', '2016-10-19 05:01:18', 201, 0, '0000-00-00 00:00:00', 0),
(476, 5, 0, 3969.8, 1, 'STRAIGHT', 'CAR', '2016-10-19 05:01:19', 201, 0, '0000-00-00 00:00:00', 0),
(477, 5, 0, 3973.5, 1, 'LTURN', 'CAR', '2016-10-19 05:01:19', 201, 0, '0000-00-00 00:00:00', 0),
(478, 5, 0, 4161, 1, 'PED', 'CAR', '2016-10-19 05:01:58', 201, 0, '0000-00-00 00:00:00', 0),
(479, 5, 0, 4162.5, 1, 'PED', 'CAR', '2016-10-19 05:01:58', 201, 0, '0000-00-00 00:00:00', 0),
(480, 5, 0, 4163.3, 1, 'PED', 'CAR', '2016-10-19 05:01:58', 201, 0, '0000-00-00 00:00:00', 0),
(481, 5, 0, 4167, 1, 'PED', 'CAR', '2016-10-19 05:01:59', 201, 0, '0000-00-00 00:00:00', 0),
(482, 5, 0, 4167.8, 1, 'RTURN', 'CAR', '2016-10-19 05:01:59', 201, 0, '0000-00-00 00:00:00', 0),
(483, 5, 0, 4168.5, 1, 'PED', 'CAR', '2016-10-19 05:01:59', 201, 0, '0000-00-00 00:00:00', 0),
(484, 5, 0, 4170, 1, 'PED', 'CAR', '2016-10-19 05:01:59', 201, 0, '0000-00-00 00:00:00', 0),
(485, 5, 0, 4171.5, 1, 'STRAIGHT', 'CAR', '2016-10-19 05:01:59', 201, 0, '0000-00-00 00:00:00', 0),
(486, 5, 0, 4174.5, 1, 'STRAIGHT', 'CAR', '2016-10-19 05:02:00', 201, 0, '0000-00-00 00:00:00', 0),
(487, 5, 0, 4179.8, 1, 'PED', 'CAR', '2016-10-19 05:02:00', 201, 0, '0000-00-00 00:00:00', 0),
(488, 5, 0, 4180.5, 1, 'STRAIGHT', 'CAR', '2016-10-19 05:02:00', 201, 0, '0000-00-00 00:00:00', 0),
(489, 5, 0, 4181.3, 1, 'STRAIGHT', 'CAR', '2016-10-19 05:02:01', 201, 0, '0000-00-00 00:00:00', 0),
(490, 5, 0, 4182.8, 1, 'STRAIGHT', 'CAR', '2016-10-19 05:02:01', 201, 0, '0000-00-00 00:00:00', 0),
(491, 5, 0, 4185.8, 1, 'PED', 'CAR', '2016-10-19 05:02:01', 201, 0, '0000-00-00 00:00:00', 0),
(492, 5, 0, 4185.8, 1, 'STRAIGHT', 'CAR', '2016-10-19 05:02:01', 201, 0, '0000-00-00 00:00:00', 0),
(493, 5, 0, 4187.3, 1, 'STRAIGHT', 'CAR', '2016-10-19 05:02:01', 201, 0, '0000-00-00 00:00:00', 0),
(494, 5, 0, 4188.8, 1, 'STRAIGHT', 'CAR', '2016-10-19 05:02:01', 201, 0, '0000-00-00 00:00:00', 0),
(495, 5, 0, 4189.5, 1, 'STRAIGHT', 'CAR', '2016-10-19 05:02:02', 201, 0, '0000-00-00 00:00:00', 0),
(496, 5, 0, 4191, 1, 'STRAIGHT', 'CAR', '2016-10-19 05:02:02', 201, 0, '0000-00-00 00:00:00', 0),
(497, 5, 0, 4191.8, 1, 'RTURN', 'CAR', '2016-10-19 05:02:02', 201, 0, '0000-00-00 00:00:00', 0),
(498, 5, 0, 4193.3, 1, 'RTURN', 'CAR', '2016-10-19 05:02:02', 201, 0, '0000-00-00 00:00:00', 0),
(499, 5, 0, 4196.3, 1, 'STRAIGHT', 'CAR', '2016-10-19 05:02:03', 201, 0, '0000-00-00 00:00:00', 0),
(500, 5, 0, 4197, 1, 'STRAIGHT', 'BICYCLE', '2016-10-19 05:02:03', 201, 0, '0000-00-00 00:00:00', 0),
(501, 5, 0, 4198.5, 1, 'STRAIGHT', 'CAR', '2016-10-19 05:02:03', 201, 0, '0000-00-00 00:00:00', 0),
(502, 5, 0, 4199.3, 1, 'STRAIGHT', 'CAR', '2016-10-19 05:02:03', 201, 0, '0000-00-00 00:00:00', 0),
(503, 5, 0, 4200.8, 1, 'STRAIGHT', 'CAR', '2016-10-19 05:02:03', 201, 0, '0000-00-00 00:00:00', 0),
(504, 5, 0, 4201.5, 1, 'STRAIGHT', 'CAR', '2016-10-19 05:02:03', 201, 0, '0000-00-00 00:00:00', 0),
(505, 5, 0, 4202.3, 1, 'STRAIGHT', 'CAR', '2016-10-19 05:02:03', 201, 0, '0000-00-00 00:00:00', 0),
(506, 5, 0, 4203.8, 1, 'RTURN', 'CAR', '2016-10-19 05:02:03', 201, 0, '0000-00-00 00:00:00', 0),
(507, 5, 0, 4206, 1, 'PED', 'CAR', '2016-10-19 05:02:04', 201, 0, '0000-00-00 00:00:00', 0),
(508, 5, 0, 4206.8, 1, 'PED', 'CAR', '2016-10-19 05:02:04', 201, 0, '0000-00-00 00:00:00', 0),
(509, 5, 0, 4207.5, 1, 'STRAIGHT', 'BICYCLE', '2016-10-19 05:02:04', 201, 0, '0000-00-00 00:00:00', 0),
(510, 5, 0, 4209, 1, 'STRAIGHT', 'CAR', '2016-10-19 05:02:04', 201, 0, '0000-00-00 00:00:00', 0),
(511, 5, 0, 4204.5, 1, 'RTURN', 'CAR', '2016-10-19 05:02:04', 201, 0, '0000-00-00 00:00:00', 0),
(512, 5, 0, 4209.8, 1, 'STRAIGHT', 'CAR', '2016-10-19 05:02:05', 201, 0, '0000-00-00 00:00:00', 0),
(513, 5, 0, 4212, 1, 'RTURN', 'CAR', '2016-10-19 05:02:05', 201, 0, '0000-00-00 00:00:00', 0),
(514, 5, 0, 4215, 1, 'PED', 'BICYCLE', '2016-10-19 05:02:05', 201, 0, '0000-00-00 00:00:00', 0),
(515, 5, 0, 4217.3, 1, 'STRAIGHT', 'CAR', '2016-10-19 05:02:05', 201, 0, '0000-00-00 00:00:00', 0),
(516, 5, 0, 4218.8, 1, 'PED', 'CAR', '2016-10-19 05:02:06', 201, 0, '0000-00-00 00:00:00', 0),
(517, 5, 0, 4204.5, 1, 'STRAIGHT', 'CAR', '2016-10-19 05:02:06', 201, 0, '0000-00-00 00:00:00', 0);
INSERT INTO `idax_video_counts` (`videocountid`, `layoutid`, `legindex`, `videoposition`, `videospeed`, `counttype`, `objecttype`, `countedtime`, `countedby_user`, `rejected`, `rejectedtime`, `rejectedby_user`) VALUES
(518, 5, 0, 4223.3, 1, 'RTURN', 'CAR', '2016-10-19 05:02:06', 201, 0, '0000-00-00 00:00:00', 0),
(519, 5, 0, 4223.3, 1, 'PED', 'CAR', '2016-10-19 05:02:06', 201, 0, '0000-00-00 00:00:00', 0),
(520, 5, 0, 4224, 1, 'STRAIGHT', 'CAR', '2016-10-19 05:02:06', 201, 0, '0000-00-00 00:00:00', 0),
(521, 5, 0, 4224.8, 1, 'RTURN', 'CAR', '2016-10-19 05:02:06', 201, 0, '0000-00-00 00:00:00', 0),
(522, 5, 0, 4225.5, 1, 'PED', 'CAR', '2016-10-19 05:02:06', 201, 0, '0000-00-00 00:00:00', 0),
(523, 5, 0, 4226.3, 1, 'PED', 'CAR', '2016-10-19 05:02:07', 201, 0, '0000-00-00 00:00:00', 0),
(524, 5, 0, 4227, 1, 'PED', 'CAR', '2016-10-19 05:02:07', 201, 0, '0000-00-00 00:00:00', 0),
(525, 5, 0, 4228.5, 1, 'RTURN', 'CAR', '2016-10-19 05:02:07', 201, 0, '0000-00-00 00:00:00', 0),
(526, 5, 0, 4228.5, 1, 'PED', 'CAR', '2016-10-19 05:02:07', 201, 0, '0000-00-00 00:00:00', 0),
(527, 5, 0, 4229.3, 1, 'PED', 'CAR', '2016-10-19 05:02:07', 201, 0, '0000-00-00 00:00:00', 0),
(528, 5, 0, 4230.8, 1, 'RTURN', 'CAR', '2016-10-19 05:02:07', 201, 0, '0000-00-00 00:00:00', 0),
(529, 5, 0, 4231.5, 1, 'RTURN', 'CAR', '2016-10-19 05:02:07', 201, 0, '0000-00-00 00:00:00', 0),
(530, 5, 0, 4231.5, 1, 'PED', 'CAR', '2016-10-19 05:02:07', 201, 0, '0000-00-00 00:00:00', 0),
(531, 5, 0, 4232.3, 1, 'RTURN', 'BICYCLE', '2016-10-19 05:02:08', 201, 0, '0000-00-00 00:00:00', 0),
(532, 5, 0, 4229.3, 1, 'RTURN', 'CAR', '2016-10-19 05:02:08', 201, 0, '0000-00-00 00:00:00', 0),
(533, 5, 0, 4274.3, 1, 'PED', 'CAR', '2016-10-19 05:02:13', 201, 0, '0000-00-00 00:00:00', 0),
(534, 5, 0, 4273.5, 1, 'RTURN', 'CAR', '2016-10-19 05:02:13', 201, 0, '0000-00-00 00:00:00', 0),
(535, 5, 0, 4276.5, 1, 'RTURN', 'CAR', '2016-10-19 05:02:13', 201, 0, '0000-00-00 00:00:00', 0),
(536, 5, 0, 4278, 1, 'STRAIGHT', 'CAR', '2016-10-19 05:02:14', 201, 0, '0000-00-00 00:00:00', 0),
(537, 5, 0, 4279.5, 1, 'PED', 'CAR', '2016-10-19 05:02:14', 201, 0, '0000-00-00 00:00:00', 0),
(538, 5, 0, 4278, 1, 'LTURN', 'CAR', '2016-10-19 05:02:14', 201, 0, '0000-00-00 00:00:00', 0),
(539, 5, 0, 4281, 1, 'RTURN', 'CAR', '2016-10-19 05:02:14', 201, 0, '0000-00-00 00:00:00', 0),
(540, 5, 0, 4344.8, 1, 'LTURN', 'CAR', '2016-10-19 05:02:23', 201, 0, '0000-00-00 00:00:00', 0),
(541, 5, 0, 4350, 1, 'PED', 'CAR', '2016-10-19 05:02:23', 201, 0, '0000-00-00 00:00:00', 0),
(542, 5, 0, 4351.5, 1, 'STRAIGHT', 'CAR', '2016-10-19 05:02:24', 201, 0, '0000-00-00 00:00:00', 0),
(543, 5, 0, 4353, 1, 'RTURN', 'CAR', '2016-10-19 05:02:24', 201, 0, '0000-00-00 00:00:00', 0),
(544, 5, 0, 4357.5, 1, 'STRAIGHT', 'CAR', '2016-10-19 05:02:24', 201, 0, '0000-00-00 00:00:00', 0),
(545, 5, 0, 4359, 1, 'STRAIGHT', 'CAR', '2016-10-19 05:02:24', 201, 0, '0000-00-00 00:00:00', 0),
(546, 5, 0, 4359.8, 1, 'STRAIGHT', 'CAR', '2016-10-19 05:02:24', 201, 0, '0000-00-00 00:00:00', 0),
(547, 5, 0, 4348.5, 1, 'STRAIGHT', 'CAR', '2016-10-19 05:02:24', 201, 0, '0000-00-00 00:00:00', 0),
(548, 5, 0, 4361.3, 1, 'STRAIGHT', 'CAR', '2016-10-19 05:02:25', 201, 0, '0000-00-00 00:00:00', 0),
(549, 5, 0, 4362.8, 1, 'STRAIGHT', 'CAR', '2016-10-19 05:02:26', 201, 0, '0000-00-00 00:00:00', 0),
(550, 5, 0, 4363.5, 1, 'STRAIGHT', 'CAR', '2016-10-19 05:02:27', 201, 0, '0000-00-00 00:00:00', 0),
(551, 5, 0, 4365, 1, 'RTURN', 'CAR', '2016-10-19 05:02:28', 201, 0, '0000-00-00 00:00:00', 0),
(552, 5, 0, 4366.5, 1, 'LTURN', 'CAR', '2016-10-19 05:02:28', 201, 0, '0000-00-00 00:00:00', 0),
(553, 5, 0, 4368, 1, 'LTURN', 'CAR', '2016-10-19 05:02:28', 201, 0, '0000-00-00 00:00:00', 0),
(554, 5, 0, 4369.5, 1, 'UTURN', 'CAR', '2016-10-19 05:02:28', 201, 0, '0000-00-00 00:00:00', 0),
(555, 5, 0, 4372.5, 1, 'PED', 'CAR', '2016-10-19 05:02:28', 201, 0, '0000-00-00 00:00:00', 0),
(556, 5, 0, 4374.8, 1, 'STRAIGHT', 'CAR', '2016-10-19 05:02:29', 201, 0, '0000-00-00 00:00:00', 0),
(557, 5, 0, 4377, 1, 'RTURN', 'CAR', '2016-10-19 05:02:29', 201, 0, '0000-00-00 00:00:00', 0),
(558, 5, 0, 4378.5, 1, 'LTURN', 'CAR', '2016-10-19 05:02:29', 201, 0, '0000-00-00 00:00:00', 0),
(559, 5, 0, 4379.7, 1, 'STRAIGHT', 'CAR', '2016-10-19 05:02:29', 201, 0, '0000-00-00 00:00:00', 0),
(560, 5, 0, 4379.7, 1, 'RTURN', 'CAR', '2016-10-19 05:02:29', 201, 0, '0000-00-00 00:00:00', 0),
(561, 5, 0, 4379.7, 1, 'STRAIGHT', 'CAR', '2016-10-19 05:02:29', 201, 0, '0000-00-00 00:00:00', 0),
(562, 5, 0, 4379.7, 1, 'STRAIGHT', 'CAR', '2016-10-19 05:02:29', 201, 0, '0000-00-00 00:00:00', 0),
(563, 5, 0, 4379.7, 1, 'PED', 'CAR', '2016-10-19 05:02:29', 201, 0, '0000-00-00 00:00:00', 0),
(564, 5, 0, 4379.7, 1, 'STRAIGHT', 'CAR', '2016-10-19 05:02:29', 201, 0, '0000-00-00 00:00:00', 0),
(565, 5, 0, 4379.7, 1, 'RTURN', 'CAR', '2016-10-19 05:02:29', 201, 0, '0000-00-00 00:00:00', 0),
(566, 5, 0, 4379.7, 1, 'STRAIGHT', 'CAR', '2016-10-19 05:02:29', 201, 0, '0000-00-00 00:00:00', 0),
(567, 5, 0, 4392.8, 1, 'STRAIGHT', 'CAR', '2016-10-19 05:02:57', 201, 0, '0000-00-00 00:00:00', 0),
(568, 5, 0, 4401.8, 1, 'STRAIGHT', 'CAR', '2016-10-19 05:02:59', 201, 0, '0000-00-00 00:00:00', 0),
(569, 5, 0, 4403.3, 1, 'STRAIGHT', 'CAR', '2016-10-19 05:02:59', 201, 0, '0000-00-00 00:00:00', 0),
(570, 5, 0, 4404, 1, 'STRAIGHT', 'CAR', '2016-10-19 05:02:59', 201, 0, '0000-00-00 00:00:00', 0),
(571, 5, 0, 4396.5, 1, 'RTURN', 'CAR', '2016-10-19 05:02:59', 201, 0, '0000-00-00 00:00:00', 0),
(572, 5, 0, 4395, 1, 'LTURN', 'CAR', '2016-10-19 05:02:59', 201, 0, '0000-00-00 00:00:00', 0),
(573, 5, 0, 4405.5, 1, 'STRAIGHT', 'CAR', '2016-10-19 05:03:00', 201, 0, '0000-00-00 00:00:00', 0),
(574, 5, 0, 4407, 1, 'STRAIGHT', 'CAR', '2016-10-19 05:03:00', 201, 0, '0000-00-00 00:00:00', 0),
(575, 5, 0, 4412.3, 1, 'LTURN', 'CAR', '2016-10-19 05:03:00', 201, 0, '0000-00-00 00:00:00', 0),
(576, 5, 0, 4413.8, 1, 'STRAIGHT', 'CAR', '2016-10-19 05:03:00', 201, 0, '0000-00-00 00:00:00', 0),
(577, 5, 0, 4416.8, 1, 'RTURN', 'CAR', '2016-10-19 05:03:00', 201, 0, '0000-00-00 00:00:00', 0),
(578, 5, 0, 4421.3, 1, 'STRAIGHT', 'CAR', '2016-10-19 05:03:01', 201, 0, '0000-00-00 00:00:00', 0),
(579, 5, 0, 4423.5, 1, 'RTURN', 'CAR', '2016-10-19 05:03:01', 201, 0, '0000-00-00 00:00:00', 0),
(580, 5, 0, 4660.5, 1, 'STRAIGHT', 'BICYCLE', '2016-10-19 05:03:33', 201, 0, '0000-00-00 00:00:00', 0),
(581, 5, 0, 4663.5, 1, 'STRAIGHT', 'CAR', '2016-10-19 05:03:33', 201, 0, '0000-00-00 00:00:00', 0),
(582, 5, 0, 4668, 1, 'RTURN', 'CAR', '2016-10-19 05:03:34', 201, 0, '0000-00-00 00:00:00', 0),
(583, 5, 0, 4669.5, 1, 'STRAIGHT', 'CAR', '2016-10-19 05:03:34', 201, 0, '0000-00-00 00:00:00', 0),
(584, 5, 0, 4672.5, 1, 'LTURN', 'CAR', '2016-10-19 05:03:34', 201, 0, '0000-00-00 00:00:00', 0),
(585, 5, 0, 4674, 1, 'UTURN', 'CAR', '2016-10-19 05:03:34', 201, 0, '0000-00-00 00:00:00', 0),
(586, 5, 0, 4675.5, 1, 'STRAIGHT', 'CAR', '2016-10-19 05:03:35', 201, 0, '0000-00-00 00:00:00', 0),
(587, 5, 0, 4677, 1, 'RTURN', 'CAR', '2016-10-19 05:03:35', 201, 0, '0000-00-00 00:00:00', 0),
(588, 5, 0, 4678.5, 1, 'PED', 'CAR', '2016-10-19 05:03:35', 201, 0, '0000-00-00 00:00:00', 0),
(589, 5, 0, 4680, 1, 'STRAIGHT', 'CAR', '2016-10-19 05:03:35', 201, 0, '0000-00-00 00:00:00', 0),
(590, 5, 0, 4681.5, 1, 'RTURN', 'CAR', '2016-10-19 05:03:35', 201, 0, '0000-00-00 00:00:00', 0),
(591, 5, 0, 4684.6, 1, 'STRAIGHT', 'CAR', '2016-10-19 05:03:36', 201, 0, '0000-00-00 00:00:00', 0),
(592, 5, 0, 4685.3, 1, 'STRAIGHT', 'CAR', '2016-10-19 05:03:36', 201, 0, '0000-00-00 00:00:00', 0),
(593, 5, 0, 4687.5, 1, 'STRAIGHT', 'CAR', '2016-10-19 05:03:36', 201, 0, '0000-00-00 00:00:00', 0),
(594, 5, 0, 4686.8, 1, 'STRAIGHT', 'CAR', '2016-10-19 05:03:36', 201, 0, '0000-00-00 00:00:00', 0),
(595, 5, 0, 4689, 1, 'STRAIGHT', 'CAR', '2016-10-19 05:03:36', 201, 0, '0000-00-00 00:00:00', 0),
(596, 5, 0, 4689.8, 1, 'STRAIGHT', 'CAR', '2016-10-19 05:03:37', 201, 0, '0000-00-00 00:00:00', 0),
(597, 5, 0, 4700.3, 1, 'STRAIGHT', 'CAR', '2016-10-19 05:03:38', 201, 0, '0000-00-00 00:00:00', 0),
(598, 5, 0, 4703, 1, 'PED', 'BICYCLE', '2016-10-19 05:03:38', 201, 0, '0000-00-00 00:00:00', 0),
(599, 5, 0, 4703, 1, 'PED', 'CAR', '2016-10-19 05:03:38', 201, 0, '0000-00-00 00:00:00', 0),
(600, 5, 0, 4703, 1, 'LTURN', 'BICYCLE', '2016-10-19 05:03:38', 201, 0, '0000-00-00 00:00:00', 0),
(601, 5, 0, 4703, 1, 'STRAIGHT', 'CAR', '2016-10-19 05:03:39', 201, 0, '0000-00-00 00:00:00', 0),
(602, 5, 0, 4703, 1, 'PED', 'CAR', '2016-10-19 05:03:39', 201, 0, '0000-00-00 00:00:00', 0),
(603, 5, 0, 4703, 1, 'LTURN', 'CAR', '2016-10-19 05:03:39', 201, 0, '0000-00-00 00:00:00', 0),
(604, 5, 0, 4703, 1, 'RTURN', 'CAR', '2016-10-19 05:03:55', 201, 0, '0000-00-00 00:00:00', 0),
(605, 5, 0, 4703, 1, 'STRAIGHT', 'CAR', '2016-10-19 05:03:55', 201, 0, '0000-00-00 00:00:00', 0),
(606, 5, 0, 4703, 1, 'STRAIGHT', 'CAR', '2016-10-19 05:03:55', 201, 0, '0000-00-00 00:00:00', 0),
(607, 5, 0, 4703, 1, 'LTURN', 'CAR', '2016-10-19 05:03:55', 201, 0, '0000-00-00 00:00:00', 0),
(608, 5, 0, 4703, 1, 'LTURN', 'CAR', '2016-10-19 05:03:55', 201, 0, '0000-00-00 00:00:00', 0),
(609, 5, 0, 4703, 1, 'RTURN', 'CAR', '2016-10-19 05:03:56', 201, 0, '0000-00-00 00:00:00', 0),
(610, 5, 0, 4703, 1, 'STRAIGHT', 'CAR', '2016-10-19 05:04:06', 201, 0, '0000-00-00 00:00:00', 0),
(611, 5, 0, 4710.8, 1, 'RTURN', 'CAR', '2016-10-19 05:04:26', 201, 0, '0000-00-00 00:00:00', 0),
(612, 5, 0, 4711.5, 1, 'STRAIGHT', 'CAR', '2016-10-19 05:04:26', 201, 0, '0000-00-00 00:00:00', 0),
(613, 5, 0, 4713, 1, 'STRAIGHT', 'CAR', '2016-10-19 05:04:26', 201, 0, '0000-00-00 00:00:00', 0),
(614, 5, 0, 4715.3, 1, 'STRAIGHT', 'CAR', '2016-10-19 05:04:26', 201, 0, '0000-00-00 00:00:00', 0),
(615, 5, 0, 4718.3, 1, 'STRAIGHT', 'CAR', '2016-10-19 05:04:26', 201, 0, '0000-00-00 00:00:00', 0),
(616, 5, 0, 4719, 1, 'LTURN', 'CAR', '2016-10-19 05:04:27', 201, 0, '0000-00-00 00:00:00', 0),
(617, 5, 0, 4720.5, 1, 'STRAIGHT', 'CAR', '2016-10-19 05:04:27', 201, 0, '0000-00-00 00:00:00', 0),
(618, 5, 0, 4724.3, 1, 'UTURN', 'BICYCLE', '2016-10-19 05:04:27', 201, 0, '0000-00-00 00:00:00', 0),
(619, 5, 0, 4725.8, 1, 'PED', 'CAR', '2016-10-19 05:04:30', 201, 0, '0000-00-00 00:00:00', 0),
(620, 5, 0, 4728.8, 1, 'STRAIGHT', 'CAR', '2016-10-19 05:04:30', 201, 0, '0000-00-00 00:00:00', 0),
(621, 5, 0, 4731, 1, 'STRAIGHT', 'CAR', '2016-10-19 05:04:30', 201, 0, '0000-00-00 00:00:00', 0),
(622, 5, 0, 4753.5, 1, 'STRAIGHT', 'CAR', '2016-10-19 05:05:39', 201, 0, '0000-00-00 00:00:00', 0),
(623, 5, 0, 4754.3, 1, 'RTURN', 'BICYCLE', '2016-10-19 05:05:39', 201, 0, '0000-00-00 00:00:00', 0),
(624, 5, 0, 4755.8, 1, 'STRAIGHT', 'CAR', '2016-10-19 05:05:39', 201, 0, '0000-00-00 00:00:00', 0),
(625, 5, 0, 4761, 1, 'RTURN', 'CAR', '2016-10-19 05:05:39', 201, 0, '0000-00-00 00:00:00', 0),
(626, 5, 0, 4762.5, 1, 'STRAIGHT', 'CAR', '2016-10-19 05:05:40', 201, 0, '0000-00-00 00:00:00', 0),
(627, 5, 0, 4764, 1, 'STRAIGHT', 'CAR', '2016-10-19 05:05:40', 201, 0, '0000-00-00 00:00:00', 0),
(628, 5, 0, 4757.3, 1, 'LTURN', 'CAR', '2016-10-19 05:05:40', 201, 0, '0000-00-00 00:00:00', 0),
(629, 5, 0, 4768.5, 1, 'PED', 'CAR', '2016-10-19 05:05:40', 201, 0, '0000-00-00 00:00:00', 0),
(630, 5, 0, 4770, 1, 'UTURN', 'CAR', '2016-10-19 05:05:41', 201, 0, '0000-00-00 00:00:00', 0),
(631, 5, 0, 4771.5, 1, 'LTURN', 'CAR', '2016-10-19 05:05:41', 201, 0, '0000-00-00 00:00:00', 0),
(632, 5, 0, 4773.8, 1, 'RTURN', 'CAR', '2016-10-19 05:05:41', 201, 0, '0000-00-00 00:00:00', 0),
(633, 5, 0, 4775.3, 1, 'RTURN', 'CAR', '2016-10-19 05:05:41', 201, 0, '0000-00-00 00:00:00', 0),
(634, 5, 0, 4776.8, 1, 'STRAIGHT', 'CAR', '2016-10-19 05:05:42', 201, 0, '0000-00-00 00:00:00', 0),
(635, 5, 0, 4780.5, 1, 'RTURN', 'CAR', '2016-10-19 05:05:42', 201, 0, '0000-00-00 00:00:00', 0),
(636, 5, 0, 4830.8, 0.75, 'LTURN', 'CAR', '2016-10-19 05:05:51', 201, 0, '0000-00-00 00:00:00', 0),
(637, 5, 0, 4836.8, 0.75, 'RTURN', 'CAR', '2016-10-19 05:05:52', 201, 0, '0000-00-00 00:00:00', 0),
(638, 5, 0, 4838.3, 0.75, 'STRAIGHT', 'CAR', '2016-10-19 05:05:52', 201, 0, '0000-00-00 00:00:00', 0),
(639, 5, 0, 4849.5, 0.75, 'STRAIGHT', 'CAR', '2016-10-19 05:05:54', 201, 0, '0000-00-00 00:00:00', 0),
(640, 5, 0, 4851, 0.75, 'RTURN', 'CAR', '2016-10-19 05:05:54', 201, 0, '0000-00-00 00:00:00', 0),
(641, 5, 0, 4851.8, 0.75, 'STRAIGHT', 'CAR', '2016-10-19 05:05:54', 201, 0, '0000-00-00 00:00:00', 0),
(642, 5, 0, 4854.8, 0.75, 'LTURN', 'CAR', '2016-10-19 05:05:55', 201, 0, '0000-00-00 00:00:00', 0),
(643, 5, 0, 4899.8, 0.75, 'STRAIGHT', 'CAR', '2016-10-19 05:06:03', 201, 0, '0000-00-00 00:00:00', 0),
(644, 5, 0, 4904.3, 0.75, 'LTURN', 'CAR', '2016-10-19 05:06:04', 201, 0, '0000-00-00 00:00:00', 0),
(645, 5, 0, 4907.3, 0.75, 'PED', 'CAR', '2016-10-19 05:06:04', 201, 0, '0000-00-00 00:00:00', 0),
(646, 5, 0, 4911, 0.75, 'STRAIGHT', 'CAR', '2016-10-19 05:06:05', 201, 0, '0000-00-00 00:00:00', 0),
(647, 5, 0, 4913.3, 0.75, 'LTURN', 'CAR', '2016-10-19 05:06:05', 201, 0, '0000-00-00 00:00:00', 0),
(648, 5, 0, 4911.8, 0.75, 'RTURN', 'CAR', '2016-10-19 05:06:05', 201, 0, '0000-00-00 00:00:00', 0),
(649, 5, 0, 4915.5, 0.75, 'UTURN', 'CAR', '2016-10-19 05:06:06', 201, 0, '0000-00-00 00:00:00', 0),
(650, 5, 0, 4919.3, 0.75, 'STRAIGHT', 'CAR', '2016-10-19 05:06:06', 201, 0, '0000-00-00 00:00:00', 0),
(651, 5, 0, 4920, 0.75, 'STRAIGHT', 'CAR', '2016-10-19 05:06:07', 201, 0, '0000-00-00 00:00:00', 0),
(652, 5, 0, 4920.8, 0.75, 'STRAIGHT', 'CAR', '2016-10-19 05:06:07', 201, 0, '0000-00-00 00:00:00', 0),
(653, 5, 0, 4923, 0.75, 'STRAIGHT', 'CAR', '2016-10-19 05:06:07', 201, 0, '0000-00-00 00:00:00', 0),
(654, 5, 0, 4922.3, 0.75, 'STRAIGHT', 'CAR', '2016-10-19 05:06:07', 201, 0, '0000-00-00 00:00:00', 0),
(655, 5, 0, 4923.8, 0.75, 'STRAIGHT', 'CAR', '2016-10-19 05:06:07', 201, 0, '0000-00-00 00:00:00', 0),
(656, 5, 0, 4925.3, 0.75, 'RTURN', 'CAR', '2016-10-19 05:06:07', 201, 0, '0000-00-00 00:00:00', 0),
(657, 5, 0, 4926.8, 0.75, 'RTURN', 'CAR', '2016-10-19 05:06:08', 201, 0, '0000-00-00 00:00:00', 0),
(658, 5, 0, 4972.5, 0.75, 'STRAIGHT', 'CAR', '2016-10-19 05:06:16', 201, 0, '0000-00-00 00:00:00', 0),
(659, 5, 0, 4974.8, 0.75, 'LTURN', 'CAR', '2016-10-19 05:06:17', 201, 0, '0000-00-00 00:00:00', 0),
(660, 5, 0, 4976.3, 0.75, 'RTURN', 'CAR', '2016-10-19 05:06:17', 201, 0, '0000-00-00 00:00:00', 0),
(661, 5, 0, 4975.5, 0.75, 'STRAIGHT', 'CAR', '2016-10-19 05:06:17', 201, 0, '0000-00-00 00:00:00', 0),
(662, 5, 0, 4977.8, 0.75, 'STRAIGHT', 'CAR', '2016-10-19 05:06:17', 201, 0, '0000-00-00 00:00:00', 0),
(663, 5, 0, 4977, 0.75, 'RTURN', 'CAR', '2016-10-19 05:06:17', 201, 0, '0000-00-00 00:00:00', 0),
(664, 5, 0, 5010.8, 0.75, 'STRAIGHT', 'CAR', '2016-10-19 05:06:25', 201, 0, '0000-00-00 00:00:00', 0),
(665, 5, 0, 5013, 0.75, 'LTURN', 'CAR', '2016-10-19 05:06:25', 201, 0, '0000-00-00 00:00:00', 0),
(666, 5, 0, 5018.3, 0.75, 'RTURN', 'CAR', '2016-10-19 05:06:26', 201, 0, '0000-00-00 00:00:00', 0),
(667, 5, 0, 5020.5, 0.75, 'STRAIGHT', 'CAR', '2016-10-19 05:06:26', 201, 0, '0000-00-00 00:00:00', 0),
(668, 5, 0, 5021.3, 0.75, 'LTURN', 'CAR', '2016-10-19 05:06:27', 201, 0, '0000-00-00 00:00:00', 0),
(669, 5, 0, 5022.7, 0.75, 'LTURN', 'CAR', '2016-10-19 05:06:27', 201, 0, '0000-00-00 00:00:00', 0),
(670, 5, 0, 5028.8, 0.75, 'PED', 'CAR', '2016-10-19 05:06:28', 201, 0, '0000-00-00 00:00:00', 0),
(671, 5, 0, 5029.5, 0.75, 'PED', 'CAR', '2016-10-19 05:06:28', 201, 0, '0000-00-00 00:00:00', 0),
(672, 5, 0, 5031, 0.75, 'PED', 'CAR', '2016-10-19 05:06:28', 201, 0, '0000-00-00 00:00:00', 0),
(673, 5, 0, 5034, 0.75, 'STRAIGHT', 'CAR', '2016-10-19 05:06:29', 201, 0, '0000-00-00 00:00:00', 0),
(674, 5, 0, 5079, 0.75, 'LTURN', 'CAR', '2016-10-19 05:06:37', 201, 0, '0000-00-00 00:00:00', 0),
(675, 5, 0, 5079.8, 0.75, 'LTURN', 'CAR', '2016-10-19 05:06:37', 201, 0, '0000-00-00 00:00:00', 0),
(676, 5, 0, 5081.3, 0.75, 'STRAIGHT', 'CAR', '2016-10-19 05:06:37', 201, 0, '0000-00-00 00:00:00', 0),
(677, 5, 0, 5082.8, 0.75, 'RTURN', 'CAR', '2016-10-19 05:06:38', 201, 0, '0000-00-00 00:00:00', 0),
(678, 5, 0, 5082, 0.75, 'RTURN', 'CAR', '2016-10-19 05:06:38', 201, 0, '0000-00-00 00:00:00', 0),
(679, 5, 0, 5083.5, 0.75, 'STRAIGHT', 'CAR', '2016-10-19 05:06:38', 201, 0, '0000-00-00 00:00:00', 0),
(680, 5, 0, 5188.5, 0.5, 'STRAIGHT', 'CAR', '2016-10-19 05:07:05', 201, 0, '0000-00-00 00:00:00', 0),
(681, 5, 0, 5188.5, 0.5, 'LTURN', 'CAR', '2016-10-19 05:07:05', 201, 0, '0000-00-00 00:00:00', 0),
(682, 5, 0, 5189.3, 0.5, 'STRAIGHT', 'CAR', '2016-10-19 05:07:05', 201, 0, '0000-00-00 00:00:00', 0),
(683, 5, 0, 5190, 0.5, 'RTURN', 'CAR', '2016-10-19 05:07:05', 201, 0, '0000-00-00 00:00:00', 0),
(684, 5, 0, 5191.5, 0.5, 'STRAIGHT', 'CAR', '2016-10-19 05:07:05', 201, 0, '0000-00-00 00:00:00', 0),
(685, 5, 0, 5192.3, 0.5, 'LTURN', 'CAR', '2016-10-19 05:07:05', 201, 0, '0000-00-00 00:00:00', 0),
(686, 5, 0, 5193, 0.5, 'LTURN', 'CAR', '2016-10-19 05:07:06', 201, 0, '0000-00-00 00:00:00', 0),
(687, 5, 0, 5193, 0.5, 'STRAIGHT', 'CAR', '2016-10-19 05:07:06', 201, 0, '0000-00-00 00:00:00', 0),
(688, 5, 0, 5194.5, 0.5, 'UTURN', 'CAR', '2016-10-19 05:07:06', 201, 0, '0000-00-00 00:00:00', 0),
(689, 5, 0, 5195.3, 0.5, 'PED', 'CAR', '2016-10-19 05:07:06', 201, 0, '0000-00-00 00:00:00', 0),
(690, 5, 0, 5196, 0.5, 'RTURN', 'CAR', '2016-10-19 05:07:06', 201, 0, '0000-00-00 00:00:00', 0),
(691, 5, 0, 5199, 0.5, 'STRAIGHT', 'CAR', '2016-10-19 05:07:07', 201, 0, '0000-00-00 00:00:00', 0),
(692, 5, 0, 5199, 0.5, 'STRAIGHT', 'CAR', '2016-10-19 05:07:07', 201, 0, '0000-00-00 00:00:00', 0),
(693, 5, 0, 5199.8, 0.5, 'RTURN', 'CAR', '2016-10-19 05:07:07', 201, 0, '0000-00-00 00:00:00', 0),
(694, 5, 0, 5200.5, 0.5, 'STRAIGHT', 'CAR', '2016-10-19 05:07:08', 201, 0, '0000-00-00 00:00:00', 0),
(695, 5, 0, 5201.3, 0.5, 'STRAIGHT', 'CAR', '2016-10-19 05:07:08', 201, 0, '0000-00-00 00:00:00', 0),
(696, 5, 0, 5201.3, 0.5, 'STRAIGHT', 'CAR', '2016-10-19 05:07:08', 201, 0, '0000-00-00 00:00:00', 0),
(697, 5, 0, 5202, 0.5, 'LTURN', 'CAR', '2016-10-19 05:07:08', 201, 0, '0000-00-00 00:00:00', 0),
(698, 5, 0, 5202.8, 0.5, 'STRAIGHT', 'CAR', '2016-10-19 05:07:08', 201, 0, '0000-00-00 00:00:00', 0),
(699, 5, 0, 5204.3, 0.5, 'STRAIGHT', 'CAR', '2016-10-19 05:07:09', 201, 0, '0000-00-00 00:00:00', 0),
(700, 5, 0, 5205, 0.5, 'PED', 'CAR', '2016-10-19 05:07:09', 201, 0, '0000-00-00 00:00:00', 0),
(701, 5, 0, 5205, 0.5, 'STRAIGHT', 'CAR', '2016-10-19 05:07:09', 201, 0, '0000-00-00 00:00:00', 0),
(702, 5, 0, 5205.8, 0.5, 'PED', 'CAR', '2016-10-19 05:07:09', 201, 0, '0000-00-00 00:00:00', 0),
(703, 5, 0, 5206.5, 0.5, 'PED', 'CAR', '2016-10-19 05:07:09', 201, 0, '0000-00-00 00:00:00', 0),
(704, 5, 0, 5206.5, 0.5, 'LTURN', 'CAR', '2016-10-19 05:07:09', 201, 0, '0000-00-00 00:00:00', 0),
(705, 5, 0, 5207.3, 0.5, 'PED', 'CAR', '2016-10-19 05:07:09', 201, 0, '0000-00-00 00:00:00', 0),
(706, 5, 0, 5212.5, 0.5, 'STRAIGHT', 'CAR', '2016-10-19 05:07:11', 201, 0, '0000-00-00 00:00:00', 0),
(707, 5, 0, 5212.5, 0.5, 'RTURN', 'CAR', '2016-10-19 05:07:11', 201, 0, '0000-00-00 00:00:00', 0),
(708, 5, 0, 5213.3, 0.5, 'STRAIGHT', 'CAR', '2016-10-19 05:07:11', 201, 0, '0000-00-00 00:00:00', 0),
(709, 5, 0, 5214, 0.5, 'PED', 'CAR', '2016-10-19 05:07:11', 201, 0, '0000-00-00 00:00:00', 0),
(710, 5, 0, 5213.3, 0.5, 'RTURN', 'CAR', '2016-10-19 05:07:11', 201, 0, '0000-00-00 00:00:00', 0),
(711, 5, 0, 5214.8, 0.5, 'LTURN', 'CAR', '2016-10-19 05:07:11', 201, 0, '0000-00-00 00:00:00', 0),
(712, 5, 0, 5215.5, 0.5, 'UTURN', 'CAR', '2016-10-19 05:07:12', 201, 0, '0000-00-00 00:00:00', 0),
(713, 5, 0, 5215.5, 0.5, 'PED', 'CAR', '2016-10-19 05:07:12', 201, 0, '0000-00-00 00:00:00', 0),
(714, 5, 0, 5216.3, 0.5, 'LTURN', 'CAR', '2016-10-19 05:07:12', 201, 0, '0000-00-00 00:00:00', 0),
(715, 5, 0, 5216.3, 0.5, 'PED', 'CAR', '2016-10-19 05:07:12', 201, 0, '0000-00-00 00:00:00', 0),
(716, 5, 0, 5216.3, 0.5, 'UTURN', 'CAR', '2016-10-19 05:07:12', 201, 0, '0000-00-00 00:00:00', 0),
(717, 5, 0, 5216.3, 0.5, 'LTURN', 'CAR', '2016-10-19 05:07:12', 201, 0, '0000-00-00 00:00:00', 0),
(718, 5, 0, 5218.5, 0.5, 'PED', 'CAR', '2016-10-19 05:07:12', 201, 0, '0000-00-00 00:00:00', 0),
(719, 5, 0, 5218.5, 0.5, 'LTURN', 'CAR', '2016-10-19 05:07:12', 201, 0, '0000-00-00 00:00:00', 0),
(720, 5, 0, 5219.3, 0.5, 'LTURN', 'CAR', '2016-10-19 05:07:13', 201, 0, '0000-00-00 00:00:00', 0),
(721, 5, 0, 5220, 0.5, 'STRAIGHT', 'CAR', '2016-10-19 05:07:13', 201, 0, '0000-00-00 00:00:00', 0),
(722, 5, 0, 5220, 0.5, 'PED', 'CAR', '2016-10-19 05:07:13', 201, 0, '0000-00-00 00:00:00', 0),
(723, 5, 0, 5220.8, 0.5, 'LTURN', 'CAR', '2016-10-19 05:07:13', 201, 0, '0000-00-00 00:00:00', 0),
(724, 5, 0, 5488.5, 0.5, 'RTURN', 'CAR', '2016-10-19 05:08:25', 201, 0, '0000-00-00 00:00:00', 0),
(725, 5, 0, 5489.3, 0.5, 'RTURN', 'CAR', '2016-10-19 05:08:25', 201, 0, '0000-00-00 00:00:00', 0),
(726, 5, 0, 5490.8, 0.5, 'STRAIGHT', 'CAR', '2016-10-19 05:08:25', 201, 0, '0000-00-00 00:00:00', 0),
(727, 5, 0, 5499.8, 0.5, 'STRAIGHT', 'CAR', '2016-10-19 05:08:27', 201, 0, '0000-00-00 00:00:00', 0),
(728, 5, 0, 5502.8, 0.5, 'STRAIGHT', 'CAR', '2016-10-19 05:08:28', 201, 0, '0000-00-00 00:00:00', 0),
(729, 5, 0, 5502.8, 0.5, 'RTURN', 'BICYCLE', '2016-10-19 05:08:28', 201, 0, '0000-00-00 00:00:00', 0),
(730, 5, 0, 5503.5, 0.5, 'PED', 'BICYCLE', '2016-10-19 05:08:28', 201, 0, '0000-00-00 00:00:00', 0),
(731, 5, 0, 5504.3, 0.5, 'PED', 'CAR', '2016-10-19 05:08:29', 201, 0, '0000-00-00 00:00:00', 0),
(732, 5, 0, 5505, 0.5, 'STRAIGHT', 'BICYCLE', '2016-10-19 05:08:29', 201, 0, '0000-00-00 00:00:00', 0),
(733, 5, 0, 5506.5, 0.5, 'STRAIGHT', 'CAR', '2016-10-19 05:08:29', 201, 0, '0000-00-00 00:00:00', 0),
(734, 5, 0, 5507.3, 0.5, 'RTURN', 'CAR', '2016-10-19 05:08:29', 201, 0, '0000-00-00 00:00:00', 0),
(735, 5, 0, 5508, 0.5, 'PED', 'CAR', '2016-10-19 05:08:30', 201, 0, '0000-00-00 00:00:00', 0),
(736, 5, 0, 5508.8, 0.5, 'PED', 'CAR', '2016-10-19 05:08:30', 201, 0, '0000-00-00 00:00:00', 0),
(737, 5, 0, 5508.8, 0.5, 'LTURN', 'BICYCLE', '2016-10-19 05:08:30', 201, 0, '0000-00-00 00:00:00', 0),
(738, 5, 0, 5510.3, 0.5, 'LTURN', 'CAR', '2016-10-19 05:08:30', 201, 0, '0000-00-00 00:00:00', 0),
(739, 5, 0, 5510.3, 0.5, 'PED', 'CAR', '2016-10-19 05:08:30', 201, 0, '0000-00-00 00:00:00', 0),
(740, 5, 0, 5511, 0.5, 'LTURN', 'BICYCLE', '2016-10-19 05:08:30', 201, 0, '0000-00-00 00:00:00', 0),
(741, 5, 0, 5511.8, 0.5, 'STRAIGHT', 'CAR', '2016-10-19 05:08:31', 201, 0, '0000-00-00 00:00:00', 0),
(742, 5, 0, 5511.8, 0.5, 'PED', 'CAR', '2016-10-19 05:08:31', 201, 0, '0000-00-00 00:00:00', 0),
(743, 5, 0, 5512.5, 0.5, 'LTURN', 'CAR', '2016-10-19 05:08:31', 201, 0, '0000-00-00 00:00:00', 0),
(744, 5, 0, 5513.3, 0.5, 'LTURN', 'BICYCLE', '2016-10-19 05:08:31', 201, 0, '0000-00-00 00:00:00', 0),
(745, 5, 0, 5513.3, 0.5, 'STRAIGHT', 'CAR', '2016-10-19 05:08:31', 201, 0, '0000-00-00 00:00:00', 0),
(746, 5, 0, 5514, 0.5, 'STRAIGHT', 'CAR', '2016-10-19 05:08:31', 201, 0, '0000-00-00 00:00:00', 0),
(747, 5, 0, 5514, 0.5, 'PED', 'CAR', '2016-10-19 05:08:31', 201, 0, '0000-00-00 00:00:00', 0),
(748, 5, 0, 5515.5, 0.5, 'STRAIGHT', 'CAR', '2016-10-19 05:08:32', 201, 0, '0000-00-00 00:00:00', 0),
(749, 5, 0, 5517, 0.5, 'PED', 'CAR', '2016-10-19 05:08:32', 201, 0, '0000-00-00 00:00:00', 0),
(750, 5, 0, 5517, 0.5, 'STRAIGHT', 'CAR', '2016-10-19 05:08:32', 201, 0, '0000-00-00 00:00:00', 0),
(751, 5, 0, 5517.8, 0.5, 'PED', 'CAR', '2016-10-19 05:08:32', 201, 0, '0000-00-00 00:00:00', 0),
(752, 5, 0, 5537.3, 0.5, 'STRAIGHT', 'CAR', '2016-10-19 05:08:38', 201, 0, '0000-00-00 00:00:00', 0),
(753, 5, 0, 5536.5, 0.5, 'STRAIGHT', 'CAR', '2016-10-19 05:08:38', 201, 0, '0000-00-00 00:00:00', 0),
(754, 5, 0, 5538.8, 0.5, 'PED', 'CAR', '2016-10-19 05:08:38', 201, 0, '0000-00-00 00:00:00', 0),
(755, 5, 0, 5540.3, 0.5, 'PED', 'CAR', '2016-10-19 05:08:38', 201, 0, '0000-00-00 00:00:00', 0),
(756, 5, 0, 5541.8, 0.5, 'RTURN', 'CAR', '2016-10-19 05:08:39', 201, 0, '0000-00-00 00:00:00', 0),
(757, 5, 0, 5542.5, 0.5, 'RTURN', 'CAR', '2016-10-19 05:08:39', 201, 0, '0000-00-00 00:00:00', 0),
(758, 5, 0, 5543.3, 0.5, 'PED', 'CAR', '2016-10-19 05:08:39', 201, 0, '0000-00-00 00:00:00', 0),
(759, 5, 0, 5554.5, 0.5, 'STRAIGHT', 'CAR', '2016-10-19 05:08:42', 201, 0, '0000-00-00 00:00:00', 0),
(760, 5, 0, 5555.3, 0.5, 'LTURN', 'CAR', '2016-10-19 05:08:42', 201, 0, '0000-00-00 00:00:00', 0),
(761, 5, 0, 5556, 0.5, 'RTURN', 'CAR', '2016-10-19 05:08:42', 201, 0, '0000-00-00 00:00:00', 0),
(762, 5, 0, 5648.3, 0.5, 'STRAIGHT', 'CAR', '2016-10-19 05:09:07', 201, 0, '0000-00-00 00:00:00', 0),
(763, 5, 0, 5649, 0.5, 'RTURN', 'CAR', '2016-10-19 05:09:07', 201, 0, '0000-00-00 00:00:00', 0),
(764, 5, 0, 5652, 0.5, 'STRAIGHT', 'CAR', '2016-10-19 05:09:08', 201, 0, '0000-00-00 00:00:00', 0),
(765, 5, 0, 5653.5, 0.5, 'LTURN', 'CAR', '2016-10-19 05:09:08', 201, 0, '0000-00-00 00:00:00', 0),
(766, 5, 0, 5653.5, 0.5, 'LTURN', 'CAR', '2016-10-19 05:09:08', 201, 0, '0000-00-00 00:00:00', 0),
(767, 5, 0, 5653.5, 0.5, 'PED', 'CAR', '2016-10-19 05:09:09', 201, 0, '0000-00-00 00:00:00', 0),
(768, 5, 0, 5654.3, 0.5, 'LTURN', 'CAR', '2016-10-19 05:09:09', 201, 0, '0000-00-00 00:00:00', 0),
(769, 5, 0, 5657.3, 0.5, 'PED', 'CAR', '2016-10-19 05:09:09', 201, 0, '0000-00-00 00:00:00', 0),
(770, 5, 0, 5658, 0.5, 'STRAIGHT', 'CAR', '2016-10-19 05:09:09', 201, 0, '0000-00-00 00:00:00', 0),
(771, 5, 0, 5658, 0.5, 'PED', 'CAR', '2016-10-19 05:09:10', 201, 0, '0000-00-00 00:00:00', 0),
(772, 5, 0, 5658.8, 0.5, 'PED', 'CAR', '2016-10-19 05:09:10', 201, 0, '0000-00-00 00:00:00', 0),
(773, 5, 0, 5659.5, 0.5, 'PED', 'CAR', '2016-10-19 05:09:10', 201, 0, '0000-00-00 00:00:00', 0),
(774, 5, 0, 5659.5, 0.5, 'STRAIGHT', 'CAR', '2016-10-19 05:09:10', 201, 0, '0000-00-00 00:00:00', 0),
(775, 5, 0, 5659.5, 0.5, 'STRAIGHT', 'CAR', '2016-10-19 05:09:10', 201, 0, '0000-00-00 00:00:00', 0),
(776, 5, 0, 5770.5, 0.5, 'PED', 'CAR', '2016-10-19 05:09:40', 201, 0, '0000-00-00 00:00:00', 0),
(777, 5, 0, 5770.5, 0.5, 'STRAIGHT', 'CAR', '2016-10-19 05:09:40', 201, 0, '0000-00-00 00:00:00', 0),
(778, 5, 0, 5774.3, 0.5, 'STRAIGHT', 'CAR', '2016-10-19 05:09:41', 201, 0, '0000-00-00 00:00:00', 0),
(779, 5, 0, 5775.8, 0.5, 'PED', 'CAR', '2016-10-19 05:09:41', 201, 0, '0000-00-00 00:00:00', 0),
(780, 5, 0, 5776.5, 0.5, 'PED', 'CAR', '2016-10-19 05:09:41', 201, 0, '0000-00-00 00:00:00', 0),
(781, 5, 0, 5777.3, 0.5, 'STRAIGHT', 'CAR', '2016-10-19 05:09:41', 201, 0, '0000-00-00 00:00:00', 0),
(782, 5, 0, 5780.3, 0.5, 'PED', 'BICYCLE', '2016-10-19 05:09:42', 201, 0, '0000-00-00 00:00:00', 0),
(783, 5, 0, 5781, 0.5, 'STRAIGHT', 'CAR', '2016-10-19 05:09:42', 201, 0, '0000-00-00 00:00:00', 0),
(784, 5, 0, 5790, 0.5, 'RTURN', 'CAR', '2016-10-19 05:09:45', 201, 0, '0000-00-00 00:00:00', 0),
(785, 5, 0, 5790.8, 0.5, 'STRAIGHT', 'CAR', '2016-10-19 05:09:45', 201, 0, '0000-00-00 00:00:00', 0),
(786, 5, 0, 5793, 0.5, 'PED', 'CAR', '2016-10-19 05:09:46', 201, 0, '0000-00-00 00:00:00', 0),
(787, 5, 0, 5793.8, 0.5, 'PED', 'CAR', '2016-10-19 05:09:46', 201, 0, '0000-00-00 00:00:00', 0),
(788, 5, 0, 5794.5, 0.5, 'STRAIGHT', 'CAR', '2016-10-19 05:09:46', 201, 0, '0000-00-00 00:00:00', 0),
(789, 5, 0, 5795.3, 0.5, 'STRAIGHT', 'CAR', '2016-10-19 05:09:46', 201, 0, '0000-00-00 00:00:00', 0),
(790, 5, 0, 5796.8, 0.5, 'PED', 'CAR', '2016-10-19 05:09:47', 201, 0, '0000-00-00 00:00:00', 0),
(791, 5, 0, 5803.5, 0.5, 'LTURN', 'CAR', '2016-10-19 05:09:48', 201, 0, '0000-00-00 00:00:00', 0),
(792, 5, 0, 5803.5, 0.5, 'RTURN', 'CAR', '2016-10-19 05:09:48', 201, 0, '0000-00-00 00:00:00', 0),
(793, 5, 0, 5804.3, 0.5, 'LTURN', 'CAR', '2016-10-19 05:09:49', 201, 0, '0000-00-00 00:00:00', 0),
(794, 5, 0, 5804.3, 0.5, 'STRAIGHT', 'CAR', '2016-10-19 05:09:49', 201, 0, '0000-00-00 00:00:00', 0),
(795, 5, 0, 5803.5, 0.5, 'LTURN', 'CAR', '2016-10-19 05:09:49', 201, 0, '0000-00-00 00:00:00', 0),
(796, 5, 0, 5804.3, 0.5, 'RTURN', 'CAR', '2016-10-19 05:09:49', 201, 0, '0000-00-00 00:00:00', 0),
(797, 5, 0, 5805, 0.5, 'RTURN', 'CAR', '2016-10-19 05:09:49', 201, 0, '0000-00-00 00:00:00', 0),
(798, 5, 0, 5805, 0.5, 'LTURN', 'CAR', '2016-10-19 05:09:49', 201, 0, '0000-00-00 00:00:00', 0),
(799, 5, 0, 5806.5, 0.5, 'PED', 'CAR', '2016-10-19 05:09:49', 201, 0, '0000-00-00 00:00:00', 0),
(800, 5, 0, 5806.5, 0.5, 'LTURN', 'CAR', '2016-10-19 05:09:49', 201, 0, '0000-00-00 00:00:00', 0),
(801, 5, 0, 5807.3, 0.5, 'LTURN', 'CAR', '2016-10-19 05:09:49', 201, 0, '0000-00-00 00:00:00', 0),
(802, 5, 0, 5807.3, 0.5, 'RTURN', 'CAR', '2016-10-19 05:09:49', 201, 0, '0000-00-00 00:00:00', 0),
(803, 5, 0, 5808.8, 0.5, 'LTURN', 'CAR', '2016-10-19 05:09:50', 201, 0, '0000-00-00 00:00:00', 0),
(804, 5, 0, 5809.5, 0.5, 'LTURN', 'CAR', '2016-10-19 05:09:50', 201, 0, '0000-00-00 00:00:00', 0),
(805, 5, 0, 5809.5, 0.5, 'RTURN', 'CAR', '2016-10-19 05:09:50', 201, 0, '0000-00-00 00:00:00', 0),
(806, 5, 0, 5810.3, 0.5, 'STRAIGHT', 'CAR', '2016-10-19 05:09:50', 201, 0, '0000-00-00 00:00:00', 0),
(807, 5, 0, 5810.3, 0.5, 'RTURN', 'CAR', '2016-10-19 05:09:50', 201, 0, '0000-00-00 00:00:00', 0),
(808, 5, 0, 5811, 0.5, 'LTURN', 'CAR', '2016-10-19 05:09:50', 201, 0, '0000-00-00 00:00:00', 0),
(809, 5, 0, 5811.8, 0.5, 'LTURN', 'CAR', '2016-10-19 05:09:51', 201, 0, '0000-00-00 00:00:00', 0),
(810, 5, 0, 5811.8, 0.5, 'LTURN', 'CAR', '2016-10-19 05:09:51', 201, 0, '0000-00-00 00:00:00', 0),
(811, 5, 0, 5905.5, 0.5, 'RTURN', 'CAR', '2016-10-19 05:10:16', 201, 0, '0000-00-00 00:00:00', 0),
(812, 5, 0, 5906.3, 0.5, 'RTURN', 'CAR', '2016-10-19 05:10:16', 201, 0, '0000-00-00 00:00:00', 0),
(813, 5, 0, 5907.8, 0.5, 'LTURN', 'CAR', '2016-10-19 05:10:16', 201, 0, '0000-00-00 00:00:00', 0),
(814, 5, 0, 5907, 0.5, 'LTURN', 'CAR', '2016-10-19 05:10:16', 201, 0, '0000-00-00 00:00:00', 0),
(815, 5, 0, 5907, 0.5, 'RTURN', 'CAR', '2016-10-19 05:10:16', 201, 0, '0000-00-00 00:00:00', 0),
(816, 5, 0, 5907.8, 0.5, 'STRAIGHT', 'CAR', '2016-10-19 05:10:16', 201, 0, '0000-00-00 00:00:00', 0),
(817, 5, 0, 5907.8, 0.5, 'RTURN', 'CAR', '2016-10-19 05:10:16', 201, 0, '0000-00-00 00:00:00', 0),
(818, 5, 0, 5908.5, 0.5, 'STRAIGHT', 'CAR', '2016-10-19 05:10:17', 201, 0, '0000-00-00 00:00:00', 0),
(819, 5, 0, 5908.5, 0.5, 'LTURN', 'BICYCLE', '2016-10-19 05:10:17', 201, 0, '0000-00-00 00:00:00', 0),
(820, 5, 0, 5908.5, 0.5, 'RTURN', 'CAR', '2016-10-19 05:10:17', 201, 0, '0000-00-00 00:00:00', 0),
(821, 5, 0, 5908.5, 0.5, 'LTURN', 'CAR', '2016-10-19 05:10:17', 201, 0, '0000-00-00 00:00:00', 0),
(822, 5, 0, 5909.3, 0.5, 'STRAIGHT', 'CAR', '2016-10-19 05:10:17', 201, 0, '0000-00-00 00:00:00', 0),
(823, 5, 0, 5909.3, 0.5, 'RTURN', 'CAR', '2016-10-19 05:10:17', 201, 0, '0000-00-00 00:00:00', 0),
(824, 5, 0, 5909.3, 0.5, 'LTURN', 'CAR', '2016-10-19 05:10:17', 201, 0, '0000-00-00 00:00:00', 0),
(825, 5, 0, 5910, 0.5, 'RTURN', 'CAR', '2016-10-19 05:10:17', 201, 0, '0000-00-00 00:00:00', 0),
(826, 5, 0, 5911.5, 0.5, 'PED', 'CAR', '2016-10-19 05:10:17', 201, 0, '0000-00-00 00:00:00', 0),
(827, 5, 0, 5912.3, 0.5, 'RTURN', 'CAR', '2016-10-19 05:10:17', 201, 0, '0000-00-00 00:00:00', 0),
(828, 5, 0, 5912.3, 0.5, 'LTURN', 'CAR', '2016-10-19 05:10:17', 201, 0, '0000-00-00 00:00:00', 0),
(829, 5, 0, 5912.3, 0.5, 'STRAIGHT', 'CAR', '2016-10-19 05:10:17', 201, 0, '0000-00-00 00:00:00', 0),
(830, 5, 0, 5913, 0.5, 'RTURN', 'CAR', '2016-10-19 05:10:18', 201, 0, '0000-00-00 00:00:00', 0),
(831, 5, 0, 5913, 0.5, 'LTURN', 'CAR', '2016-10-19 05:10:18', 201, 0, '0000-00-00 00:00:00', 0),
(832, 5, 0, 5913, 0.5, 'STRAIGHT', 'CAR', '2016-10-19 05:10:18', 201, 0, '0000-00-00 00:00:00', 0),
(833, 5, 0, 5913.8, 0.5, 'RTURN', 'CAR', '2016-10-19 05:10:18', 201, 0, '0000-00-00 00:00:00', 0),
(834, 5, 0, 5913.8, 0.5, 'LTURN', 'CAR', '2016-10-19 05:10:18', 201, 0, '0000-00-00 00:00:00', 0),
(835, 5, 0, 5915.3, 0.5, 'LTURN', 'CAR', '2016-10-19 05:10:18', 201, 0, '0000-00-00 00:00:00', 0),
(836, 5, 0, 5916, 0.5, 'STRAIGHT', 'CAR', '2016-10-19 05:10:18', 201, 0, '0000-00-00 00:00:00', 0),
(837, 5, 0, 5917.5, 0.5, 'PED', 'CAR', '2016-10-19 05:10:19', 201, 0, '0000-00-00 00:00:00', 0),
(838, 5, 0, 5919, 0.5, 'STRAIGHT', 'CAR', '2016-10-19 05:10:19', 201, 0, '0000-00-00 00:00:00', 0),
(839, 5, 0, 5919.8, 0.5, 'PED', 'CAR', '2016-10-19 05:10:19', 201, 0, '0000-00-00 00:00:00', 0),
(840, 5, 0, 5920.5, 0.5, 'PED', 'CAR', '2016-10-19 05:10:20', 201, 0, '0000-00-00 00:00:00', 0),
(841, 5, 0, 6009, 0.5, 'RTURN', 'CAR', '2016-10-19 05:10:44', 201, 0, '0000-00-00 00:00:00', 0),
(842, 5, 0, 6009.8, 0.5, 'RTURN', 'CAR', '2016-10-19 05:10:44', 201, 0, '0000-00-00 00:00:00', 0),
(843, 5, 0, 6010.5, 0.5, 'STRAIGHT', 'CAR', '2016-10-19 05:10:44', 201, 0, '0000-00-00 00:00:00', 0),
(844, 5, 0, 6011.3, 0.5, 'STRAIGHT', 'CAR', '2016-10-19 05:10:44', 201, 0, '0000-00-00 00:00:00', 0),
(845, 5, 0, 6015, 0.5, 'UTURN', 'CAR', '2016-10-19 05:10:45', 201, 0, '0000-00-00 00:00:00', 0),
(846, 5, 0, 6018, 0.5, 'LTURN', 'CAR', '2016-10-19 05:10:46', 201, 0, '0000-00-00 00:00:00', 0),
(847, 5, 0, 6021.8, 0.5, 'RTURN', 'CAR', '2016-10-19 05:10:47', 201, 0, '0000-00-00 00:00:00', 0),
(848, 5, 0, 6022.5, 0.5, 'STRAIGHT', 'CAR', '2016-10-19 05:10:47', 201, 0, '0000-00-00 00:00:00', 0),
(849, 5, 0, 6023.3, 0.5, 'PED', 'CAR', '2016-10-19 05:10:47', 201, 0, '0000-00-00 00:00:00', 0),
(850, 5, 0, 6023.3, 0.5, 'STRAIGHT', 'CAR', '2016-10-19 05:10:47', 201, 0, '0000-00-00 00:00:00', 0),
(851, 5, 0, 6024, 0.5, 'STRAIGHT', 'CAR', '2016-10-19 05:10:47', 201, 0, '0000-00-00 00:00:00', 0),
(852, 5, 0, 6024.8, 0.5, 'STRAIGHT', 'CAR', '2016-10-19 05:10:47', 201, 0, '0000-00-00 00:00:00', 0),
(853, 5, 0, 6025.5, 0.5, 'PED', 'CAR', '2016-10-19 05:10:48', 201, 0, '0000-00-00 00:00:00', 0),
(854, 5, 0, 6162, 0.5, 'PED', 'CAR', '2016-10-19 05:11:24', 201, 0, '0000-00-00 00:00:00', 0),
(855, 5, 0, 6162, 0.5, 'RTURN', 'CAR', '2016-10-19 05:11:24', 201, 0, '0000-00-00 00:00:00', 0),
(856, 5, 0, 6162.8, 0.5, 'PED', 'CAR', '2016-10-19 05:11:25', 201, 0, '0000-00-00 00:00:00', 0),
(857, 5, 0, 6163.5, 0.5, 'STRAIGHT', 'CAR', '2016-10-19 05:11:25', 201, 0, '0000-00-00 00:00:00', 0),
(858, 5, 0, 6164.3, 0.5, 'PED', 'CAR', '2016-10-19 05:11:25', 201, 0, '0000-00-00 00:00:00', 0),
(859, 5, 0, 6164.3, 0.5, 'STRAIGHT', 'CAR', '2016-10-19 05:11:25', 201, 0, '0000-00-00 00:00:00', 0),
(860, 5, 0, 6165, 0.5, 'PED', 'CAR', '2016-10-19 05:11:25', 201, 0, '0000-00-00 00:00:00', 0),
(861, 5, 0, 6165, 0.5, 'PED', 'CAR', '2016-10-19 05:11:25', 201, 0, '0000-00-00 00:00:00', 0),
(862, 5, 0, 6165.8, 0.5, 'STRAIGHT', 'CAR', '2016-10-19 05:11:25', 201, 0, '0000-00-00 00:00:00', 0),
(863, 5, 0, 6166.5, 0.5, 'STRAIGHT', 'CAR', '2016-10-19 05:11:25', 201, 0, '0000-00-00 00:00:00', 0),
(864, 5, 0, 6166.5, 0.5, 'STRAIGHT', 'CAR', '2016-10-19 05:11:25', 201, 0, '0000-00-00 00:00:00', 0),
(865, 5, 0, 6167.3, 0.5, 'PED', 'CAR', '2016-10-19 05:11:25', 201, 0, '0000-00-00 00:00:00', 0),
(866, 5, 0, 6167.3, 0.5, 'STRAIGHT', 'CAR', '2016-10-19 05:11:26', 201, 0, '0000-00-00 00:00:00', 0),
(867, 5, 0, 6168.8, 0.5, 'STRAIGHT', 'CAR', '2016-10-19 05:11:26', 201, 0, '0000-00-00 00:00:00', 0),
(868, 5, 0, 6165.8, 0.5, 'PED', 'CAR', '2016-10-19 05:11:26', 201, 0, '0000-00-00 00:00:00', 0),
(869, 5, 0, 6168.8, 0.5, 'STRAIGHT', 'CAR', '2016-10-19 05:11:26', 201, 0, '0000-00-00 00:00:00', 0),
(870, 5, 0, 6170.3, 0.5, 'PED', 'CAR', '2016-10-19 05:11:26', 201, 0, '0000-00-00 00:00:00', 0),
(871, 5, 0, 6171.8, 0.5, 'STRAIGHT', 'CAR', '2016-10-19 05:11:27', 201, 0, '0000-00-00 00:00:00', 0),
(872, 5, 0, 6172.5, 0.5, 'PED', 'CAR', '2016-10-19 05:11:27', 201, 0, '0000-00-00 00:00:00', 0),
(873, 5, 0, 6172.5, 0.5, 'STRAIGHT', 'CAR', '2016-10-19 05:11:27', 201, 0, '0000-00-00 00:00:00', 0),
(874, 5, 0, 6173.3, 0.5, 'PED', 'CAR', '2016-10-19 05:11:27', 201, 0, '0000-00-00 00:00:00', 0),
(875, 5, 0, 6173.3, 0.5, 'STRAIGHT', 'CAR', '2016-10-19 05:11:27', 201, 0, '0000-00-00 00:00:00', 0),
(876, 5, 0, 6174, 0.5, 'PED', 'CAR', '2016-10-19 05:11:27', 201, 0, '0000-00-00 00:00:00', 0),
(877, 5, 0, 6174.8, 0.5, 'STRAIGHT', 'CAR', '2016-10-19 05:11:27', 201, 0, '0000-00-00 00:00:00', 0),
(878, 5, 0, 6174.8, 0.5, 'PED', 'CAR', '2016-10-19 05:11:27', 201, 0, '0000-00-00 00:00:00', 0),
(879, 5, 0, 6175.5, 0.5, 'PED', 'CAR', '2016-10-19 05:11:28', 201, 0, '0000-00-00 00:00:00', 0),
(880, 5, 0, 6176.3, 0.5, 'PED', 'CAR', '2016-10-19 05:11:28', 201, 0, '0000-00-00 00:00:00', 0),
(881, 5, 0, 6177, 0.5, 'PED', 'CAR', '2016-10-19 05:11:28', 201, 0, '0000-00-00 00:00:00', 0),
(882, 5, 0, 6177.8, 0.5, 'PED', 'CAR', '2016-10-19 05:11:28', 201, 0, '0000-00-00 00:00:00', 0),
(883, 5, 0, 6178.5, 0.5, 'PED', 'CAR', '2016-10-19 05:11:28', 201, 0, '0000-00-00 00:00:00', 0),
(884, 5, 0, 6503.3, 0.5, 'LTURN', 'CAR', '2016-10-19 05:12:55', 201, 0, '0000-00-00 00:00:00', 0),
(885, 5, 0, 6504, 0.5, 'RTURN', 'CAR', '2016-10-19 05:12:55', 201, 0, '0000-00-00 00:00:00', 0),
(886, 5, 0, 6504, 0.5, 'STRAIGHT', 'CAR', '2016-10-19 05:12:55', 201, 0, '0000-00-00 00:00:00', 0),
(887, 5, 0, 6504, 0.5, 'LTURN', 'CAR', '2016-10-19 05:12:55', 201, 0, '0000-00-00 00:00:00', 0),
(888, 5, 0, 6504.8, 0.5, 'LTURN', 'CAR', '2016-10-19 05:12:56', 201, 0, '0000-00-00 00:00:00', 0),
(889, 5, 0, 6504.8, 0.5, 'STRAIGHT', 'CAR', '2016-10-19 05:12:56', 201, 0, '0000-00-00 00:00:00', 0),
(890, 5, 0, 6505.5, 0.5, 'LTURN', 'CAR', '2016-10-19 05:12:56', 201, 0, '0000-00-00 00:00:00', 0),
(891, 5, 0, 6506.3, 0.5, 'LTURN', 'CAR', '2016-10-19 05:12:56', 201, 0, '0000-00-00 00:00:00', 0),
(892, 5, 0, 6506.3, 0.5, 'RTURN', 'CAR', '2016-10-19 05:12:56', 201, 0, '0000-00-00 00:00:00', 0),
(893, 5, 0, 6507, 0.5, 'LTURN', 'CAR', '2016-10-19 05:12:56', 201, 0, '0000-00-00 00:00:00', 0),
(894, 5, 0, 6508.5, 0.5, 'LTURN', 'CAR', '2016-10-19 05:12:56', 201, 0, '0000-00-00 00:00:00', 0),
(895, 5, 0, 6509.3, 0.5, 'RTURN', 'CAR', '2016-10-19 05:12:57', 201, 0, '0000-00-00 00:00:00', 0),
(896, 5, 0, 6509.3, 0.5, 'LTURN', 'CAR', '2016-10-19 05:12:57', 201, 0, '0000-00-00 00:00:00', 0),
(897, 5, 0, 6512.3, 0.5, 'STRAIGHT', 'CAR', '2016-10-19 05:12:57', 201, 0, '0000-00-00 00:00:00', 0),
(898, 5, 0, 6513, 0.5, 'PED', 'CAR', '2016-10-19 05:12:58', 201, 0, '0000-00-00 00:00:00', 0),
(899, 5, 0, 6513.8, 0.5, 'STRAIGHT', 'CAR', '2016-10-19 05:12:58', 201, 0, '0000-00-00 00:00:00', 0),
(900, 5, 0, 6514.5, 0.5, 'STRAIGHT', 'CAR', '2016-10-19 05:12:58', 201, 0, '0000-00-00 00:00:00', 0),
(901, 5, 0, 6514.5, 0.5, 'PED', 'CAR', '2016-10-19 05:12:58', 201, 0, '0000-00-00 00:00:00', 0),
(902, 5, 0, 6515.3, 0.5, 'STRAIGHT', 'CAR', '2016-10-19 05:12:58', 201, 0, '0000-00-00 00:00:00', 0),
(903, 5, 0, 6515.3, 0.5, 'PED', 'CAR', '2016-10-19 05:12:58', 201, 0, '0000-00-00 00:00:00', 0),
(904, 5, 0, 6516.8, 0.5, 'STRAIGHT', 'CAR', '2016-10-19 05:12:59', 201, 0, '0000-00-00 00:00:00', 0),
(905, 5, 0, 6516.8, 0.5, 'STRAIGHT', 'CAR', '2016-10-19 05:12:59', 201, 0, '0000-00-00 00:00:00', 0),
(906, 5, 0, 6517.5, 0.5, 'STRAIGHT', 'CAR', '2016-10-19 05:12:59', 201, 0, '0000-00-00 00:00:00', 0),
(907, 5, 0, 6519, 0.5, 'STRAIGHT', 'CAR', '2016-10-19 05:12:59', 201, 0, '0000-00-00 00:00:00', 0),
(908, 5, 0, 6519.8, 0.5, 'PED', 'CAR', '2016-10-19 05:12:59', 201, 0, '0000-00-00 00:00:00', 0),
(909, 5, 0, 6520.5, 0.5, 'STRAIGHT', 'CAR', '2016-10-19 05:13:00', 201, 0, '0000-00-00 00:00:00', 0),
(910, 5, 0, 6521.3, 0.5, 'STRAIGHT', 'CAR', '2016-10-19 05:13:00', 201, 0, '0000-00-00 00:00:00', 0),
(911, 5, 0, 6522, 0.5, 'PED', 'CAR', '2016-10-19 05:13:00', 201, 0, '0000-00-00 00:00:00', 0),
(912, 5, 0, 6523.5, 0.5, 'STRAIGHT', 'CAR', '2016-10-19 05:13:00', 201, 0, '0000-00-00 00:00:00', 0),
(913, 5, 0, 6525, 0.5, 'STRAIGHT', 'CAR', '2016-10-19 05:13:01', 201, 0, '0000-00-00 00:00:00', 0),
(914, 5, 0, 6525, 0.5, 'STRAIGHT', 'CAR', '2016-10-19 05:13:01', 201, 0, '0000-00-00 00:00:00', 0),
(915, 5, 0, 6525.8, 0.5, 'STRAIGHT', 'CAR', '2016-10-19 05:13:01', 201, 0, '0000-00-00 00:00:00', 0),
(916, 5, 0, 6526.5, 0.5, 'PED', 'CAR', '2016-10-19 05:13:01', 201, 0, '0000-00-00 00:00:00', 0),
(917, 5, 0, 6526.5, 0.5, 'STRAIGHT', 'CAR', '2016-10-19 05:13:01', 201, 0, '0000-00-00 00:00:00', 0),
(918, 5, 0, 6527.3, 0.5, 'PED', 'CAR', '2016-10-19 05:13:01', 201, 0, '0000-00-00 00:00:00', 0),
(919, 5, 0, 6527.3, 0.5, 'STRAIGHT', 'CAR', '2016-10-19 05:13:01', 201, 0, '0000-00-00 00:00:00', 0),
(920, 5, 0, 6528, 0.5, 'STRAIGHT', 'CAR', '2016-10-19 05:13:02', 201, 0, '0000-00-00 00:00:00', 0),
(921, 5, 0, 6528, 0.5, 'RTURN', 'CAR', '2016-10-19 05:13:02', 201, 0, '0000-00-00 00:00:00', 0),
(922, 5, 0, 6528, 0.5, 'RTURN', 'CAR', '2016-10-19 05:13:02', 201, 0, '0000-00-00 00:00:00', 0),
(923, 5, 0, 6528, 0.5, 'STRAIGHT', 'CAR', '2016-10-19 05:13:02', 201, 0, '0000-00-00 00:00:00', 0),
(924, 5, 0, 6528.8, 0.5, 'STRAIGHT', 'BICYCLE', '2016-10-19 05:13:02', 201, 0, '0000-00-00 00:00:00', 0),
(925, 5, 0, 6528.8, 0.5, 'STRAIGHT', 'CAR', '2016-10-19 05:13:02', 201, 0, '0000-00-00 00:00:00', 0),
(926, 5, 0, 6529.5, 0.5, 'PED', 'CAR', '2016-10-19 05:13:02', 201, 0, '0000-00-00 00:00:00', 0),
(927, 5, 0, 6529.5, 0.5, 'STRAIGHT', 'CAR', '2016-10-19 05:13:02', 201, 0, '0000-00-00 00:00:00', 0),
(928, 5, 0, 6531, 0.5, 'STRAIGHT', 'BICYCLE', '2016-10-19 05:13:02', 201, 0, '0000-00-00 00:00:00', 0),
(929, 5, 0, 6531, 0.5, 'STRAIGHT', 'CAR', '2016-10-19 05:13:02', 201, 0, '0000-00-00 00:00:00', 0),
(930, 5, 0, 6561.8, 0.5, 'STRAIGHT', 'CAR', '2016-10-19 05:13:11', 201, 0, '0000-00-00 00:00:00', 0),
(931, 5, 0, 6562.5, 0.5, 'STRAIGHT', 'CAR', '2016-10-19 05:13:11', 201, 0, '0000-00-00 00:00:00', 0),
(932, 5, 0, 6563.3, 0.5, 'RTURN', 'CAR', '2016-10-19 05:13:11', 201, 0, '0000-00-00 00:00:00', 0),
(933, 5, 0, 6564.8, 0.5, 'STRAIGHT', 'CAR', '2016-10-19 05:13:11', 201, 0, '0000-00-00 00:00:00', 0),
(934, 5, 0, 6564, 0.5, 'RTURN', 'CAR', '2016-10-19 05:13:11', 201, 0, '0000-00-00 00:00:00', 0),
(935, 5, 0, 6565.5, 0.5, 'STRAIGHT', 'CAR', '2016-10-19 05:13:12', 201, 0, '0000-00-00 00:00:00', 0),
(936, 5, 0, 6566.3, 0.5, 'LTURN', 'CAR', '2016-10-19 05:13:12', 201, 0, '0000-00-00 00:00:00', 0),
(937, 5, 0, 6567, 0.5, 'LTURN', 'CAR', '2016-10-19 05:13:12', 201, 0, '0000-00-00 00:00:00', 0),
(938, 5, 0, 6567.8, 0.5, 'PED', 'CAR', '2016-10-19 05:13:12', 201, 0, '0000-00-00 00:00:00', 0),
(939, 5, 0, 6568.5, 0.5, 'PED', 'CAR', '2016-10-19 05:13:12', 201, 0, '0000-00-00 00:00:00', 0),
(940, 5, 0, 6570.8, 0.5, 'UTURN', 'CAR', '2016-10-19 05:13:13', 201, 0, '0000-00-00 00:00:00', 0),
(941, 5, 0, 6571.5, 0.5, 'UTURN', 'CAR', '2016-10-19 05:13:13', 201, 0, '0000-00-00 00:00:00', 0),
(942, 5, 0, 6574.5, 0.5, 'RTURN', 'CAR', '2016-10-19 05:13:14', 201, 0, '0000-00-00 00:00:00', 0),
(943, 5, 0, 6576.8, 0.5, 'PED', 'CAR', '2016-10-19 05:13:15', 201, 0, '0000-00-00 00:00:00', 0),
(944, 5, 0, 6578.3, 0.5, 'STRAIGHT', 'CAR', '2016-10-19 05:13:15', 201, 0, '0000-00-00 00:00:00', 0),
(945, 5, 0, 6578.3, 0.5, 'PED', 'CAR', '2016-10-19 05:13:15', 201, 0, '0000-00-00 00:00:00', 0),
(946, 5, 0, 6579.8, 0.5, 'PED', 'CAR', '2016-10-19 05:13:15', 201, 0, '0000-00-00 00:00:00', 0),
(947, 5, 0, 6579.8, 0.5, 'RTURN', 'CAR', '2016-10-19 05:13:15', 201, 0, '0000-00-00 00:00:00', 0),
(948, 5, 0, 6580.5, 0.5, 'PED', 'CAR', '2016-10-19 05:13:15', 201, 0, '0000-00-00 00:00:00', 0),
(949, 5, 0, 6586.5, 0.5, 'PED', 'CAR', '2016-10-19 05:13:17', 201, 0, '0000-00-00 00:00:00', 0),
(950, 5, 0, 6586.5, 0.5, 'PED', 'CAR', '2016-10-19 05:13:17', 201, 0, '0000-00-00 00:00:00', 0),
(951, 5, 0, 6590.3, 0.5, 'PED', 'CAR', '2016-10-19 05:13:18', 201, 0, '0000-00-00 00:00:00', 0),
(952, 5, 0, 6591, 0.5, 'PED', 'CAR', '2016-10-19 05:13:18', 201, 0, '0000-00-00 00:00:00', 0),
(953, 5, 0, 6591.8, 0.5, 'STRAIGHT', 'CAR', '2016-10-19 05:13:19', 201, 0, '0000-00-00 00:00:00', 0),
(954, 5, 0, 6593.3, 0.5, 'RTURN', 'BICYCLE', '2016-10-19 05:13:19', 201, 0, '0000-00-00 00:00:00', 0),
(955, 5, 0, 6594, 0.5, 'RTURN', 'CAR', '2016-10-19 05:13:19', 201, 0, '0000-00-00 00:00:00', 0),
(956, 5, 0, 6594.8, 0.5, 'LTURN', 'CAR', '2016-10-19 05:13:19', 201, 0, '0000-00-00 00:00:00', 0),
(957, 5, 0, 6598.5, 0.5, 'UTURN', 'CAR', '2016-10-19 05:13:20', 201, 0, '0000-00-00 00:00:00', 0),
(958, 5, 0, 6599.3, 0.5, 'UTURN', 'CAR', '2016-10-19 05:13:21', 201, 0, '0000-00-00 00:00:00', 0),
(959, 5, 0, 6600, 0.5, 'PED', 'CAR', '2016-10-19 05:13:21', 201, 0, '0000-00-00 00:00:00', 0),
(960, 5, 0, 6603.8, 0.5, 'RTURN', 'CAR', '2016-10-19 05:13:22', 201, 0, '0000-00-00 00:00:00', 0),
(961, 5, 0, 6604.5, 0.5, 'STRAIGHT', 'CAR', '2016-10-19 05:13:22', 201, 0, '0000-00-00 00:00:00', 0),
(962, 5, 0, 6605.3, 0.5, 'LTURN', 'CAR', '2016-10-19 05:13:22', 201, 0, '0000-00-00 00:00:00', 0),
(963, 5, 0, 6606, 0.5, 'UTURN', 'CAR', '2016-10-19 05:13:22', 201, 0, '0000-00-00 00:00:00', 0),
(964, 5, 0, 6774.8, 1, 'STRAIGHT', 'CAR', '2016-10-19 05:13:55', 201, 0, '0000-00-00 00:00:00', 0),
(965, 5, 0, 6775.5, 1, 'RTURN', 'CAR', '2016-10-19 05:13:55', 201, 0, '0000-00-00 00:00:00', 0),
(966, 5, 0, 6777.8, 1, 'LTURN', 'CAR', '2016-10-19 05:13:55', 201, 0, '0000-00-00 00:00:00', 0),
(967, 5, 0, 6780, 1, 'PED', 'CAR', '2016-10-19 05:13:55', 201, 0, '0000-00-00 00:00:00', 0),
(968, 5, 0, 6780.8, 1, 'STRAIGHT', 'CAR', '2016-10-19 05:13:55', 201, 0, '0000-00-00 00:00:00', 0),
(969, 5, 0, 6783, 1, 'PED', 'CAR', '2016-10-19 05:13:56', 201, 0, '0000-00-00 00:00:00', 0),
(970, 5, 0, 6783.8, 1, 'STRAIGHT', 'CAR', '2016-10-19 05:13:56', 201, 0, '0000-00-00 00:00:00', 0),
(971, 5, 0, 6783.8, 1, 'PED', 'CAR', '2016-10-19 05:13:56', 201, 0, '0000-00-00 00:00:00', 0),
(972, 5, 0, 6785.3, 1, 'PED', 'CAR', '2016-10-19 05:13:56', 201, 0, '0000-00-00 00:00:00', 0),
(973, 5, 0, 6785.3, 1, 'LTURN', 'CAR', '2016-10-19 05:13:56', 201, 0, '0000-00-00 00:00:00', 0),
(974, 5, 0, 6788.3, 1, 'PED', 'CAR', '2016-10-19 05:13:56', 201, 0, '0000-00-00 00:00:00', 0),
(975, 5, 0, 6789.8, 1, 'PED', 'CAR', '2016-10-19 05:13:57', 201, 0, '0000-00-00 00:00:00', 0),
(976, 5, 0, 6792.8, 1, 'PED', 'CAR', '2016-10-19 05:13:57', 201, 0, '0000-00-00 00:00:00', 0),
(977, 5, 0, 6793.5, 1, 'STRAIGHT', 'CAR', '2016-10-19 05:13:57', 201, 0, '0000-00-00 00:00:00', 0),
(978, 5, 0, 6793.5, 1, 'STRAIGHT', 'CAR', '2016-10-19 05:13:57', 201, 0, '0000-00-00 00:00:00', 0),
(979, 5, 0, 6795, 1, 'STRAIGHT', 'CAR', '2016-10-19 05:13:57', 201, 0, '0000-00-00 00:00:00', 0),
(980, 5, 0, 6796.5, 1, 'STRAIGHT', 'CAR', '2016-10-19 05:13:57', 201, 0, '0000-00-00 00:00:00', 0),
(981, 5, 0, 6797.3, 1, 'PED', 'CAR', '2016-10-19 05:13:58', 201, 0, '0000-00-00 00:00:00', 0),
(982, 5, 0, 6797.3, 1, 'STRAIGHT', 'CAR', '2016-10-19 05:13:58', 201, 0, '0000-00-00 00:00:00', 0),
(983, 5, 0, 6968.3, 1, 'PED', 'BICYCLE', '2016-10-19 05:14:21', 201, 0, '0000-00-00 00:00:00', 0),
(984, 5, 0, 6970.5, 1, 'STRAIGHT', 'CAR', '2016-10-19 05:14:21', 201, 0, '0000-00-00 00:00:00', 0),
(985, 5, 0, 6974.3, 1, 'LTURN', 'CAR', '2016-10-19 05:14:21', 201, 0, '0000-00-00 00:00:00', 0),
(986, 5, 0, 6975.8, 1, 'LTURN', 'BICYCLE', '2016-10-19 05:14:21', 201, 0, '0000-00-00 00:00:00', 0),
(987, 5, 0, 6975, 1, 'UTURN', 'CAR', '2016-10-19 05:14:21', 201, 0, '0000-00-00 00:00:00', 0),
(988, 5, 0, 6975.8, 1, 'UTURN', 'BICYCLE', '2016-10-19 05:14:22', 201, 0, '0000-00-00 00:00:00', 0),
(989, 5, 0, 6980.3, 1, 'PED', 'CAR', '2016-10-19 05:14:22', 201, 0, '0000-00-00 00:00:00', 0),
(990, 5, 0, 6980.3, 1, 'STRAIGHT', 'CAR', '2016-10-19 05:14:22', 201, 0, '0000-00-00 00:00:00', 0),
(991, 5, 0, 6981, 1, 'STRAIGHT', 'CAR', '2016-10-19 05:14:22', 201, 0, '0000-00-00 00:00:00', 0),
(992, 5, 0, 6981.8, 1, 'PED', 'CAR', '2016-10-19 05:14:22', 201, 0, '0000-00-00 00:00:00', 0),
(993, 5, 0, 6982.5, 1, 'STRAIGHT', 'CAR', '2016-10-19 05:14:22', 201, 0, '0000-00-00 00:00:00', 0),
(994, 5, 0, 6984, 1, 'RTURN', 'CAR', '2016-10-19 05:14:22', 201, 0, '0000-00-00 00:00:00', 0),
(995, 5, 0, 6984, 1, 'RTURN', 'CAR', '2016-10-19 05:14:22', 201, 0, '0000-00-00 00:00:00', 0),
(996, 5, 0, 7127.3, 1, 'STRAIGHT', 'CAR', '2016-10-19 05:14:42', 201, 0, '0000-00-00 00:00:00', 0),
(997, 5, 0, 7128.8, 1, 'STRAIGHT', 'CAR', '2016-10-19 05:14:42', 201, 0, '0000-00-00 00:00:00', 0),
(998, 5, 0, 7128.8, 1, 'STRAIGHT', 'CAR', '2016-10-19 05:14:42', 201, 0, '0000-00-00 00:00:00', 0),
(999, 5, 0, 7129.5, 1, 'RTURN', 'CAR', '2016-10-19 05:14:42', 201, 0, '0000-00-00 00:00:00', 0),
(1000, 5, 0, 7130.3, 1, 'LTURN', 'CAR', '2016-10-19 05:14:42', 201, 0, '0000-00-00 00:00:00', 0),
(1001, 5, 0, 7131, 1, 'PED', 'CAR', '2016-10-19 05:14:42', 201, 0, '0000-00-00 00:00:00', 0),
(1002, 5, 0, 7131.8, 1, 'LTURN', 'CAR', '2016-10-19 05:14:42', 201, 0, '0000-00-00 00:00:00', 0),
(1003, 5, 0, 7135.5, 1, 'PED', 'CAR', '2016-10-19 05:14:43', 201, 0, '0000-00-00 00:00:00', 0),
(1004, 5, 0, 7137.8, 1, 'STRAIGHT', 'CAR', '2016-10-19 05:14:43', 201, 0, '0000-00-00 00:00:00', 0),
(1005, 5, 0, 7137.8, 1, 'RTURN', 'CAR', '2016-10-19 05:14:43', 201, 0, '0000-00-00 00:00:00', 0),
(1006, 5, 0, 7140, 1, 'RTURN', 'CAR', '2016-10-19 05:14:43', 201, 0, '0000-00-00 00:00:00', 0),
(1007, 5, 0, 7141.5, 1, 'STRAIGHT', 'CAR', '2016-10-19 05:14:43', 201, 0, '0000-00-00 00:00:00', 0),
(1008, 5, 0, 7144.5, 1, 'STRAIGHT', 'TRUCK', '2016-10-19 05:14:44', 201, 0, '0000-00-00 00:00:00', 0),
(1009, 5, 0, 7145.3, 1, 'UTURN', 'CAR', '2016-10-19 05:14:44', 201, 0, '0000-00-00 00:00:00', 0),
(1010, 5, 0, 7149.8, 1, 'STRAIGHT', 'CAR', '2016-10-19 05:14:45', 201, 0, '0000-00-00 00:00:00', 0),
(1011, 5, 0, 7151.3, 1, 'STRAIGHT', 'CAR', '2016-10-19 05:14:45', 201, 0, '0000-00-00 00:00:00', 0),
(1012, 5, 0, 7178.3, 1, 'RTURN', 'CAR', '2016-10-19 05:14:48', 201, 0, '0000-00-00 00:00:00', 0),
(1013, 5, 0, 7179.8, 1, 'STRAIGHT', 'CAR', '2016-10-19 05:14:48', 201, 0, '0000-00-00 00:00:00', 0),
(1014, 5, 0, 7181.3, 1, 'STRAIGHT', 'CAR', '2016-10-19 05:14:49', 201, 0, '0000-00-00 00:00:00', 0),
(1015, 5, 0, 7182, 1, 'STRAIGHT', 'CAR', '2016-10-19 05:14:49', 201, 0, '0000-00-00 00:00:00', 0),
(1016, 5, 0, 7184.3, 1, 'PED', 'CAR', '2016-10-19 05:14:49', 201, 0, '0000-00-00 00:00:00', 0),
(1017, 5, 0, 7189.5, 1, 'UTURN', 'CAR', '2016-10-19 05:14:50', 201, 0, '0000-00-00 00:00:00', 0),
(1018, 5, 0, 7194.8, 1, 'STRAIGHT', 'CAR', '2016-10-19 05:14:51', 201, 0, '0000-00-00 00:00:00', 0),
(1019, 5, 0, 7197.8, 1, 'PED', 'CAR', '2016-10-19 05:14:51', 201, 0, '0000-00-00 00:00:00', 0),
(1020, 5, 0, 7197.8, 1, 'STRAIGHT', 'CAR', '2016-10-19 05:14:51', 201, 0, '0000-00-00 00:00:00', 0),
(1021, 5, 0, 7199.3, 1, 'STRAIGHT', 'CAR', '2016-10-19 05:14:51', 201, 0, '0000-00-00 00:00:00', 0),
(1022, 5, 0, 7199.3, 1, 'RTURN', 'CAR', '2016-10-19 05:14:51', 201, 0, '0000-00-00 00:00:00', 0),
(1023, 5, 0, 7790.3, 1, 'RTURN', 'CAR', '2016-10-19 05:16:10', 201, 0, '0000-00-00 00:00:00', 0),
(1024, 5, 0, 7792.5, 1, 'PED', 'CAR', '2016-10-19 05:16:11', 201, 0, '0000-00-00 00:00:00', 0),
(1025, 5, 0, 7795.5, 1, 'LTURN', 'CAR', '2016-10-19 05:16:11', 201, 0, '0000-00-00 00:00:00', 0),
(1026, 5, 0, 7794.8, 1, 'LTURN', 'CAR', '2016-10-19 05:16:11', 201, 0, '0000-00-00 00:00:00', 0),
(1027, 5, 0, 7797.8, 1, 'RTURN', 'CAR', '2016-10-19 05:16:11', 201, 0, '0000-00-00 00:00:00', 0),
(1028, 5, 0, 7797, 1, 'STRAIGHT', 'CAR', '2016-10-19 05:16:11', 201, 0, '0000-00-00 00:00:00', 0),
(1029, 5, 0, 7796.3, 1, 'RTURN', 'CAR', '2016-10-19 05:16:11', 201, 0, '0000-00-00 00:00:00', 0),
(1030, 5, 0, 7797.8, 1, 'STRAIGHT', 'CAR', '2016-10-19 05:16:11', 201, 0, '0000-00-00 00:00:00', 0),
(1031, 5, 0, 7797.8, 1, 'STRAIGHT', 'CAR', '2016-10-19 05:16:11', 201, 0, '0000-00-00 00:00:00', 0);
INSERT INTO `idax_video_counts` (`videocountid`, `layoutid`, `legindex`, `videoposition`, `videospeed`, `counttype`, `objecttype`, `countedtime`, `countedby_user`, `rejected`, `rejectedtime`, `rejectedby_user`) VALUES
(1032, 5, 0, 7799.3, 1, 'LTURN', 'CAR', '2016-10-19 05:16:11', 201, 0, '0000-00-00 00:00:00', 0),
(1033, 5, 0, 7802.3, 1, 'LTURN', 'CAR', '2016-10-19 05:16:12', 201, 0, '0000-00-00 00:00:00', 0),
(1034, 5, 0, 7803, 1, 'RTURN', 'CAR', '2016-10-19 05:16:12', 201, 0, '0000-00-00 00:00:00', 0),
(1035, 5, 0, 7803, 1, 'RTURN', 'CAR', '2016-10-19 05:16:12', 201, 0, '0000-00-00 00:00:00', 0),
(1036, 5, 0, 7805.3, 1, 'STRAIGHT', 'CAR', '2016-10-19 05:16:12', 201, 0, '0000-00-00 00:00:00', 0),
(1037, 5, 0, 7806.8, 1, 'STRAIGHT', 'CAR', '2016-10-19 05:16:12', 201, 0, '0000-00-00 00:00:00', 0),
(1038, 5, 0, 7806.8, 1, 'STRAIGHT', 'CAR', '2016-10-19 05:16:12', 201, 0, '0000-00-00 00:00:00', 0),
(1039, 5, 0, 7809.8, 1, 'STRAIGHT', 'CAR', '2016-10-19 05:16:13', 201, 0, '0000-00-00 00:00:00', 0),
(1040, 5, 0, 7811.3, 1, 'LTURN', 'CAR', '2016-10-19 05:16:13', 201, 0, '0000-00-00 00:00:00', 0),
(1041, 5, 0, 7812, 1, 'PED', 'CAR', '2016-10-19 05:16:13', 201, 0, '0000-00-00 00:00:00', 0),
(1042, 5, 0, 7835.3, 1, 'RTURN', 'CAR', '2016-10-19 05:16:16', 201, 0, '0000-00-00 00:00:00', 0),
(1043, 5, 0, 7836.8, 1, 'RTURN', 'CAR', '2016-10-19 05:16:16', 201, 0, '0000-00-00 00:00:00', 0),
(1044, 5, 0, 7839, 1, 'LTURN', 'CAR', '2016-10-19 05:16:16', 201, 0, '0000-00-00 00:00:00', 0),
(1045, 5, 0, 7839.8, 1, 'PED', 'CAR', '2016-10-19 05:16:17', 201, 0, '0000-00-00 00:00:00', 0),
(1046, 5, 0, 7840.5, 1, 'STRAIGHT', 'CAR', '2016-10-19 05:16:17', 201, 0, '0000-00-00 00:00:00', 0),
(1047, 5, 0, 7842.8, 1, 'PED', 'CAR', '2016-10-19 05:16:17', 201, 0, '0000-00-00 00:00:00', 0),
(1048, 5, 0, 7844.3, 1, 'PED', 'CAR', '2016-10-19 05:16:17', 201, 0, '0000-00-00 00:00:00', 0),
(1049, 5, 0, 7846.5, 1, 'STRAIGHT', 'CAR', '2016-10-19 05:16:17', 201, 0, '0000-00-00 00:00:00', 0),
(1050, 5, 0, 7851, 1, 'STRAIGHT', 'CAR', '2016-10-19 05:16:18', 201, 0, '0000-00-00 00:00:00', 0),
(1051, 5, 0, 7852.5, 1, 'STRAIGHT', 'CAR', '2016-10-19 05:16:18', 201, 0, '0000-00-00 00:00:00', 0),
(1052, 5, 0, 7854, 1, 'STRAIGHT', 'CAR', '2016-10-19 05:16:18', 201, 0, '0000-00-00 00:00:00', 0),
(1053, 5, 0, 7854.8, 1, 'STRAIGHT', 'CAR', '2016-10-19 05:16:19', 201, 0, '0000-00-00 00:00:00', 0),
(1054, 5, 0, 7855.5, 1, 'STRAIGHT', 'CAR', '2016-10-19 05:16:19', 201, 0, '0000-00-00 00:00:00', 0),
(1055, 5, 0, 7857, 1, 'STRAIGHT', 'CAR', '2016-10-19 05:16:19', 201, 0, '0000-00-00 00:00:00', 0),
(1056, 5, 0, 7857.8, 1, 'STRAIGHT', 'CAR', '2016-10-19 05:16:19', 201, 0, '0000-00-00 00:00:00', 0),
(1057, 5, 0, 7857.8, 1, 'RTURN', 'CAR', '2016-10-19 05:16:19', 201, 0, '0000-00-00 00:00:00', 0),
(1058, 5, 0, 7860, 1, 'STRAIGHT', 'CAR', '2016-10-19 05:16:19', 201, 0, '0000-00-00 00:00:00', 0),
(1059, 5, 0, 7890.8, 1, 'STRAIGHT', 'CAR', '2016-10-19 05:16:23', 201, 0, '0000-00-00 00:00:00', 0),
(1060, 5, 0, 7893.8, 1, 'STRAIGHT', 'BICYCLE', '2016-10-19 05:16:24', 201, 0, '0000-00-00 00:00:00', 0),
(1061, 5, 0, 7896.8, 1, 'STRAIGHT', 'CAR', '2016-10-19 05:16:24', 201, 0, '0000-00-00 00:00:00', 0),
(1062, 5, 0, 7996.5, 1, 'PED', 'CAR', '2016-10-19 05:16:38', 201, 0, '0000-00-00 00:00:00', 0),
(1063, 5, 0, 7998, 1, 'STRAIGHT', 'CAR', '2016-10-19 05:16:38', 201, 0, '0000-00-00 00:00:00', 0),
(1064, 5, 0, 7999.5, 1, 'STRAIGHT', 'CAR', '2016-10-19 05:16:38', 201, 0, '0000-00-00 00:00:00', 0),
(1065, 5, 0, 8002.5, 1, 'STRAIGHT', 'CAR', '2016-10-19 05:16:38', 201, 0, '0000-00-00 00:00:00', 0),
(1066, 5, 0, 8001, 1, 'STRAIGHT', 'CAR', '2016-10-19 05:16:38', 201, 0, '0000-00-00 00:00:00', 0),
(1067, 5, 0, 8004, 1, 'STRAIGHT', 'CAR', '2016-10-19 05:16:38', 201, 0, '0000-00-00 00:00:00', 0),
(1068, 5, 0, 8006.3, 1, 'STRAIGHT', 'CAR', '2016-10-19 05:16:39', 201, 0, '0000-00-00 00:00:00', 0),
(1069, 5, 0, 8009.3, 1, 'PED', 'CAR', '2016-10-19 05:16:39', 201, 0, '0000-00-00 00:00:00', 0),
(1070, 5, 0, 8010.8, 1, 'STRAIGHT', 'CAR', '2016-10-19 05:16:39', 201, 0, '0000-00-00 00:00:00', 0),
(1071, 5, 0, 8014.5, 1, 'STRAIGHT', 'CAR', '2016-10-19 05:16:40', 201, 0, '0000-00-00 00:00:00', 0),
(1072, 5, 0, 8016, 1, 'STRAIGHT', 'CAR', '2016-10-19 05:16:40', 201, 0, '0000-00-00 00:00:00', 0),
(1073, 5, 0, 8016.8, 1, 'PED', 'CAR', '2016-10-19 05:16:40', 201, 0, '0000-00-00 00:00:00', 0),
(1074, 5, 0, 8019.8, 1, 'RTURN', 'CAR', '2016-10-19 05:16:41', 201, 0, '0000-00-00 00:00:00', 0),
(1075, 5, 0, 8022, 1, 'STRAIGHT', 'CAR', '2016-10-19 05:16:41', 201, 0, '0000-00-00 00:00:00', 0),
(1076, 5, 0, 8022.8, 1, 'PED', 'CAR', '2016-10-19 05:16:41', 201, 0, '0000-00-00 00:00:00', 0),
(1077, 5, 0, 8025, 1, 'PED', 'CAR', '2016-10-19 05:16:41', 201, 0, '0000-00-00 00:00:00', 0),
(1078, 5, 0, 8026.5, 1, 'RTURN', 'CAR', '2016-10-19 05:16:41', 201, 0, '0000-00-00 00:00:00', 0),
(1079, 5, 0, 8026.5, 1, 'STRAIGHT', 'CAR', '2016-10-19 05:16:41', 201, 0, '0000-00-00 00:00:00', 0),
(1080, 5, 0, 8026.5, 1, 'STRAIGHT', 'CAR', '2016-10-19 05:16:41', 201, 0, '0000-00-00 00:00:00', 0),
(1081, 5, 0, 8026.5, 1, 'RTURN', 'CAR', '2016-10-19 05:16:42', 201, 0, '0000-00-00 00:00:00', 0),
(1082, 5, 0, 8028, 1, 'STRAIGHT', 'CAR', '2016-10-19 05:16:42', 201, 0, '0000-00-00 00:00:00', 0),
(1083, 5, 0, 8042.3, 1, 'RTURN', 'CAR', '2016-10-19 05:16:44', 201, 0, '0000-00-00 00:00:00', 0),
(1084, 5, 0, 8046, 1, 'LTURN', 'CAR', '2016-10-19 05:16:44', 201, 0, '0000-00-00 00:00:00', 0),
(1085, 5, 0, 8046.8, 1, 'RTURN', 'CAR', '2016-10-19 05:16:44', 201, 0, '0000-00-00 00:00:00', 0),
(1086, 5, 0, 8047.5, 1, 'LTURN', 'CAR', '2016-10-19 05:16:44', 201, 0, '0000-00-00 00:00:00', 0),
(1087, 5, 0, 8047.5, 1, 'STRAIGHT', 'CAR', '2016-10-19 05:16:44', 201, 0, '0000-00-00 00:00:00', 0),
(1088, 5, 0, 8048.3, 1, 'RTURN', 'CAR', '2016-10-19 05:16:44', 201, 0, '0000-00-00 00:00:00', 0),
(1089, 5, 0, 8049, 1, 'LTURN', 'CAR', '2016-10-19 05:16:44', 201, 0, '0000-00-00 00:00:00', 0),
(1090, 5, 0, 8049, 1, 'STRAIGHT', 'CAR', '2016-10-19 05:16:45', 201, 0, '0000-00-00 00:00:00', 0),
(1091, 5, 0, 8052, 1, 'LTURN', 'CAR', '2016-10-19 05:16:45', 201, 0, '0000-00-00 00:00:00', 0),
(1092, 5, 0, 8055, 1, 'PED', 'CAR', '2016-10-19 05:16:45', 201, 0, '0000-00-00 00:00:00', 0),
(1093, 5, 0, 8058, 1, 'PED', 'CAR', '2016-10-19 05:16:46', 201, 0, '0000-00-00 00:00:00', 0),
(1094, 5, 0, 8226, 1, 'PED', 'CAR', '2016-10-19 05:17:08', 201, 0, '0000-00-00 00:00:00', 0),
(1095, 5, 0, 8226, 1, 'RTURN', 'CAR', '2016-10-19 05:17:08', 201, 0, '0000-00-00 00:00:00', 0),
(1096, 5, 0, 8227.5, 1, 'PED', 'CAR', '2016-10-19 05:17:08', 201, 0, '0000-00-00 00:00:00', 0),
(1097, 5, 0, 8227.5, 1, 'RTURN', 'CAR', '2016-10-19 05:17:09', 201, 0, '0000-00-00 00:00:00', 0),
(1098, 5, 0, 8229, 1, 'PED', 'CAR', '2016-10-19 05:17:09', 201, 0, '0000-00-00 00:00:00', 0),
(1099, 5, 0, 8230.5, 1, 'STRAIGHT', 'CAR', '2016-10-19 05:17:09', 201, 0, '0000-00-00 00:00:00', 0),
(1100, 5, 0, 8232, 1, 'STRAIGHT', 'CAR', '2016-10-19 05:17:09', 201, 0, '0000-00-00 00:00:00', 0),
(1101, 5, 0, 8241, 1, 'STRAIGHT', 'CAR', '2016-10-19 05:17:10', 201, 0, '0000-00-00 00:00:00', 0),
(1102, 5, 0, 8242.5, 1, 'RTURN', 'CAR', '2016-10-19 05:17:10', 201, 0, '0000-00-00 00:00:00', 0),
(1103, 5, 0, 8244, 1, 'RTURN', 'CAR', '2016-10-19 05:17:10', 201, 0, '0000-00-00 00:00:00', 0),
(1104, 5, 0, 8245.5, 1, 'PED', 'CAR', '2016-10-19 05:17:11', 201, 0, '0000-00-00 00:00:00', 0),
(1105, 5, 0, 8246.3, 1, 'STRAIGHT', 'CAR', '2016-10-19 05:17:11', 201, 0, '0000-00-00 00:00:00', 0),
(1106, 5, 0, 8247.8, 1, 'STRAIGHT', 'CAR', '2016-10-19 05:17:11', 201, 0, '0000-00-00 00:00:00', 0),
(1107, 5, 0, 8249.3, 1, 'STRAIGHT', 'CAR', '2016-10-19 05:17:11', 201, 0, '0000-00-00 00:00:00', 0),
(1108, 5, 0, 8250, 1, 'STRAIGHT', 'CAR', '2016-10-19 05:17:11', 201, 0, '0000-00-00 00:00:00', 0),
(1109, 5, 0, 8250, 1, 'PED', 'CAR', '2016-10-19 05:17:11', 201, 0, '0000-00-00 00:00:00', 0),
(1110, 5, 0, 8251.5, 1, 'STRAIGHT', 'CAR', '2016-10-19 05:17:11', 201, 0, '0000-00-00 00:00:00', 0),
(1111, 5, 0, 8299.5, 1, 'STRAIGHT', 'CAR', '2016-10-19 05:17:18', 201, 0, '0000-00-00 00:00:00', 0),
(1112, 5, 0, 8299.5, 1, 'PED', 'CAR', '2016-10-19 05:17:18', 201, 0, '0000-00-00 00:00:00', 0),
(1113, 5, 0, 8304.8, 1, 'STRAIGHT', 'CAR', '2016-10-19 05:17:19', 201, 0, '0000-00-00 00:00:00', 0),
(1114, 5, 0, 8303.3, 1, 'PED', 'CAR', '2016-10-19 05:17:19', 201, 0, '0000-00-00 00:00:00', 0),
(1115, 5, 0, 8307, 1, 'STRAIGHT', 'CAR', '2016-10-19 05:17:19', 201, 0, '0000-00-00 00:00:00', 0),
(1116, 5, 0, 8307.8, 1, 'STRAIGHT', 'CAR', '2016-10-19 05:17:19', 201, 0, '0000-00-00 00:00:00', 0),
(1117, 5, 0, 8308.5, 1, 'STRAIGHT', 'CAR', '2016-10-19 05:17:19', 201, 0, '0000-00-00 00:00:00', 0),
(1118, 5, 0, 8313, 1, 'UTURN', 'CAR', '2016-10-19 05:17:20', 201, 0, '0000-00-00 00:00:00', 0),
(1119, 5, 0, 8313.8, 1, 'UTURN', 'CAR', '2016-10-19 05:17:20', 201, 0, '0000-00-00 00:00:00', 0),
(1120, 5, 0, 8316, 1, 'LTURN', 'CAR', '2016-10-19 05:17:20', 201, 0, '0000-00-00 00:00:00', 0),
(1121, 5, 0, 8319, 1, 'RTURN', 'CAR', '2016-10-19 05:17:20', 201, 0, '0000-00-00 00:00:00', 0),
(1122, 5, 0, 8322, 1, 'RTURN', 'CAR', '2016-10-19 05:17:21', 201, 0, '0000-00-00 00:00:00', 0),
(1123, 5, 0, 8323.5, 1, 'STRAIGHT', 'CAR', '2016-10-19 05:17:21', 201, 0, '0000-00-00 00:00:00', 0),
(1124, 5, 0, 8325, 1, 'PED', 'CAR', '2016-10-19 05:17:21', 201, 0, '0000-00-00 00:00:00', 0),
(1125, 5, 0, 8328.8, 1, 'LTURN', 'CAR', '2016-10-19 05:17:22', 201, 0, '0000-00-00 00:00:00', 0),
(1126, 5, 0, 8335.5, 1, 'UTURN', 'CAR', '2016-10-19 05:17:23', 201, 0, '0000-00-00 00:00:00', 0),
(1127, 5, 0, 8338.5, 1, 'STRAIGHT', 'CAR', '2016-10-19 05:17:23', 201, 0, '0000-00-00 00:00:00', 0),
(1128, 5, 0, 8340.8, 1, 'RTURN', 'CAR', '2016-10-19 05:17:23', 201, 0, '0000-00-00 00:00:00', 0),
(1129, 5, 0, 8343, 1, 'PED', 'CAR', '2016-10-19 05:17:24', 201, 0, '0000-00-00 00:00:00', 0),
(1130, 5, 0, 8344.5, 1, 'STRAIGHT', 'CAR', '2016-10-19 05:17:24', 201, 0, '0000-00-00 00:00:00', 0),
(1131, 5, 0, 8346, 1, 'STRAIGHT', 'CAR', '2016-10-19 05:17:24', 201, 0, '0000-00-00 00:00:00', 0),
(1132, 5, 0, 8474.3, 1, 'RTURN', 'CAR', '2016-10-19 05:17:41', 201, 0, '0000-00-00 00:00:00', 0),
(1133, 5, 0, 8476.5, 1, 'STRAIGHT', 'CAR', '2016-10-19 05:17:42', 201, 0, '0000-00-00 00:00:00', 0),
(1134, 5, 0, 8481.8, 1, 'UTURN', 'CAR', '2016-10-19 05:17:42', 201, 0, '0000-00-00 00:00:00', 0),
(1135, 5, 0, 8482.5, 1, 'UTURN', 'CAR', '2016-10-19 05:17:42', 201, 0, '0000-00-00 00:00:00', 0),
(1136, 5, 0, 8485.5, 1, 'PED', 'BICYCLE', '2016-10-19 05:17:43', 201, 0, '0000-00-00 00:00:00', 0),
(1137, 5, 0, 8490, 1, 'PED', 'CAR', '2016-10-19 05:17:43', 201, 0, '0000-00-00 00:00:00', 0),
(1138, 5, 0, 8499.8, 1, 'STRAIGHT', 'CAR', '2016-10-19 05:17:45', 201, 0, '0000-00-00 00:00:00', 0),
(1139, 5, 0, 8501.3, 1, 'STRAIGHT', 'CAR', '2016-10-19 05:17:45', 201, 0, '0000-00-00 00:00:00', 0),
(1140, 5, 0, 8502.8, 1, 'STRAIGHT', 'CAR', '2016-10-19 05:17:45', 201, 0, '0000-00-00 00:00:00', 0),
(1141, 5, 0, 8504.3, 1, 'LTURN', 'CAR', '2016-10-19 05:17:45', 201, 0, '0000-00-00 00:00:00', 0),
(1142, 5, 0, 8508, 1, 'UTURN', 'CAR', '2016-10-19 05:17:46', 201, 0, '0000-00-00 00:00:00', 0),
(1143, 5, 0, 8512.5, 1, 'LTURN', 'CAR', '2016-10-19 05:17:46', 201, 0, '0000-00-00 00:00:00', 0),
(1144, 5, 0, 8518.5, 1, 'STRAIGHT', 'CAR', '2016-10-19 05:17:47', 201, 0, '0000-00-00 00:00:00', 0),
(1145, 5, 0, 8520, 1, 'STRAIGHT', 'CAR', '2016-10-19 05:17:47', 201, 0, '0000-00-00 00:00:00', 0),
(1146, 5, 0, 8521.5, 1, 'STRAIGHT', 'CAR', '2016-10-19 05:17:48', 201, 0, '0000-00-00 00:00:00', 0),
(1147, 5, 0, 8526.8, 1, 'RTURN', 'BICYCLE', '2016-10-19 05:17:48', 201, 0, '0000-00-00 00:00:00', 0),
(1148, 5, 0, 8529, 1, 'RTURN', 'CAR', '2016-10-19 05:17:48', 201, 0, '0000-00-00 00:00:00', 0),
(1149, 5, 0, 8530.5, 1, 'STRAIGHT', 'CAR', '2016-10-19 05:17:49', 201, 0, '0000-00-00 00:00:00', 0),
(1150, 5, 0, 8532, 1, 'STRAIGHT', 'CAR', '2016-10-19 05:17:49', 201, 0, '0000-00-00 00:00:00', 0),
(1151, 5, 0, 8533.5, 1, 'STRAIGHT', 'CAR', '2016-10-19 05:17:49', 201, 0, '0000-00-00 00:00:00', 0),
(1152, 5, 0, 8535, 1, 'STRAIGHT', 'CAR', '2016-10-19 05:17:49', 201, 0, '0000-00-00 00:00:00', 0),
(1153, 5, 0, 8535.8, 1, 'STRAIGHT', 'CAR', '2016-10-19 05:17:49', 201, 0, '0000-00-00 00:00:00', 0),
(1154, 5, 0, 8537.3, 1, 'STRAIGHT', 'CAR', '2016-10-19 05:17:50', 201, 0, '0000-00-00 00:00:00', 0),
(1155, 5, 0, 8537.3, 1, 'STRAIGHT', 'CAR', '2016-10-19 05:17:50', 201, 0, '0000-00-00 00:00:00', 0),
(1156, 5, 0, 8538.8, 1, 'STRAIGHT', 'CAR', '2016-10-19 05:17:50', 201, 0, '0000-00-00 00:00:00', 0),
(1157, 5, 0, 8540.3, 1, 'STRAIGHT', 'CAR', '2016-10-19 05:17:50', 201, 0, '0000-00-00 00:00:00', 0),
(1158, 5, 0, 8541.8, 1, 'STRAIGHT', 'CAR', '2016-10-19 05:17:50', 201, 0, '0000-00-00 00:00:00', 0),
(1159, 5, 0, 8543.3, 1, 'STRAIGHT', 'CAR', '2016-10-19 05:17:50', 201, 0, '0000-00-00 00:00:00', 0),
(1160, 5, 0, 8544.8, 1, 'STRAIGHT', 'CAR', '2016-10-19 05:17:51', 201, 0, '0000-00-00 00:00:00', 0),
(1161, 5, 0, 8547.8, 1, 'STRAIGHT', 'CAR', '2016-10-19 05:17:51', 201, 0, '0000-00-00 00:00:00', 0),
(1162, 5, 0, 8549.3, 1, 'STRAIGHT', 'CAR', '2016-10-19 05:17:51', 201, 0, '0000-00-00 00:00:00', 0),
(1163, 5, 0, 8550.8, 1, 'STRAIGHT', 'CAR', '2016-10-19 05:17:51', 201, 0, '0000-00-00 00:00:00', 0),
(1164, 5, 0, 8553, 1, 'STRAIGHT', 'CAR', '2016-10-19 05:17:52', 201, 0, '0000-00-00 00:00:00', 0),
(1165, 5, 0, 8565, 1, 'STRAIGHT', 'CAR', '2016-10-19 05:17:53', 201, 0, '0000-00-00 00:00:00', 0),
(1166, 5, 0, 8565.8, 1, 'STRAIGHT', 'CAR', '2016-10-19 05:17:53', 201, 0, '0000-00-00 00:00:00', 0),
(1167, 5, 0, 8567.3, 1, 'STRAIGHT', 'CAR', '2016-10-19 05:17:54', 201, 0, '0000-00-00 00:00:00', 0),
(1168, 5, 0, 8568, 1, 'STRAIGHT', 'CAR', '2016-10-19 05:17:54', 201, 0, '0000-00-00 00:00:00', 0),
(1169, 5, 0, 8569.5, 1, 'STRAIGHT', 'CAR', '2016-10-19 05:17:54', 201, 0, '0000-00-00 00:00:00', 0),
(1170, 5, 0, 8570.3, 1, 'STRAIGHT', 'CAR', '2016-10-19 05:17:54', 201, 0, '0000-00-00 00:00:00', 0),
(1171, 5, 0, 8571.8, 1, 'STRAIGHT', 'CAR', '2016-10-19 05:17:54', 201, 0, '0000-00-00 00:00:00', 0),
(1172, 5, 0, 8573.3, 1, 'STRAIGHT', 'CAR', '2016-10-19 05:17:54', 201, 0, '0000-00-00 00:00:00', 0),
(1173, 5, 0, 8574, 1, 'STRAIGHT', 'CAR', '2016-10-19 05:17:54', 201, 0, '0000-00-00 00:00:00', 0),
(1174, 5, 0, 8575.5, 1, 'STRAIGHT', 'CAR', '2016-10-19 05:17:55', 201, 0, '0000-00-00 00:00:00', 0),
(1175, 5, 0, 8576.3, 1, 'STRAIGHT', 'CAR', '2016-10-19 05:17:55', 201, 0, '0000-00-00 00:00:00', 0),
(1176, 5, 0, 8577.8, 1, 'STRAIGHT', 'CAR', '2016-10-19 05:17:55', 201, 0, '0000-00-00 00:00:00', 0),
(1177, 5, 0, 8579.3, 1, 'STRAIGHT', 'CAR', '2016-10-19 05:17:55', 201, 0, '0000-00-00 00:00:00', 0),
(1178, 5, 0, 8580, 1, 'STRAIGHT', 'CAR', '2016-10-19 05:17:55', 201, 0, '0000-00-00 00:00:00', 0),
(1179, 5, 0, 8581.5, 1, 'STRAIGHT', 'CAR', '2016-10-19 05:17:55', 201, 0, '0000-00-00 00:00:00', 0),
(1180, 5, 0, 8582.3, 1, 'STRAIGHT', 'CAR', '2016-10-19 05:17:56', 201, 0, '0000-00-00 00:00:00', 0),
(1181, 5, 0, 8583.8, 1, 'STRAIGHT', 'CAR', '2016-10-19 05:17:56', 201, 0, '0000-00-00 00:00:00', 0),
(1182, 5, 0, 8585.3, 1, 'STRAIGHT', 'CAR', '2016-10-19 05:17:56', 201, 0, '0000-00-00 00:00:00', 0),
(1183, 5, 0, 8586, 1, 'STRAIGHT', 'CAR', '2016-10-19 05:17:56', 201, 0, '0000-00-00 00:00:00', 0),
(1184, 5, 0, 8587.5, 1, 'STRAIGHT', 'CAR', '2016-10-19 05:17:56', 201, 0, '0000-00-00 00:00:00', 0),
(1185, 5, 0, 8588.3, 1, 'STRAIGHT', 'CAR', '2016-10-19 05:17:56', 201, 0, '0000-00-00 00:00:00', 0),
(1186, 5, 0, 8589.8, 1, 'STRAIGHT', 'CAR', '2016-10-19 05:17:57', 201, 0, '0000-00-00 00:00:00', 0),
(1187, 5, 0, 8590.5, 1, 'STRAIGHT', 'CAR', '2016-10-19 05:17:57', 201, 0, '0000-00-00 00:00:00', 0),
(1188, 5, 0, 8679, 1, 'RTURN', 'CAR', '2016-10-19 05:18:09', 201, 0, '0000-00-00 00:00:00', 0),
(1189, 5, 0, 8678.3, 1, 'STRAIGHT', 'BICYCLE', '2016-10-19 05:18:09', 201, 0, '0000-00-00 00:00:00', 0),
(1190, 5, 0, 8681.3, 1, 'RTURN', 'CAR', '2016-10-19 05:18:09', 201, 0, '0000-00-00 00:00:00', 0),
(1191, 5, 0, 8684.3, 1, 'PED', 'CAR', '2016-10-19 05:18:09', 201, 0, '0000-00-00 00:00:00', 0),
(1192, 5, 0, 8682.8, 1, 'PED', 'CAR', '2016-10-19 05:18:09', 201, 0, '0000-00-00 00:00:00', 0),
(1193, 5, 0, 8686.5, 1, 'STRAIGHT', 'CAR', '2016-10-19 05:18:09', 201, 0, '0000-00-00 00:00:00', 0),
(1194, 5, 0, 8689.5, 1, 'STRAIGHT', 'CAR', '2016-10-19 05:18:10', 201, 0, '0000-00-00 00:00:00', 0),
(1195, 5, 0, 8691, 1, 'STRAIGHT', 'CAR', '2016-10-19 05:18:10', 201, 0, '0000-00-00 00:00:00', 0),
(1196, 5, 0, 8692.5, 1, 'STRAIGHT', 'CAR', '2016-10-19 05:18:10', 201, 0, '0000-00-00 00:00:00', 0),
(1197, 5, 0, 8694.8, 1, 'STRAIGHT', 'CAR', '2016-10-19 05:18:11', 201, 0, '0000-00-00 00:00:00', 0),
(1198, 5, 0, 8696.3, 1, 'PED', 'CAR', '2016-10-19 05:18:11', 201, 0, '0000-00-00 00:00:00', 0),
(1199, 5, 0, 8696.3, 1, 'STRAIGHT', 'CAR', '2016-10-19 05:18:11', 201, 0, '0000-00-00 00:00:00', 0),
(1200, 5, 0, 8700.8, 1, 'STRAIGHT', 'CAR', '2016-10-19 05:18:11', 201, 0, '0000-00-00 00:00:00', 0),
(1201, 5, 0, 8700.8, 1, 'PED', 'CAR', '2016-10-19 05:18:11', 201, 0, '0000-00-00 00:00:00', 0),
(1202, 5, 0, 8702.3, 1, 'PED', 'CAR', '2016-10-19 05:18:12', 201, 0, '0000-00-00 00:00:00', 0),
(1203, 5, 0, 8704.5, 1, 'PED', 'CAR', '2016-10-19 05:18:12', 201, 0, '0000-00-00 00:00:00', 0),
(1204, 5, 0, 8706, 1, 'PED', 'CAR', '2016-10-19 05:18:12', 201, 0, '0000-00-00 00:00:00', 0),
(1205, 5, 0, 8707.5, 1, 'PED', 'CAR', '2016-10-19 05:18:12', 201, 0, '0000-00-00 00:00:00', 0),
(1206, 5, 0, 8715.8, 1, 'PED', 'CAR', '2016-10-19 05:18:13', 201, 0, '0000-00-00 00:00:00', 0),
(1207, 5, 0, 8719.5, 1, 'PED', 'CAR', '2016-10-19 05:18:14', 201, 0, '0000-00-00 00:00:00', 0),
(1208, 5, 0, 8721, 1, 'PED', 'CAR', '2016-10-19 05:18:14', 201, 0, '0000-00-00 00:00:00', 0),
(1209, 5, 0, 8723.3, 1, 'PED', 'CAR', '2016-10-19 05:18:14', 201, 0, '0000-00-00 00:00:00', 0),
(1210, 5, 0, 8724.8, 1, 'PED', 'CAR', '2016-10-19 05:18:15', 201, 0, '0000-00-00 00:00:00', 0),
(1211, 5, 0, 8726.3, 1, 'PED', 'CAR', '2016-10-19 05:18:15', 201, 0, '0000-00-00 00:00:00', 0),
(1212, 5, 0, 8727.8, 1, 'PED', 'CAR', '2016-10-19 05:18:15', 201, 0, '0000-00-00 00:00:00', 0),
(1213, 5, 0, 8728.5, 1, 'PED', 'CAR', '2016-10-19 05:18:15', 201, 0, '0000-00-00 00:00:00', 0),
(1214, 5, 0, 8730, 1, 'PED', 'CAR', '2016-10-19 05:18:15', 201, 0, '0000-00-00 00:00:00', 0),
(1215, 5, 0, 8731.5, 1, 'PED', 'CAR', '2016-10-19 05:18:15', 201, 0, '0000-00-00 00:00:00', 0),
(1216, 5, 0, 8733.8, 1, 'PED', 'CAR', '2016-10-19 05:18:16', 201, 0, '0000-00-00 00:00:00', 0),
(1217, 5, 0, 8748.8, 1, 'PED', 'CAR', '2016-10-19 05:18:18', 201, 0, '0000-00-00 00:00:00', 0),
(1218, 5, 0, 8753.3, 1, 'PED', 'CAR', '2016-10-19 05:18:18', 201, 0, '0000-00-00 00:00:00', 0),
(1219, 5, 0, 8754.8, 1, 'PED', 'CAR', '2016-10-19 05:18:19', 201, 0, '0000-00-00 00:00:00', 0),
(1220, 5, 0, 8756.3, 1, 'PED', 'CAR', '2016-10-19 05:18:19', 201, 0, '0000-00-00 00:00:00', 0),
(1221, 5, 0, 8769, 1, 'STRAIGHT', 'CAR', '2016-10-19 05:18:21', 201, 0, '0000-00-00 00:00:00', 0),
(1222, 5, 0, 8770.5, 1, 'STRAIGHT', 'CAR', '2016-10-19 05:18:21', 201, 0, '0000-00-00 00:00:00', 0),
(1223, 5, 0, 8775.8, 1, 'PED', 'CAR', '2016-10-19 05:18:21', 201, 0, '0000-00-00 00:00:00', 0),
(1224, 5, 0, 8777.3, 1, 'STRAIGHT', 'CAR', '2016-10-19 05:18:22', 201, 0, '0000-00-00 00:00:00', 0),
(1225, 5, 0, 8779.5, 1, 'STRAIGHT', 'CAR', '2016-10-19 05:18:22', 201, 0, '0000-00-00 00:00:00', 0),
(1226, 5, 0, 8781, 1, 'STRAIGHT', 'CAR', '2016-10-19 05:18:22', 201, 0, '0000-00-00 00:00:00', 0),
(1227, 5, 0, 8783.3, 1, 'STRAIGHT', 'CAR', '2016-10-19 05:18:22', 201, 0, '0000-00-00 00:00:00', 0),
(1228, 5, 0, 8783.3, 1, 'RTURN', 'CAR', '2016-10-19 05:18:23', 201, 0, '0000-00-00 00:00:00', 0),
(1229, 5, 0, 8795.3, 1, 'LTURN', 'CAR', '2016-10-19 05:18:24', 201, 0, '0000-00-00 00:00:00', 0),
(1230, 5, 0, 8796, 1, 'RTURN', 'CAR', '2016-10-19 05:18:24', 201, 0, '0000-00-00 00:00:00', 0),
(1231, 5, 0, 8796.8, 1, 'LTURN', 'CAR', '2016-10-19 05:18:24', 201, 0, '0000-00-00 00:00:00', 0),
(1232, 5, 0, 8797.5, 1, 'RTURN', 'CAR', '2016-10-19 05:18:24', 201, 0, '0000-00-00 00:00:00', 0),
(1233, 5, 0, 8798.3, 1, 'LTURN', 'CAR', '2016-10-19 05:18:24', 201, 0, '0000-00-00 00:00:00', 0),
(1234, 5, 0, 8796.8, 1, 'STRAIGHT', 'CAR', '2016-10-19 05:18:24', 201, 0, '0000-00-00 00:00:00', 0),
(1235, 5, 0, 8799.8, 1, 'PED', 'CAR', '2016-10-19 05:18:25', 201, 0, '0000-00-00 00:00:00', 0),
(1236, 5, 0, 9035.3, 1, 'PED', 'CAR', '2016-10-19 05:18:56', 201, 0, '0000-00-00 00:00:00', 0),
(1237, 5, 0, 9033.8, 1, 'STRAIGHT', 'CAR', '2016-10-19 05:18:56', 201, 0, '0000-00-00 00:00:00', 0),
(1238, 5, 0, 9036.8, 1, 'STRAIGHT', 'BICYCLE', '2016-10-19 05:18:56', 201, 0, '0000-00-00 00:00:00', 0),
(1239, 5, 0, 9038.3, 1, 'STRAIGHT', 'CAR', '2016-10-19 05:18:57', 201, 0, '0000-00-00 00:00:00', 0),
(1240, 5, 0, 9039.8, 1, 'PED', 'CAR', '2016-10-19 05:18:57', 201, 0, '0000-00-00 00:00:00', 0),
(1241, 5, 0, 9038.3, 1, 'PED', 'CAR', '2016-10-19 05:18:57', 201, 0, '0000-00-00 00:00:00', 0),
(1242, 5, 0, 9041.3, 1, 'PED', 'CAR', '2016-10-19 05:18:57', 201, 0, '0000-00-00 00:00:00', 0),
(1243, 5, 0, 9043.5, 1, 'PED', 'CAR', '2016-10-19 05:18:57', 201, 0, '0000-00-00 00:00:00', 0),
(1244, 5, 0, 9050.3, 1, 'STRAIGHT', 'CAR', '2016-10-19 05:18:58', 201, 0, '0000-00-00 00:00:00', 0),
(1245, 5, 0, 9078, 1, 'RTURN', 'CAR', '2016-10-19 05:19:02', 201, 0, '0000-00-00 00:00:00', 0),
(1246, 5, 0, 9082.5, 1, 'RTURN', 'CAR', '2016-10-19 05:19:02', 201, 0, '0000-00-00 00:00:00', 0),
(1247, 5, 0, 9079.5, 1, 'RTURN', 'CAR', '2016-10-19 05:19:02', 201, 0, '0000-00-00 00:00:00', 0),
(1248, 5, 0, 9081, 1, 'RTURN', 'CAR', '2016-10-19 05:19:02', 201, 0, '0000-00-00 00:00:00', 0),
(1249, 5, 0, 9079.5, 1, 'RTURN', 'CAR', '2016-10-19 05:19:02', 201, 0, '0000-00-00 00:00:00', 0),
(1250, 5, 0, 9083.3, 1, 'STRAIGHT', 'CAR', '2016-10-19 05:19:03', 201, 0, '0000-00-00 00:00:00', 0),
(1251, 5, 0, 9084.8, 1, 'STRAIGHT', 'CAR', '2016-10-19 05:19:03', 201, 0, '0000-00-00 00:00:00', 0),
(1252, 5, 0, 9085.5, 1, 'STRAIGHT', 'CAR', '2016-10-19 05:19:03', 201, 0, '0000-00-00 00:00:00', 0),
(1253, 5, 0, 9087, 1, 'RTURN', 'CAR', '2016-10-19 05:19:03', 201, 0, '0000-00-00 00:00:00', 0),
(1254, 5, 0, 9088.5, 1, 'LTURN', 'CAR', '2016-10-19 05:19:03', 201, 0, '0000-00-00 00:00:00', 0),
(1255, 5, 0, 9171.8, 1.5, 'STRAIGHT', 'CAR', '2016-10-19 05:19:12', 201, 0, '0000-00-00 00:00:00', 0),
(1256, 5, 0, 9180, 1.5, 'LTURN', 'CAR', '2016-10-19 05:19:12', 201, 0, '0000-00-00 00:00:00', 0),
(1257, 5, 0, 9184.5, 1.5, 'STRAIGHT', 'CAR', '2016-10-19 05:19:12', 201, 0, '0000-00-00 00:00:00', 0),
(1258, 5, 0, 9188.3, 1.5, 'STRAIGHT', 'CAR', '2016-10-19 05:19:13', 201, 0, '0000-00-00 00:00:00', 0),
(1259, 5, 0, 9186.8, 1.5, 'STRAIGHT', 'CAR', '2016-10-19 05:19:13', 201, 0, '0000-00-00 00:00:00', 0),
(1260, 5, 0, 9190.5, 1.5, 'STRAIGHT', 'CAR', '2016-10-19 05:19:13', 201, 0, '0000-00-00 00:00:00', 0),
(1261, 5, 0, 9192.8, 1.5, 'STRAIGHT', 'CAR', '2016-10-19 05:19:15', 201, 0, '0000-00-00 00:00:00', 0),
(1262, 5, 0, 9387, 1.5, 'STRAIGHT', 'CAR', '2016-10-19 05:19:31', 201, 0, '0000-00-00 00:00:00', 0),
(1263, 5, 0, 9389.3, 1.5, 'STRAIGHT', 'CAR', '2016-10-19 05:19:31', 201, 0, '0000-00-00 00:00:00', 0),
(1264, 5, 0, 9398.3, 1.5, 'PED', 'CAR', '2016-10-19 05:19:31', 201, 0, '0000-00-00 00:00:00', 0),
(1265, 5, 0, 9400.5, 1.5, 'PED', 'CAR', '2016-10-19 05:19:31', 201, 0, '0000-00-00 00:00:00', 0),
(1266, 5, 0, 9403.5, 1.5, 'STRAIGHT', 'CAR', '2016-10-19 05:19:32', 201, 0, '0000-00-00 00:00:00', 0),
(1267, 5, 0, 9408.8, 1.5, 'RTURN', 'CAR', '2016-10-19 05:19:32', 201, 0, '0000-00-00 00:00:00', 0),
(1268, 5, 0, 9417, 1.5, 'UTURN', 'CAR', '2016-10-19 05:19:33', 201, 0, '0000-00-00 00:00:00', 0),
(1269, 5, 0, 9420, 1.5, 'UTURN', 'CAR', '2016-10-19 05:19:33', 201, 0, '0000-00-00 00:00:00', 0),
(1270, 5, 0, 9422.3, 1.5, 'LTURN', 'CAR', '2016-10-19 05:19:33', 201, 0, '0000-00-00 00:00:00', 0),
(1271, 5, 0, 9426.8, 1.5, 'STRAIGHT', 'CAR', '2016-10-19 05:19:34', 201, 0, '0000-00-00 00:00:00', 0),
(1272, 5, 0, 9429, 1.5, 'RTURN', 'CAR', '2016-10-19 05:19:34', 201, 0, '0000-00-00 00:00:00', 0),
(1273, 5, 0, 9432, 1.5, 'RTURN', 'CAR', '2016-10-19 05:19:34', 201, 0, '0000-00-00 00:00:00', 0),
(1274, 5, 0, 9433.5, 1.5, 'STRAIGHT', 'CAR', '2016-10-19 05:19:34', 201, 0, '0000-00-00 00:00:00', 0),
(1275, 5, 0, 9435.8, 1.5, 'STRAIGHT', 'CAR', '2016-10-19 05:19:35', 201, 0, '0000-00-00 00:00:00', 0),
(1276, 5, 0, 9439.5, 1.5, 'STRAIGHT', 'CAR', '2016-10-19 05:19:35', 201, 0, '0000-00-00 00:00:00', 0),
(1277, 5, 0, 9437.3, 1.5, 'STRAIGHT', 'CAR', '2016-10-19 05:19:35', 201, 0, '0000-00-00 00:00:00', 0),
(1278, 5, 0, 9441, 1.5, 'STRAIGHT', 'CAR', '2016-10-19 05:19:35', 201, 0, '0000-00-00 00:00:00', 0),
(1279, 5, 0, 9444, 1.5, 'STRAIGHT', 'CAR', '2016-10-19 05:19:35', 201, 0, '0000-00-00 00:00:00', 0),
(1280, 5, 0, 9442.5, 1.5, 'STRAIGHT', 'CAR', '2016-10-19 05:19:36', 201, 0, '0000-00-00 00:00:00', 0),
(1281, 5, 0, 9447, 1.5, 'PED', 'CAR', '2016-10-19 05:19:36', 201, 0, '0000-00-00 00:00:00', 0),
(1282, 5, 0, 9452.3, 1.5, 'RTURN', 'CAR', '2016-10-19 05:19:36', 201, 0, '0000-00-00 00:00:00', 0),
(1283, 5, 0, 9454.5, 1.5, 'STRAIGHT', 'CAR', '2016-10-19 05:19:36', 201, 0, '0000-00-00 00:00:00', 0),
(1284, 5, 0, 9467.3, 1.5, 'UTURN', 'CAR', '2016-10-19 05:19:37', 201, 0, '0000-00-00 00:00:00', 0),
(1285, 5, 0, 9471.8, 1.5, 'LTURN', 'CAR', '2016-10-19 05:19:38', 201, 0, '0000-00-00 00:00:00', 0),
(1286, 5, 0, 9475.5, 1.5, 'STRAIGHT', 'CAR', '2016-10-19 05:19:38', 201, 0, '0000-00-00 00:00:00', 0),
(1287, 5, 0, 9479.3, 1.5, 'RTURN', 'CAR', '2016-10-19 05:19:38', 201, 0, '0000-00-00 00:00:00', 0),
(1288, 5, 0, 9482.3, 1.5, 'PED', 'CAR', '2016-10-19 05:19:39', 201, 0, '0000-00-00 00:00:00', 0),
(1289, 5, 0, 9485.3, 1.5, 'STRAIGHT', 'CAR', '2016-10-19 05:19:39', 201, 0, '0000-00-00 00:00:00', 0),
(1290, 5, 0, 9498, 1.5, 'LTURN', 'CAR', '2016-10-19 05:19:40', 201, 0, '0000-00-00 00:00:00', 0),
(1291, 5, 0, 9508.5, 1.5, 'UTURN', 'CAR', '2016-10-19 05:19:41', 201, 0, '0000-00-00 00:00:00', 0),
(1292, 5, 0, 9508.5, 1.5, 'UTURN', 'CAR', '2016-10-19 05:19:41', 201, 0, '0000-00-00 00:00:00', 0),
(1293, 5, 0, 9508.5, 1.5, 'UTURN', 'CAR', '2016-10-19 05:19:41', 201, 0, '0000-00-00 00:00:00', 0),
(1294, 5, 0, 9513, 1.5, 'STRAIGHT', 'CAR', '2016-10-19 05:19:41', 201, 0, '0000-00-00 00:00:00', 0),
(1295, 5, 0, 9516, 1.5, 'RTURN', 'CAR', '2016-10-19 05:19:42', 201, 0, '0000-00-00 00:00:00', 0),
(1296, 5, 0, 9519, 1.5, 'PED', 'CAR', '2016-10-19 05:19:42', 201, 0, '0000-00-00 00:00:00', 0),
(1297, 5, 0, 9531.8, 1.5, 'UTURN', 'CAR', '2016-10-19 05:19:43', 201, 0, '0000-00-00 00:00:00', 0),
(1298, 5, 0, 9576.8, 1.5, 'STRAIGHT', 'BICYCLE', '2016-10-19 05:19:47', 201, 0, '0000-00-00 00:00:00', 0),
(1299, 5, 0, 9582.8, 1.5, 'LTURN', 'CAR', '2016-10-19 05:19:48', 201, 0, '0000-00-00 00:00:00', 0),
(1300, 5, 0, 9580.5, 1.5, 'LTURN', 'CAR', '2016-10-19 05:19:48', 201, 0, '0000-00-00 00:00:00', 0),
(1301, 5, 0, 9586.5, 1.5, 'LTURN', 'CAR', '2016-10-19 05:19:48', 201, 0, '0000-00-00 00:00:00', 0),
(1302, 5, 0, 9583.5, 1.5, 'PED', 'CAR', '2016-10-19 05:19:48', 201, 0, '0000-00-00 00:00:00', 0),
(1303, 5, 0, 9586.5, 1.5, 'STRAIGHT', 'CAR', '2016-10-19 05:19:48', 201, 0, '0000-00-00 00:00:00', 0),
(1304, 5, 0, 9585.8, 1.5, 'RTURN', 'CAR', '2016-10-19 05:19:48', 201, 0, '0000-00-00 00:00:00', 0),
(1305, 5, 0, 9597, 1.5, 'STRAIGHT', 'CAR', '2016-10-19 05:19:49', 201, 0, '0000-00-00 00:00:00', 0),
(1306, 5, 0, 9598.5, 1.5, 'STRAIGHT', 'CAR', '2016-10-19 05:19:49', 201, 0, '0000-00-00 00:00:00', 0),
(1307, 5, 0, 9602.3, 1.5, 'STRAIGHT', 'CAR', '2016-10-19 05:19:49', 201, 0, '0000-00-00 00:00:00', 0),
(1308, 5, 0, 9603.8, 1.5, 'STRAIGHT', 'CAR', '2016-10-19 05:19:50', 201, 0, '0000-00-00 00:00:00', 0),
(1309, 5, 0, 9605.3, 1.5, 'STRAIGHT', 'CAR', '2016-10-19 05:19:50', 201, 0, '0000-00-00 00:00:00', 0),
(1310, 5, 0, 9606.8, 1.5, 'STRAIGHT', 'CAR', '2016-10-19 05:19:50', 201, 0, '0000-00-00 00:00:00', 0),
(1311, 5, 0, 9608.3, 1.5, 'STRAIGHT', 'CAR', '2016-10-19 05:19:50', 201, 0, '0000-00-00 00:00:00', 0),
(1312, 5, 0, 9609, 1.5, 'STRAIGHT', 'CAR', '2016-10-19 05:19:50', 201, 0, '0000-00-00 00:00:00', 0),
(1313, 5, 0, 9610.5, 1.5, 'STRAIGHT', 'CAR', '2016-10-19 05:19:50', 201, 0, '0000-00-00 00:00:00', 0),
(1314, 5, 0, 9612, 1.5, 'STRAIGHT', 'CAR', '2016-10-19 05:19:50', 201, 0, '0000-00-00 00:00:00', 0),
(1315, 5, 0, 9702.1, 1.5, 'STRAIGHT', 'CAR', '2016-10-19 05:19:59', 201, 0, '0000-00-00 00:00:00', 0),
(1316, 5, 0, 9705.8, 1.5, 'STRAIGHT', 'CAR', '2016-10-19 05:19:59', 201, 0, '0000-00-00 00:00:00', 0),
(1317, 5, 0, 9708, 1.5, 'STRAIGHT', 'CAR', '2016-10-19 05:19:59', 201, 0, '0000-00-00 00:00:00', 0),
(1318, 5, 0, 10044, 1.5, 'RTURN', 'CAR', '2016-10-19 05:20:29', 201, 0, '0000-00-00 00:00:00', 0),
(1319, 5, 0, 10047.8, 1.5, 'LTURN', 'CAR', '2016-10-19 05:20:29', 201, 0, '0000-00-00 00:00:00', 0),
(1320, 5, 0, 10053, 1.5, 'RTURN', 'CAR', '2016-10-19 05:20:29', 201, 0, '0000-00-00 00:00:00', 0),
(1321, 5, 0, 10050, 1.5, 'STRAIGHT', 'BICYCLE', '2016-10-19 05:20:29', 201, 0, '0000-00-00 00:00:00', 0),
(1322, 5, 0, 10053.8, 1.5, 'STRAIGHT', 'CAR', '2016-10-19 05:20:30', 201, 0, '0000-00-00 00:00:00', 0),
(1323, 5, 0, 10051.5, 1.5, 'STRAIGHT', 'BICYCLE', '2016-10-19 05:20:30', 201, 0, '0000-00-00 00:00:00', 0),
(1324, 5, 0, 10063.5, 1.5, 'RTURN', 'CAR', '2016-10-19 05:20:30', 201, 0, '0000-00-00 00:00:00', 0),
(1325, 5, 0, 10068, 1.5, 'RTURN', 'CAR', '2016-10-19 05:20:31', 201, 0, '0000-00-00 00:00:00', 0),
(1326, 5, 0, 10076.3, 1.5, 'STRAIGHT', 'CAR', '2016-10-19 05:20:32', 201, 0, '0000-00-00 00:00:00', 0),
(1327, 5, 0, 10078.5, 1.5, 'STRAIGHT', 'CAR', '2016-10-19 05:20:32', 201, 0, '0000-00-00 00:00:00', 0),
(1328, 5, 0, 10086, 1.5, 'STRAIGHT', 'CAR', '2016-10-19 05:20:32', 201, 0, '0000-00-00 00:00:00', 0),
(1329, 5, 0, 10087.5, 1.5, 'STRAIGHT', 'CAR', '2016-10-19 05:20:33', 201, 0, '0000-00-00 00:00:00', 0),
(1330, 5, 0, 10089.8, 1.5, 'STRAIGHT', 'CAR', '2016-10-19 05:20:33', 201, 0, '0000-00-00 00:00:00', 0),
(1331, 5, 0, 10095, 1.5, 'STRAIGHT', 'CAR', '2016-10-19 05:20:33', 201, 0, '0000-00-00 00:00:00', 0),
(1332, 5, 0, 10096.5, 1.5, 'STRAIGHT', 'CAR', '2016-10-19 05:20:33', 201, 0, '0000-00-00 00:00:00', 0),
(1333, 5, 0, 10112.3, 1.5, 'STRAIGHT', 'CAR', '2016-10-19 05:20:35', 201, 0, '0000-00-00 00:00:00', 0),
(1334, 5, 0, 10116.8, 1.5, 'LTURN', 'CAR', '2016-10-19 05:20:35', 201, 0, '0000-00-00 00:00:00', 0),
(1335, 5, 0, 10118.3, 1.5, 'RTURN', 'CAR', '2016-10-19 05:20:35', 201, 0, '0000-00-00 00:00:00', 0),
(1336, 5, 0, 10128.8, 1.5, 'STRAIGHT', 'CAR', '2016-10-19 05:20:36', 201, 0, '0000-00-00 00:00:00', 0),
(1337, 5, 0, 10131, 1.5, 'PED', 'CAR', '2016-10-19 05:20:36', 201, 0, '0000-00-00 00:00:00', 0),
(1338, 5, 0, 10132.5, 1.5, 'STRAIGHT', 'CAR', '2016-10-19 05:20:37', 201, 0, '0000-00-00 00:00:00', 0),
(1339, 5, 0, 10143, 1.5, 'RTURN', 'CAR', '2016-10-19 05:20:37', 201, 0, '0000-00-00 00:00:00', 0),
(1340, 5, 0, 10145.3, 1.5, 'STRAIGHT', 'CAR', '2016-10-19 05:20:38', 201, 0, '0000-00-00 00:00:00', 0),
(1341, 5, 0, 10147.5, 1.5, 'LTURN', 'CAR', '2016-10-19 05:20:38', 201, 0, '0000-00-00 00:00:00', 0),
(1342, 5, 0, 10652.4, 1.5, 'RTURN', 'CAR', '2016-10-19 05:21:39', 201, 0, '0000-00-00 00:00:00', 0),
(1343, 5, 0, 10652.4, 1.5, 'STRAIGHT', 'CAR', '2016-10-19 05:21:39', 201, 0, '0000-00-00 00:00:00', 0),
(1344, 5, 0, 10652.4, 1.5, 'RTURN', 'CAR', '2016-10-19 05:21:39', 201, 0, '0000-00-00 00:00:00', 0),
(1345, 5, 0, 10652.4, 1.5, 'LTURN', 'CAR', '2016-10-19 05:21:39', 201, 0, '0000-00-00 00:00:00', 0),
(1346, 5, 0, 10652.4, 1.5, 'RTURN', 'CAR', '2016-10-19 05:21:39', 201, 0, '0000-00-00 00:00:00', 0),
(1347, 5, 0, 10652.4, 1.5, 'LTURN', 'CAR', '2016-10-19 05:21:39', 201, 0, '0000-00-00 00:00:00', 0),
(1348, 5, 0, 10652.4, 1.5, 'LTURN', 'CAR', '2016-10-19 05:21:39', 201, 0, '0000-00-00 00:00:00', 0),
(1349, 5, 0, 10652.4, 1.5, 'LTURN', 'CAR', '2016-10-19 05:21:40', 201, 0, '0000-00-00 00:00:00', 0),
(1350, 5, 0, 10652.4, 1.5, 'LTURN', 'CAR', '2016-10-19 05:21:40', 201, 0, '0000-00-00 00:00:00', 0),
(1351, 5, 0, 10652.4, 1.25, 'STRAIGHT', 'CAR', '2016-10-19 05:21:57', 201, 0, '0000-00-00 00:00:00', 0),
(1352, 5, 0, 10652.4, 1.25, 'PED', 'CAR', '2016-10-19 05:21:57', 201, 0, '0000-00-00 00:00:00', 0),
(1353, 5, 0, 10652.4, 1.25, 'PED', 'CAR', '2016-10-19 05:21:57', 201, 0, '0000-00-00 00:00:00', 0),
(1354, 5, 0, 10652.4, 1.25, 'RTURN', 'CAR', '2016-10-19 05:21:58', 201, 0, '0000-00-00 00:00:00', 0),
(1355, 5, 0, 10652.4, 1.25, 'STRAIGHT', 'BICYCLE', '2016-10-19 05:21:58', 201, 0, '0000-00-00 00:00:00', 0),
(1356, 5, 0, 10652.4, 1.25, 'STRAIGHT', 'CAR', '2016-10-19 05:21:58', 201, 0, '0000-00-00 00:00:00', 0),
(1357, 5, 0, 10652.4, 1.25, 'STRAIGHT', 'CAR', '2016-10-19 05:21:58', 201, 0, '0000-00-00 00:00:00', 0),
(1358, 5, 0, 10652.4, 1.25, 'STRAIGHT', 'CAR', '2016-10-19 05:21:59', 201, 0, '0000-00-00 00:00:00', 0),
(1359, 5, 0, 10652.4, 1.5, 'PED', 'CAR', '2016-10-19 05:22:08', 201, 0, '0000-00-00 00:00:00', 0),
(1360, 5, 0, 10652.4, 1.5, 'PED', 'CAR', '2016-10-19 05:22:08', 201, 0, '0000-00-00 00:00:00', 0),
(1361, 5, 0, 10652.4, 1.5, 'PED', 'CAR', '2016-10-19 05:22:09', 201, 0, '0000-00-00 00:00:00', 0),
(1362, 5, 0, 10652.4, 1.5, 'PED', 'CAR', '2016-10-19 05:22:10', 201, 0, '0000-00-00 00:00:00', 0),
(1363, 5, 0, 10662.8, 1.5, 'STRAIGHT', 'CAR', '2016-10-19 05:22:32', 201, 0, '0000-00-00 00:00:00', 0),
(1364, 5, 0, 10687.5, 1.5, 'STRAIGHT', 'CAR', '2016-10-19 05:22:34', 201, 0, '0000-00-00 00:00:00', 0),
(1365, 5, 0, 10707, 1.5, 'STRAIGHT', 'CAR', '2016-10-19 05:22:36', 201, 0, '0000-00-00 00:00:00', 0),
(1366, 5, 0, 10711.5, 1.5, 'STRAIGHT', 'CAR', '2016-10-19 05:22:36', 201, 0, '0000-00-00 00:00:00', 0),
(1367, 5, 0, 10709.3, 1.5, 'STRAIGHT', 'CAR', '2016-10-19 05:22:36', 201, 0, '0000-00-00 00:00:00', 0),
(1368, 5, 0, 10722, 1.5, 'UTURN', 'CAR', '2016-10-19 05:22:37', 201, 0, '0000-00-00 00:00:00', 0),
(1369, 5, 0, 10728.8, 1.5, 'LTURN', 'CAR', '2016-10-19 05:22:38', 201, 0, '0000-00-00 00:00:00', 0),
(1370, 5, 0, 10734.8, 1.5, 'STRAIGHT', 'CAR', '2016-10-19 05:22:38', 201, 0, '0000-00-00 00:00:00', 0),
(1371, 5, 0, 10741.5, 1.5, 'RTURN', 'CAR', '2016-10-19 05:22:39', 201, 0, '0000-00-00 00:00:00', 0),
(1372, 5, 0, 10743.8, 1.5, 'RTURN', 'CAR', '2016-10-19 05:22:39', 201, 0, '0000-00-00 00:00:00', 0),
(1373, 5, 0, 10749.8, 1.5, 'STRAIGHT', 'CAR', '2016-10-19 05:22:40', 201, 0, '0000-00-00 00:00:00', 0),
(1374, 5, 0, 10752, 1.5, 'STRAIGHT', 'CAR', '2016-10-19 05:22:40', 201, 0, '0000-00-00 00:00:00', 0),
(1375, 5, 0, 10754.3, 1.5, 'STRAIGHT', 'CAR', '2016-10-19 05:22:40', 201, 0, '0000-00-00 00:00:00', 0),
(1376, 5, 0, 10756.5, 1.5, 'STRAIGHT', 'CAR', '2016-10-19 05:22:40', 201, 0, '0000-00-00 00:00:00', 0),
(1377, 5, 0, 10764, 1.5, 'PED', 'CAR', '2016-10-19 05:22:41', 201, 0, '0000-00-00 00:00:00', 0),
(1378, 5, 0, 10768.5, 1.5, 'STRAIGHT', 'CAR', '2016-10-19 05:22:41', 201, 0, '0000-00-00 00:00:00', 0),
(1379, 5, 0, 10772.3, 1.5, 'RTURN', 'CAR', '2016-10-19 05:22:42', 201, 0, '0000-00-00 00:00:00', 0),
(1380, 5, 0, 10775.3, 1.5, 'STRAIGHT', 'CAR', '2016-10-19 05:22:42', 201, 0, '0000-00-00 00:00:00', 0),
(1381, 5, 0, 10795.5, 1.5, 'LTURN', 'CAR', '2016-10-19 05:22:44', 201, 0, '0000-00-00 00:00:00', 0),
(1382, 5, 0, 10805.3, 1.5, 'UTURN', 'CAR', '2016-10-19 05:22:45', 201, 0, '0000-00-00 00:00:00', 0),
(1383, 5, 0, 10810.5, 1.5, 'STRAIGHT', 'CAR', '2016-10-19 05:22:45', 201, 0, '0000-00-00 00:00:00', 0),
(1384, 5, 0, 10815, 1.5, 'RTURN', 'CAR', '2016-10-19 05:22:45', 201, 0, '0000-00-00 00:00:00', 0),
(1385, 5, 0, 10827, 1.5, 'PED', 'CAR', '2016-10-19 05:22:46', 201, 0, '0000-00-00 00:00:00', 0),
(1386, 5, 0, 10831.5, 1.5, 'STRAIGHT', 'CAR', '2016-10-19 05:22:47', 201, 0, '0000-00-00 00:00:00', 0),
(1387, 5, 0, 10847.3, 1.5, 'RTURN', 'BICYCLE', '2016-10-19 05:22:53', 201, 0, '0000-00-00 00:00:00', 0),
(1388, 5, 0, 10849.5, 1.5, 'PED', 'CAR', '2016-10-19 05:22:53', 201, 0, '0000-00-00 00:00:00', 0),
(1389, 5, 0, 10851, 1.5, 'STRAIGHT', 'CAR', '2016-10-19 05:22:53', 201, 0, '0000-00-00 00:00:00', 0),
(1390, 5, 0, 10855.5, 1.5, 'STRAIGHT', 'CAR', '2016-10-19 05:22:53', 201, 0, '0000-00-00 00:00:00', 0),
(1391, 5, 0, 10852.5, 1.5, 'STRAIGHT', 'CAR', '2016-10-19 05:22:53', 201, 0, '0000-00-00 00:00:00', 0),
(1392, 5, 0, 10874.3, 1.5, 'STRAIGHT', 'CAR', '2016-10-19 05:23:22', 201, 0, '0000-00-00 00:00:00', 0),
(1393, 5, 0, 10876.5, 1.5, 'STRAIGHT', 'CAR', '2016-10-19 05:23:22', 201, 0, '0000-00-00 00:00:00', 0),
(1394, 5, 0, 10878, 1.5, 'RTURN', 'CAR', '2016-10-19 05:23:22', 201, 0, '0000-00-00 00:00:00', 0),
(1395, 5, 0, 10879.5, 1.5, 'RTURN', 'CAR', '2016-10-19 05:23:22', 201, 0, '0000-00-00 00:00:00', 0),
(1396, 5, 0, 10878.8, 1.5, 'STRAIGHT', 'CAR', '2016-10-19 05:23:22', 201, 0, '0000-00-00 00:00:00', 0),
(1397, 5, 0, 10881, 1.5, 'LTURN', 'CAR', '2016-10-19 05:23:23', 201, 0, '0000-00-00 00:00:00', 0),
(1398, 5, 0, 10881.8, 1.5, 'RTURN', 'CAR', '2016-10-19 05:23:23', 201, 0, '0000-00-00 00:00:00', 0),
(1399, 5, 0, 10882.5, 1.5, 'LTURN', 'CAR', '2016-10-19 05:23:23', 201, 0, '0000-00-00 00:00:00', 0),
(1400, 5, 0, 10884.8, 1.5, 'LTURN', 'CAR', '2016-10-19 05:23:23', 201, 0, '0000-00-00 00:00:00', 0),
(1401, 5, 0, 10886.3, 1.5, 'PED', 'CAR', '2016-10-19 05:23:23', 201, 0, '0000-00-00 00:00:00', 0),
(1402, 5, 0, 10887, 1.5, 'LTURN', 'CAR', '2016-10-19 05:23:23', 201, 0, '0000-00-00 00:00:00', 0),
(1403, 5, 0, 10887.8, 1.5, 'PED', 'CAR', '2016-10-19 05:23:23', 201, 0, '0000-00-00 00:00:00', 0),
(1404, 5, 0, 10890.8, 1.5, 'STRAIGHT', 'CAR', '2016-10-19 05:23:23', 201, 0, '0000-00-00 00:00:00', 0),
(1405, 5, 0, 10893.1, 1.5, 'STRAIGHT', 'CAR', '2016-10-19 05:23:23', 201, 0, '0000-00-00 00:00:00', 0),
(1406, 5, 0, 10893.8, 1.5, 'RTURN', 'CAR', '2016-10-19 05:23:24', 201, 0, '0000-00-00 00:00:00', 0),
(1407, 5, 0, 10895.3, 1.5, 'STRAIGHT', 'CAR', '2016-10-19 05:23:24', 201, 0, '0000-00-00 00:00:00', 0),
(1408, 5, 0, 10896, 1.5, 'RTURN', 'CAR', '2016-10-19 05:23:24', 201, 0, '0000-00-00 00:00:00', 0),
(1409, 5, 0, 10896.8, 1.5, 'STRAIGHT', 'CAR', '2016-10-19 05:23:24', 201, 0, '0000-00-00 00:00:00', 0),
(1410, 5, 0, 10897.5, 1.5, 'RTURN', 'CAR', '2016-10-19 05:23:24', 201, 0, '0000-00-00 00:00:00', 0),
(1411, 5, 0, 10899, 1.5, 'STRAIGHT', 'CAR', '2016-10-19 05:23:24', 201, 0, '0000-00-00 00:00:00', 0),
(1412, 5, 0, 10899.8, 1.5, 'RTURN', 'CAR', '2016-10-19 05:23:24', 201, 0, '0000-00-00 00:00:00', 0),
(1413, 5, 0, 10902, 1.5, 'RTURN', 'CAR', '2016-10-19 05:23:24', 201, 0, '0000-00-00 00:00:00', 0),
(1414, 5, 0, 10902.8, 1.5, 'LTURN', 'CAR', '2016-10-19 05:23:24', 201, 0, '0000-00-00 00:00:00', 0),
(1415, 5, 0, 10905, 1.5, 'LTURN', 'CAR', '2016-10-19 05:23:24', 201, 0, '0000-00-00 00:00:00', 0),
(1416, 5, 0, 10907.3, 1.5, 'STRAIGHT', 'CAR', '2016-10-19 05:23:25', 201, 0, '0000-00-00 00:00:00', 0),
(1417, 5, 0, 10909.5, 1.5, 'LTURN', 'CAR', '2016-10-19 05:23:25', 201, 0, '0000-00-00 00:00:00', 0),
(1418, 5, 0, 10909.5, 1.5, 'STRAIGHT', 'CAR', '2016-10-19 05:23:25', 201, 0, '0000-00-00 00:00:00', 0),
(1419, 5, 0, 10911, 1.5, 'LTURN', 'CAR', '2016-10-19 05:23:25', 201, 0, '0000-00-00 00:00:00', 0),
(1420, 5, 0, 10911, 1.5, 'STRAIGHT', 'CAR', '2016-10-19 05:23:25', 201, 0, '0000-00-00 00:00:00', 0),
(1421, 5, 0, 10913.3, 1.5, 'LTURN', 'CAR', '2016-10-19 05:23:25', 201, 0, '0000-00-00 00:00:00', 0),
(1422, 5, 0, 10914, 1.5, 'PED', 'CAR', '2016-10-19 05:23:25', 201, 0, '0000-00-00 00:00:00', 0),
(1423, 5, 0, 10918.5, 1.5, 'STRAIGHT', 'CAR', '2016-10-19 05:23:26', 201, 0, '0000-00-00 00:00:00', 0),
(1424, 5, 0, 11267.3, 1.5, 'RTURN', 'BICYCLE', '2016-10-19 05:23:57', 201, 0, '0000-00-00 00:00:00', 0),
(1425, 5, 0, 11266.5, 1.5, 'STRAIGHT', 'CAR', '2016-10-19 05:23:57', 201, 0, '0000-00-00 00:00:00', 0),
(1426, 5, 0, 11268.1, 1.5, 'STRAIGHT', 'CAR', '2016-10-19 05:23:57', 201, 0, '0000-00-00 00:00:00', 0),
(1427, 5, 0, 11268.8, 1.5, 'RTURN', 'CAR', '2016-10-19 05:23:57', 201, 0, '0000-00-00 00:00:00', 0),
(1428, 5, 0, 11270.3, 1.5, 'STRAIGHT', 'CAR', '2016-10-19 05:23:57', 201, 0, '0000-00-00 00:00:00', 0),
(1429, 5, 0, 11271, 1.5, 'RTURN', 'CAR', '2016-10-19 05:23:57', 201, 0, '0000-00-00 00:00:00', 0),
(1430, 5, 0, 11271.8, 1.5, 'STRAIGHT', 'BICYCLE', '2016-10-19 05:23:57', 201, 0, '0000-00-00 00:00:00', 0),
(1431, 5, 0, 11273.3, 1.5, 'RTURN', 'CAR', '2016-10-19 05:23:57', 201, 0, '0000-00-00 00:00:00', 0),
(1432, 5, 0, 11274.1, 1.5, 'LTURN', 'CAR', '2016-10-19 05:23:58', 201, 0, '0000-00-00 00:00:00', 0),
(1433, 5, 0, 11276.3, 1.5, 'LTURN', 'CAR', '2016-10-19 05:23:58', 201, 0, '0000-00-00 00:00:00', 0),
(1434, 5, 0, 11277, 1.5, 'RTURN', 'CAR', '2016-10-19 05:23:58', 201, 0, '0000-00-00 00:00:00', 0),
(1435, 5, 0, 11277.8, 1.5, 'LTURN', 'CAR', '2016-10-19 05:23:58', 201, 0, '0000-00-00 00:00:00', 0),
(1436, 5, 0, 11282.3, 1.5, 'STRAIGHT', 'CAR', '2016-10-19 05:23:58', 201, 0, '0000-00-00 00:00:00', 0),
(1437, 5, 0, 11288.3, 1.5, 'STRAIGHT', 'CAR', '2016-10-19 05:23:59', 201, 0, '0000-00-00 00:00:00', 0),
(1438, 5, 0, 11294.3, 1.5, 'STRAIGHT', 'CAR', '2016-10-19 05:23:59', 201, 0, '0000-00-00 00:00:00', 0),
(1439, 5, 0, 11298.8, 1.5, 'STRAIGHT', 'CAR', '2016-10-19 05:24:00', 201, 0, '0000-00-00 00:00:00', 0),
(1440, 5, 0, 11571.2, 1.5, 'RTURN', 'CAR', '2016-10-19 05:24:46', 201, 0, '0000-00-00 00:00:00', 0),
(1441, 5, 0, 11571.2, 1.5, 'LTURN', 'CAR', '2016-10-19 05:24:46', 201, 0, '0000-00-00 00:00:00', 0),
(1442, 5, 0, 11571.2, 1.5, 'RTURN', 'CAR', '2016-10-19 05:24:46', 201, 0, '0000-00-00 00:00:00', 0),
(1443, 5, 0, 11571.2, 1.5, 'STRAIGHT', 'CAR', '2016-10-19 05:24:46', 201, 0, '0000-00-00 00:00:00', 0),
(1444, 5, 0, 11571.2, 1.5, 'RTURN', 'CAR', '2016-10-19 05:24:46', 201, 0, '0000-00-00 00:00:00', 0),
(1445, 5, 0, 11571.2, 1.5, 'RTURN', 'CAR', '2016-10-19 05:24:46', 201, 0, '0000-00-00 00:00:00', 0),
(1446, 5, 0, 11571.2, 1.5, 'STRAIGHT', 'CAR', '2016-10-19 05:24:47', 201, 0, '0000-00-00 00:00:00', 0),
(1447, 5, 0, 11571.2, 1.5, 'LTURN', 'CAR', '2016-10-19 05:24:47', 201, 0, '0000-00-00 00:00:00', 0),
(1448, 5, 0, 11571.2, 1.5, 'RTURN', 'CAR', '2016-10-19 05:24:47', 201, 0, '0000-00-00 00:00:00', 0),
(1449, 5, 0, 11571.2, 1.5, 'STRAIGHT', 'CAR', '2016-10-19 05:24:47', 201, 0, '0000-00-00 00:00:00', 0),
(1450, 5, 0, 11571.2, 1.5, 'RTURN', 'CAR', '2016-10-19 05:24:47', 201, 0, '0000-00-00 00:00:00', 0),
(1451, 5, 0, 11571.2, 1.5, 'LTURN', 'CAR', '2016-10-19 05:24:47', 201, 0, '0000-00-00 00:00:00', 0),
(1452, 5, 0, 11571.2, 1.5, 'LTURN', 'CAR', '2016-10-19 05:24:47', 201, 0, '0000-00-00 00:00:00', 0),
(1453, 5, 0, 11571.2, 1.5, 'STRAIGHT', 'CAR', '2016-10-19 05:24:47', 201, 0, '0000-00-00 00:00:00', 0),
(1454, 5, 0, 11571.2, 1.5, 'LTURN', 'CAR', '2016-10-19 05:24:47', 201, 0, '0000-00-00 00:00:00', 0),
(1455, 5, 0, 11571.2, 1.5, 'LTURN', 'CAR', '2016-10-19 05:24:47', 201, 0, '0000-00-00 00:00:00', 0),
(1456, 5, 0, 11571.2, 1.5, 'PED', 'CAR', '2016-10-19 05:24:47', 201, 0, '0000-00-00 00:00:00', 0),
(1457, 5, 0, 11580.8, 1.5, 'STRAIGHT', 'CAR', '2016-10-19 05:25:24', 201, 0, '0000-00-00 00:00:00', 0),
(1458, 5, 0, 11583, 1.5, 'STRAIGHT', 'CAR', '2016-10-19 05:25:24', 201, 0, '0000-00-00 00:00:00', 0),
(1459, 5, 0, 11585.3, 1.5, 'STRAIGHT', 'CAR', '2016-10-19 05:25:24', 201, 0, '0000-00-00 00:00:00', 0),
(1460, 5, 0, 11588.3, 1.5, 'RTURN', 'CAR', '2016-10-19 05:25:24', 201, 0, '0000-00-00 00:00:00', 0),
(1461, 5, 0, 11587.5, 1.5, 'STRAIGHT', 'CAR', '2016-10-19 05:25:24', 201, 0, '0000-00-00 00:00:00', 0),
(1462, 5, 0, 11589.8, 1.5, 'STRAIGHT', 'CAR', '2016-10-19 05:25:24', 201, 0, '0000-00-00 00:00:00', 0),
(1463, 5, 0, 11590.5, 1.5, 'RTURN', 'CAR', '2016-10-19 05:25:24', 201, 0, '0000-00-00 00:00:00', 0),
(1464, 5, 0, 11592, 1.5, 'STRAIGHT', 'CAR', '2016-10-19 05:25:24', 201, 0, '0000-00-00 00:00:00', 0),
(1465, 5, 0, 11594.3, 1.5, 'STRAIGHT', 'CAR', '2016-10-19 05:25:25', 201, 0, '0000-00-00 00:00:00', 0),
(1466, 5, 0, 11596.5, 1.5, 'STRAIGHT', 'CAR', '2016-10-19 05:25:25', 201, 0, '0000-00-00 00:00:00', 0),
(1467, 5, 0, 11598.8, 1.5, 'STRAIGHT', 'CAR', '2016-10-19 05:25:25', 201, 0, '0000-00-00 00:00:00', 0),
(1468, 5, 0, 11603.3, 1.5, 'LTURN', 'CAR', '2016-10-19 05:25:25', 201, 0, '0000-00-00 00:00:00', 0),
(1469, 5, 0, 11605.5, 1.5, 'STRAIGHT', 'BICYCLE', '2016-10-19 05:25:25', 201, 0, '0000-00-00 00:00:00', 0),
(1470, 5, 0, 11608.5, 1.5, 'STRAIGHT', 'CAR', '2016-10-19 05:25:26', 201, 0, '0000-00-00 00:00:00', 0),
(1471, 5, 0, 11610.8, 1.5, 'STRAIGHT', 'CAR', '2016-10-19 05:25:26', 201, 0, '0000-00-00 00:00:00', 0),
(1472, 5, 0, 11612.3, 1.5, 'STRAIGHT', 'CAR', '2016-10-19 05:25:26', 201, 0, '0000-00-00 00:00:00', 0),
(1473, 5, 0, 11619, 1.5, 'STRAIGHT', 'CAR', '2016-10-19 05:25:27', 201, 0, '0000-00-00 00:00:00', 0),
(1474, 5, 0, 11621.3, 1.5, 'STRAIGHT', 'CAR', '2016-10-19 05:25:27', 201, 0, '0000-00-00 00:00:00', 0),
(1475, 5, 0, 11623.5, 1.5, 'STRAIGHT', 'BICYCLE', '2016-10-19 05:25:27', 201, 0, '0000-00-00 00:00:00', 0),
(1476, 5, 0, 11645.3, 1.5, 'STRAIGHT', 'CAR', '2016-10-19 05:25:58', 201, 0, '0000-00-00 00:00:00', 0),
(1477, 5, 0, 11646, 1.5, 'RTURN', 'CAR', '2016-10-19 05:25:58', 201, 0, '0000-00-00 00:00:00', 0),
(1478, 5, 0, 11646.8, 1.5, 'STRAIGHT', 'CAR', '2016-10-19 05:25:58', 201, 0, '0000-00-00 00:00:00', 0),
(1479, 5, 0, 11649, 1.5, 'STRAIGHT', 'CAR', '2016-10-19 05:25:58', 201, 0, '0000-00-00 00:00:00', 0),
(1480, 5, 0, 11649.8, 1.5, 'RTURN', 'CAR', '2016-10-19 05:25:58', 201, 0, '0000-00-00 00:00:00', 0),
(1481, 5, 0, 11650.5, 1.5, 'LTURN', 'CAR', '2016-10-19 05:25:58', 201, 0, '0000-00-00 00:00:00', 0),
(1482, 5, 0, 11650.5, 1.5, 'STRAIGHT', 'CAR', '2016-10-19 05:25:58', 201, 0, '0000-00-00 00:00:00', 0),
(1483, 5, 0, 11652, 1.5, 'RTURN', 'CAR', '2016-10-19 05:25:58', 201, 0, '0000-00-00 00:00:00', 0),
(1484, 5, 0, 11652.8, 1.5, 'LTURN', 'CAR', '2016-10-19 05:25:58', 201, 0, '0000-00-00 00:00:00', 0),
(1485, 5, 0, 11654.3, 1.5, 'RTURN', 'CAR', '2016-10-19 05:25:58', 201, 0, '0000-00-00 00:00:00', 0),
(1486, 5, 0, 11655, 1.5, 'STRAIGHT', 'CAR', '2016-10-19 05:25:58', 201, 0, '0000-00-00 00:00:00', 0),
(1487, 5, 0, 11656.5, 1.5, 'RTURN', 'CAR', '2016-10-19 05:25:59', 201, 0, '0000-00-00 00:00:00', 0),
(1488, 5, 0, 11657.3, 1.5, 'LTURN', 'CAR', '2016-10-19 05:25:59', 201, 0, '0000-00-00 00:00:00', 0),
(1489, 5, 0, 11659.5, 1.5, 'LTURN', 'CAR', '2016-10-19 05:25:59', 201, 0, '0000-00-00 00:00:00', 0),
(1490, 5, 0, 11661, 1.5, 'PED', 'CAR', '2016-10-19 05:25:59', 201, 0, '0000-00-00 00:00:00', 0),
(1491, 5, 0, 11661.8, 1.5, 'LTURN', 'CAR', '2016-10-19 05:25:59', 201, 0, '0000-00-00 00:00:00', 0),
(1492, 5, 0, 11664.8, 1.5, 'RTURN', 'CAR', '2016-10-19 05:25:59', 201, 0, '0000-00-00 00:00:00', 0),
(1493, 5, 0, 11665.5, 1.5, 'RTURN', 'CAR', '2016-10-19 05:25:59', 201, 0, '0000-00-00 00:00:00', 0),
(1494, 5, 0, 11666.3, 1.5, 'STRAIGHT', 'CAR', '2016-10-19 05:25:59', 201, 0, '0000-00-00 00:00:00', 0),
(1495, 5, 0, 11667, 1.5, 'RTURN', 'CAR', '2016-10-19 05:25:59', 201, 0, '0000-00-00 00:00:00', 0),
(1496, 5, 0, 11668.5, 1.5, 'STRAIGHT', 'CAR', '2016-10-19 05:26:00', 201, 0, '0000-00-00 00:00:00', 0),
(1497, 5, 0, 11684.3, 1.5, 'RTURN', 'CAR', '2016-10-19 05:26:01', 201, 0, '0000-00-00 00:00:00', 0),
(1498, 5, 0, 11685, 1.5, 'LTURN', 'CAR', '2016-10-19 05:26:01', 201, 0, '0000-00-00 00:00:00', 0),
(1499, 5, 0, 11686.5, 1.5, 'RTURN', 'CAR', '2016-10-19 05:26:01', 201, 0, '0000-00-00 00:00:00', 0),
(1500, 5, 0, 11687.3, 1.5, 'LTURN', 'BICYCLE', '2016-10-19 05:26:01', 201, 0, '0000-00-00 00:00:00', 0),
(1501, 5, 0, 11691, 1.5, 'LTURN', 'CAR', '2016-10-19 05:26:02', 201, 0, '0000-00-00 00:00:00', 0),
(1502, 5, 0, 11692.5, 1.5, 'RTURN', 'BICYCLE', '2016-10-19 05:26:02', 201, 0, '0000-00-00 00:00:00', 0),
(1503, 5, 0, 11695.5, 1.5, 'LTURN', 'CAR', '2016-10-19 05:26:02', 201, 0, '0000-00-00 00:00:00', 0),
(1504, 5, 0, 11698.5, 1.5, 'PED', 'CAR', '2016-10-19 05:26:02', 201, 0, '0000-00-00 00:00:00', 0),
(1505, 5, 0, 11703.8, 1.5, 'STRAIGHT', 'CAR', '2016-10-19 05:26:03', 201, 0, '0000-00-00 00:00:00', 0),
(1506, 5, 0, 11705.3, 1.5, 'STRAIGHT', 'CAR', '2016-10-19 05:26:03', 201, 0, '0000-00-00 00:00:00', 0),
(1507, 5, 0, 11708.3, 1.5, 'RTURN', 'CAR', '2016-10-19 05:26:03', 201, 0, '0000-00-00 00:00:00', 0),
(1508, 5, 0, 11709.8, 1.5, 'STRAIGHT', 'CAR', '2016-10-19 05:26:03', 201, 0, '0000-00-00 00:00:00', 0),
(1509, 5, 0, 11845.5, 1.5, 'STRAIGHT', 'CAR', '2016-10-19 05:26:16', 201, 0, '0000-00-00 00:00:00', 0),
(1510, 5, 0, 11846.3, 1.5, 'RTURN', 'CAR', '2016-10-19 05:26:16', 201, 0, '0000-00-00 00:00:00', 0),
(1511, 5, 0, 11847, 1.5, 'LTURN', 'CAR', '2016-10-19 05:26:16', 201, 0, '0000-00-00 00:00:00', 0),
(1512, 5, 0, 11847.8, 1.5, 'STRAIGHT', 'CAR', '2016-10-19 05:26:16', 201, 0, '0000-00-00 00:00:00', 0),
(1513, 5, 0, 11850, 1.5, 'STRAIGHT', 'CAR', '2016-10-19 05:26:16', 201, 0, '0000-00-00 00:00:00', 0),
(1514, 5, 0, 11848.5, 1.5, 'RTURN', 'CAR', '2016-10-19 05:26:16', 201, 0, '0000-00-00 00:00:00', 0),
(1515, 5, 0, 11850.8, 1.5, 'RTURN', 'CAR', '2016-10-19 05:26:16', 201, 0, '0000-00-00 00:00:00', 0),
(1516, 5, 0, 11851.5, 1.5, 'LTURN', 'CAR', '2016-10-19 05:26:16', 201, 0, '0000-00-00 00:00:00', 0),
(1517, 5, 0, 11851.5, 1.5, 'STRAIGHT', 'CAR', '2016-10-19 05:26:16', 201, 0, '0000-00-00 00:00:00', 0),
(1518, 5, 0, 11853, 1.5, 'RTURN', 'CAR', '2016-10-19 05:26:16', 201, 0, '0000-00-00 00:00:00', 0),
(1519, 5, 0, 11856, 1.5, 'PED', 'CAR', '2016-10-19 05:26:16', 201, 0, '0000-00-00 00:00:00', 0),
(1520, 5, 0, 11858.3, 1.5, 'PED', 'BICYCLE', '2016-10-19 05:26:16', 201, 0, '0000-00-00 00:00:00', 0),
(1521, 5, 0, 11860.5, 1.5, 'STRAIGHT', 'CAR', '2016-10-19 05:26:17', 201, 0, '0000-00-00 00:00:00', 0),
(1522, 5, 0, 11862.8, 1.5, 'STRAIGHT', 'CAR', '2016-10-19 05:26:17', 201, 0, '0000-00-00 00:00:00', 0),
(1523, 5, 0, 12410.3, 1.5, 'RTURN', 'CAR', '2016-10-19 05:27:06', 201, 0, '0000-00-00 00:00:00', 0),
(1524, 5, 0, 12411.8, 1.5, 'STRAIGHT', 'CAR', '2016-10-19 05:27:06', 201, 0, '0000-00-00 00:00:00', 0),
(1525, 5, 0, 12412.5, 1.5, 'RTURN', 'CAR', '2016-10-19 05:27:06', 201, 0, '0000-00-00 00:00:00', 0),
(1526, 5, 0, 12413.3, 1.5, 'STRAIGHT', 'CAR', '2016-10-19 05:27:06', 201, 0, '0000-00-00 00:00:00', 0),
(1527, 5, 0, 12414.8, 1.5, 'PED', 'CAR', '2016-10-19 05:27:06', 201, 0, '0000-00-00 00:00:00', 0),
(1528, 5, 0, 12415.5, 1.5, 'LTURN', 'CAR', '2016-10-19 05:27:06', 201, 0, '0000-00-00 00:00:00', 0),
(1529, 5, 0, 12417, 1.5, 'PED', 'CAR', '2016-10-19 05:27:06', 201, 0, '0000-00-00 00:00:00', 0),
(1530, 5, 0, 12420, 1.5, 'STRAIGHT', 'CAR', '2016-10-19 05:27:06', 201, 0, '0000-00-00 00:00:00', 0),
(1531, 5, 0, 12422.3, 1.5, 'STRAIGHT', 'CAR', '2016-10-19 05:27:06', 201, 0, '0000-00-00 00:00:00', 0),
(1532, 5, 0, 12423.8, 1.5, 'PED', 'CAR', '2016-10-19 05:27:07', 201, 0, '0000-00-00 00:00:00', 0),
(1533, 5, 0, 12424.6, 1.5, 'STRAIGHT', 'BICYCLE', '2016-10-19 05:27:07', 201, 0, '0000-00-00 00:00:00', 0),
(1534, 5, 0, 12426, 1.5, 'PED', 'CAR', '2016-10-19 05:27:07', 201, 0, '0000-00-00 00:00:00', 0),
(1535, 5, 0, 12429.8, 1.5, 'RTURN', 'CAR', '2016-10-19 05:27:07', 201, 0, '0000-00-00 00:00:00', 0),
(1536, 5, 0, 12507.7, 1.5, 'STRAIGHT', 'CAR', '2016-10-19 05:27:24', 201, 0, '0000-00-00 00:00:00', 0);
INSERT INTO `idax_video_counts` (`videocountid`, `layoutid`, `legindex`, `videoposition`, `videospeed`, `counttype`, `objecttype`, `countedtime`, `countedby_user`, `rejected`, `rejectedtime`, `rejectedby_user`) VALUES
(1537, 5, 0, 12507.7, 1.5, 'RTURN', 'CAR', '2016-10-19 05:27:25', 201, 0, '0000-00-00 00:00:00', 0),
(1538, 5, 0, 12507.7, 1.5, 'PED', 'CAR', '2016-10-19 05:27:25', 201, 0, '0000-00-00 00:00:00', 0),
(1539, 5, 0, 12507.7, 1.5, 'LTURN', 'BICYCLE', '2016-10-19 05:27:25', 201, 0, '0000-00-00 00:00:00', 0),
(1540, 5, 0, 12516.8, 1.25, 'STRAIGHT', 'CAR', '2016-10-19 05:28:42', 201, 0, '0000-00-00 00:00:00', 0),
(1541, 5, 0, 12517.5, 1.25, 'RTURN', 'CAR', '2016-10-19 05:28:42', 201, 0, '0000-00-00 00:00:00', 0),
(1542, 5, 0, 12518.3, 1.25, 'STRAIGHT', 'CAR', '2016-10-19 05:28:42', 201, 0, '0000-00-00 00:00:00', 0),
(1543, 5, 0, 12519, 1.25, 'RTURN', 'CAR', '2016-10-19 05:28:42', 201, 0, '0000-00-00 00:00:00', 0),
(1544, 5, 0, 12522, 1.25, 'STRAIGHT', 'CAR', '2016-10-19 05:28:42', 201, 0, '0000-00-00 00:00:00', 0),
(1545, 5, 0, 12522.8, 1.25, 'RTURN', 'CAR', '2016-10-19 05:28:42', 201, 0, '0000-00-00 00:00:00', 0),
(1546, 5, 0, 12525.8, 1.25, 'LTURN', 'CAR', '2016-10-19 05:28:42', 201, 0, '0000-00-00 00:00:00', 0),
(1547, 5, 0, 12527.3, 1.25, 'STRAIGHT', 'CAR', '2016-10-19 05:28:42', 201, 0, '0000-00-00 00:00:00', 0),
(1548, 5, 0, 12528.8, 1.25, 'STRAIGHT', 'CAR', '2016-10-19 05:28:43', 201, 0, '0000-00-00 00:00:00', 0),
(1549, 5, 0, 12531, 1.25, 'STRAIGHT', 'CAR', '2016-10-19 05:28:43', 201, 0, '0000-00-00 00:00:00', 0),
(1550, 5, 0, 12533.3, 1.25, 'STRAIGHT', 'CAR', '2016-10-19 05:28:43', 201, 0, '0000-00-00 00:00:00', 0),
(1551, 5, 0, 12534, 1.25, 'PED', 'CAR', '2016-10-19 05:28:43', 201, 0, '0000-00-00 00:00:00', 0),
(1552, 5, 0, 12534.8, 1.25, 'STRAIGHT', 'CAR', '2016-10-19 05:28:43', 201, 0, '0000-00-00 00:00:00', 0),
(1553, 5, 0, 12536.2, 1.25, 'STRAIGHT', 'CAR', '2016-10-19 05:28:43', 201, 0, '0000-00-00 00:00:00', 0),
(1554, 5, 0, 12538.5, 1.25, 'STRAIGHT', 'CAR', '2016-10-19 05:28:44', 201, 0, '0000-00-00 00:00:00', 0),
(1555, 5, 0, 12540.8, 1.25, 'STRAIGHT', 'CAR', '2016-10-19 05:28:44', 201, 0, '0000-00-00 00:00:00', 0),
(1556, 5, 0, 12543, 1.25, 'STRAIGHT', 'CAR', '2016-10-19 05:28:44', 201, 0, '0000-00-00 00:00:00', 0),
(1557, 5, 0, 12547.5, 1.25, 'PED', 'CAR', '2016-10-19 05:28:45', 201, 0, '0000-00-00 00:00:00', 0),
(1558, 5, 0, 12551.3, 1.25, 'RTURN', 'CAR', '2016-10-19 05:28:45', 201, 0, '0000-00-00 00:00:00', 0),
(1559, 5, 0, 12558, 1.25, 'STRAIGHT', 'CAR', '2016-10-19 05:28:46', 201, 0, '0000-00-00 00:00:00', 0),
(1560, 5, 0, 12564.8, 1.25, 'STRAIGHT', 'CAR', '2016-10-19 05:28:46', 201, 0, '0000-00-00 00:00:00', 0),
(1561, 5, 0, 12568.5, 1.25, 'UTURN', 'CAR', '2016-10-19 05:28:47', 201, 0, '0000-00-00 00:00:00', 0),
(1562, 5, 0, 12576, 1.25, 'RTURN', 'CAR', '2016-10-19 05:28:48', 201, 0, '0000-00-00 00:00:00', 0),
(1563, 5, 0, 12577.5, 1.25, 'STRAIGHT', 'CAR', '2016-10-19 05:28:48', 201, 0, '0000-00-00 00:00:00', 0),
(1564, 5, 0, 12581.3, 1.25, 'LTURN', 'CAR', '2016-10-19 05:28:48', 201, 0, '0000-00-00 00:00:00', 0),
(1565, 5, 0, 12582.8, 1.25, 'PED', 'CAR', '2016-10-19 05:28:48', 201, 0, '0000-00-00 00:00:00', 0),
(1566, 5, 0, 12588, 1.25, 'STRAIGHT', 'CAR', '2016-10-19 05:28:49', 201, 0, '0000-00-00 00:00:00', 0),
(1567, 5, 0, 12589.5, 1.25, 'STRAIGHT', 'CAR', '2016-10-19 05:28:49', 201, 0, '0000-00-00 00:00:00', 0),
(1568, 5, 0, 12591, 1.25, 'RTURN', 'CAR', '2016-10-19 05:28:49', 201, 0, '0000-00-00 00:00:00', 0),
(1569, 5, 0, 12594.8, 1.25, 'LTURN', 'CAR', '2016-10-19 05:28:50', 201, 0, '0000-00-00 00:00:00', 0),
(1570, 5, 0, 12597.8, 1.25, 'PED', 'CAR', '2016-10-19 05:28:50', 201, 0, '0000-00-00 00:00:00', 0),
(1571, 5, 0, 12601.5, 1.25, 'RTURN', 'CAR', '2016-10-19 05:28:50', 201, 0, '0000-00-00 00:00:00', 0),
(1572, 5, 0, 12603, 1.25, 'STRAIGHT', 'CAR', '2016-10-19 05:28:50', 201, 0, '0000-00-00 00:00:00', 0),
(1573, 5, 0, 12604.5, 1.25, 'STRAIGHT', 'CAR', '2016-10-19 05:28:51', 201, 0, '0000-00-00 00:00:00', 0),
(1574, 5, 0, 12755.3, 1.25, 'LTURN', 'CAR', '2016-10-19 05:29:07', 201, 0, '0000-00-00 00:00:00', 0),
(1575, 5, 0, 12757.5, 1.25, 'STRAIGHT', 'CAR', '2016-10-19 05:29:07', 201, 0, '0000-00-00 00:00:00', 0),
(1576, 5, 0, 12761.3, 1.25, 'RTURN', 'CAR', '2016-10-19 05:29:08', 201, 0, '0000-00-00 00:00:00', 0),
(1577, 5, 0, 12765, 1.25, 'PED', 'CAR', '2016-10-19 05:29:08', 201, 0, '0000-00-00 00:00:00', 0),
(1578, 5, 0, 12767.3, 1.25, 'PED', 'CAR', '2016-10-19 05:29:08', 201, 0, '0000-00-00 00:00:00', 0),
(1579, 5, 0, 12768.8, 1.25, 'PED', 'CAR', '2016-10-19 05:29:08', 201, 0, '0000-00-00 00:00:00', 0),
(1580, 5, 0, 12771.8, 1.25, 'STRAIGHT', 'CAR', '2016-10-19 05:29:08', 201, 0, '0000-00-00 00:00:00', 0),
(1581, 5, 0, 12773.3, 1.25, 'PED', 'CAR', '2016-10-19 05:29:09', 201, 0, '0000-00-00 00:00:00', 0),
(1582, 5, 0, 12773.3, 1.25, 'STRAIGHT', 'CAR', '2016-10-19 05:29:09', 201, 0, '0000-00-00 00:00:00', 0),
(1583, 5, 0, 12777.8, 1.25, 'PED', 'CAR', '2016-10-19 05:29:09', 201, 0, '0000-00-00 00:00:00', 0),
(1584, 5, 0, 12780, 1.25, 'PED', 'CAR', '2016-10-19 05:29:09', 201, 0, '0000-00-00 00:00:00', 0),
(1585, 5, 0, 12785.3, 1.25, 'RTURN', 'CAR', '2016-10-19 05:29:10', 201, 0, '0000-00-00 00:00:00', 0),
(1586, 5, 0, 12793.5, 1.25, 'LTURN', 'CAR', '2016-10-19 05:29:11', 201, 0, '0000-00-00 00:00:00', 0),
(1587, 5, 0, 12795, 1.25, 'STRAIGHT', 'CAR', '2016-10-19 05:29:11', 201, 0, '0000-00-00 00:00:00', 0),
(1588, 5, 0, 12796.5, 1.25, 'STRAIGHT', 'CAR', '2016-10-19 05:29:11', 201, 0, '0000-00-00 00:00:00', 0),
(1589, 5, 0, 12798, 1.25, 'RTURN', 'CAR', '2016-10-19 05:29:11', 201, 0, '0000-00-00 00:00:00', 0),
(1590, 5, 0, 12803.3, 1.25, 'LTURN', 'CAR', '2016-10-19 05:29:12', 201, 0, '0000-00-00 00:00:00', 0),
(1591, 5, 0, 12807, 1.25, 'RTURN', 'CAR', '2016-10-19 05:29:12', 201, 0, '0000-00-00 00:00:00', 0),
(1592, 5, 0, 12808.5, 1.25, 'STRAIGHT', 'CAR', '2016-10-19 05:29:12', 201, 0, '0000-00-00 00:00:00', 0),
(1593, 5, 0, 12810, 1.25, 'STRAIGHT', 'CAR', '2016-10-19 05:29:13', 201, 0, '0000-00-00 00:00:00', 0),
(1594, 5, 0, 12811.5, 1.25, 'LTURN', 'CAR', '2016-10-19 05:29:13', 201, 0, '0000-00-00 00:00:00', 0),
(1595, 5, 0, 12813.8, 1.25, 'PED', 'CAR', '2016-10-19 05:29:13', 201, 0, '0000-00-00 00:00:00', 0),
(1596, 5, 0, 12930, 1.25, 'STRAIGHT', 'CAR', '2016-10-19 05:29:26', 201, 0, '0000-00-00 00:00:00', 0),
(1597, 5, 0, 12932.3, 1.25, 'RTURN', 'CAR', '2016-10-19 05:29:26', 201, 0, '0000-00-00 00:00:00', 0),
(1598, 5, 0, 12936.8, 1.25, 'STRAIGHT', 'CAR', '2016-10-19 05:29:26', 201, 0, '0000-00-00 00:00:00', 0),
(1599, 5, 0, 12939, 1.25, 'STRAIGHT', 'CAR', '2016-10-19 05:29:26', 201, 0, '0000-00-00 00:00:00', 0),
(1600, 5, 0, 12940.5, 1.25, 'LTURN', 'CAR', '2016-10-19 05:29:26', 201, 0, '0000-00-00 00:00:00', 0),
(1601, 5, 0, 12944.3, 1.25, 'PED', 'CAR', '2016-10-19 05:29:27', 201, 0, '0000-00-00 00:00:00', 0),
(1602, 5, 0, 12951, 1.25, 'RTURN', 'CAR', '2016-10-19 05:29:28', 201, 0, '0000-00-00 00:00:00', 0),
(1603, 5, 0, 12953.3, 1.25, 'STRAIGHT', 'CAR', '2016-10-19 05:29:28', 201, 0, '0000-00-00 00:00:00', 0),
(1604, 5, 0, 12954.8, 1.25, 'STRAIGHT', 'CAR', '2016-10-19 05:29:28', 201, 0, '0000-00-00 00:00:00', 0),
(1605, 5, 0, 13053.8, 1.25, 'STRAIGHT', 'CAR', '2016-10-19 05:29:39', 201, 0, '0000-00-00 00:00:00', 0),
(1606, 5, 0, 13055.3, 1.25, 'RTURN', 'CAR', '2016-10-19 05:29:39', 201, 0, '0000-00-00 00:00:00', 0),
(1607, 5, 0, 13056.8, 1.25, 'STRAIGHT', 'CAR', '2016-10-19 05:29:39', 201, 0, '0000-00-00 00:00:00', 0),
(1608, 5, 0, 13059, 1.25, 'PED', 'CAR', '2016-10-19 05:29:39', 201, 0, '0000-00-00 00:00:00', 0),
(1609, 5, 0, 13058.3, 1.25, 'STRAIGHT', 'CAR', '2016-10-19 05:29:39', 201, 0, '0000-00-00 00:00:00', 0),
(1610, 5, 0, 13062, 1.25, 'STRAIGHT', 'CAR', '2016-10-19 05:29:39', 201, 0, '0000-00-00 00:00:00', 0),
(1611, 5, 0, 13062.8, 1.25, 'PED', 'CAR', '2016-10-19 05:29:40', 201, 0, '0000-00-00 00:00:00', 0),
(1612, 5, 0, 13063.5, 1.25, 'STRAIGHT', 'CAR', '2016-10-19 05:29:40', 201, 0, '0000-00-00 00:00:00', 0),
(1613, 5, 0, 13064.3, 1.25, 'PED', 'CAR', '2016-10-19 05:29:40', 201, 0, '0000-00-00 00:00:00', 0),
(1614, 5, 0, 13065, 1.25, 'PED', 'CAR', '2016-10-19 05:29:40', 201, 0, '0000-00-00 00:00:00', 0),
(1615, 5, 0, 13065.8, 1.25, 'STRAIGHT', 'BICYCLE', '2016-10-19 05:29:40', 201, 0, '0000-00-00 00:00:00', 0),
(1616, 5, 0, 13068.8, 1.25, 'UTURN', 'CAR', '2016-10-19 05:29:40', 201, 0, '0000-00-00 00:00:00', 0),
(1617, 5, 0, 13072.5, 1.25, 'STRAIGHT', 'CAR', '2016-10-19 05:29:41', 201, 0, '0000-00-00 00:00:00', 0),
(1618, 5, 0, 13075.5, 1.25, 'STRAIGHT', 'CAR', '2016-10-19 05:29:41', 201, 0, '0000-00-00 00:00:00', 0),
(1619, 5, 0, 13076.3, 1.25, 'STRAIGHT', 'CAR', '2016-10-19 05:29:41', 201, 0, '0000-00-00 00:00:00', 0),
(1620, 5, 0, 13077.8, 1.25, 'STRAIGHT', 'CAR', '2016-10-19 05:29:41', 201, 0, '0000-00-00 00:00:00', 0),
(1621, 5, 0, 13079.3, 1.25, 'STRAIGHT', 'CAR', '2016-10-19 05:29:41', 201, 0, '0000-00-00 00:00:00', 0),
(1622, 5, 0, 13080.8, 1.25, 'STRAIGHT', 'BICYCLE', '2016-10-19 05:29:41', 201, 0, '0000-00-00 00:00:00', 0),
(1623, 5, 0, 13083, 1.25, 'STRAIGHT', 'CAR', '2016-10-19 05:29:42', 201, 0, '0000-00-00 00:00:00', 0),
(1624, 5, 0, 13187.3, 1.25, 'STRAIGHT', 'CAR', '2016-10-19 05:29:53', 201, 0, '0000-00-00 00:00:00', 0),
(1625, 5, 0, 13190.3, 1.25, 'STRAIGHT', 'CAR', '2016-10-19 05:29:53', 201, 0, '0000-00-00 00:00:00', 0),
(1626, 5, 0, 13194.8, 1.25, 'STRAIGHT', 'CAR', '2016-10-19 05:29:54', 201, 0, '0000-00-00 00:00:00', 0),
(1627, 5, 0, 13195.5, 1.25, 'STRAIGHT', 'CAR', '2016-10-19 05:29:54', 201, 0, '0000-00-00 00:00:00', 0),
(1628, 5, 0, 13185.8, 1.25, 'STRAIGHT', 'CAR', '2016-10-19 05:29:54', 201, 0, '0000-00-00 00:00:00', 0),
(1629, 5, 0, 13200.8, 1.25, 'LTURN', 'CAR', '2016-10-19 05:29:54', 201, 0, '0000-00-00 00:00:00', 0),
(1630, 5, 0, 13186.5, 1.25, 'PED', 'CAR', '2016-10-19 05:29:54', 201, 0, '0000-00-00 00:00:00', 0),
(1631, 5, 0, 13203.8, 1.25, 'UTURN', 'CAR', '2016-10-19 05:29:54', 201, 0, '0000-00-00 00:00:00', 0),
(1632, 5, 0, 13208.3, 1.25, 'PED', 'CAR', '2016-10-19 05:29:55', 201, 0, '0000-00-00 00:00:00', 0),
(1633, 5, 0, 13209.8, 1.25, 'RTURN', 'CAR', '2016-10-19 05:29:55', 201, 0, '0000-00-00 00:00:00', 0),
(1634, 5, 0, 13223.3, 1.25, 'STRAIGHT', 'CAR', '2016-10-19 05:29:57', 201, 0, '0000-00-00 00:00:00', 0),
(1635, 5, 0, 13226.3, 1.25, 'STRAIGHT', 'BICYCLE', '2016-10-19 05:29:57', 201, 0, '0000-00-00 00:00:00', 0),
(1636, 5, 0, 13229.3, 1.25, 'STRAIGHT', 'CAR', '2016-10-19 05:29:57', 201, 0, '0000-00-00 00:00:00', 0),
(1637, 5, 0, 13231.5, 1.25, 'LTURN', 'CAR', '2016-10-19 05:29:57', 201, 0, '0000-00-00 00:00:00', 0),
(1638, 5, 0, 13233, 1.25, 'LTURN', 'CAR', '2016-10-19 05:29:58', 201, 0, '0000-00-00 00:00:00', 0),
(1639, 5, 0, 13233.8, 1.25, 'LTURN', 'CAR', '2016-10-19 05:29:58', 201, 0, '0000-00-00 00:00:00', 0),
(1640, 5, 0, 13234.5, 1.25, 'PED', 'CAR', '2016-10-19 05:29:58', 201, 0, '0000-00-00 00:00:00', 0),
(1641, 5, 0, 13236, 1.25, 'PED', 'CAR', '2016-10-19 05:29:58', 201, 0, '0000-00-00 00:00:00', 0),
(1642, 5, 0, 13236.8, 1.25, 'STRAIGHT', 'CAR', '2016-10-19 05:29:58', 201, 0, '0000-00-00 00:00:00', 0),
(1643, 5, 0, 13239, 1.25, 'STRAIGHT', 'BICYCLE', '2016-10-19 05:29:58', 201, 0, '0000-00-00 00:00:00', 0),
(1644, 5, 0, 13395.8, 1.25, 'STRAIGHT', 'CAR', '2016-10-19 05:30:15', 201, 0, '0000-00-00 00:00:00', 0),
(1645, 5, 0, 13398, 1.25, 'STRAIGHT', 'CAR', '2016-10-19 05:30:15', 201, 0, '0000-00-00 00:00:00', 0),
(1646, 5, 0, 13398.8, 1.25, 'RTURN', 'CAR', '2016-10-19 05:30:16', 201, 0, '0000-00-00 00:00:00', 0),
(1647, 5, 0, 13402.5, 1.25, 'PED', 'CAR', '2016-10-19 05:30:16', 201, 0, '0000-00-00 00:00:00', 0),
(1648, 5, 0, 13399.5, 1.25, 'STRAIGHT', 'CAR', '2016-10-19 05:30:16', 201, 0, '0000-00-00 00:00:00', 0),
(1649, 5, 0, 13403.3, 1.25, 'LTURN', 'CAR', '2016-10-19 05:30:16', 201, 0, '0000-00-00 00:00:00', 0),
(1650, 5, 0, 13404, 1.25, 'PED', 'CAR', '2016-10-19 05:30:16', 201, 0, '0000-00-00 00:00:00', 0),
(1651, 5, 0, 13405.5, 1.25, 'PED', 'CAR', '2016-10-19 05:30:16', 201, 0, '0000-00-00 00:00:00', 0),
(1652, 5, 0, 13406.3, 1.25, 'LTURN', 'CAR', '2016-10-19 05:30:16', 201, 0, '0000-00-00 00:00:00', 0),
(1653, 5, 0, 13413, 1.25, 'UTURN', 'CAR', '2016-10-19 05:30:17', 201, 0, '0000-00-00 00:00:00', 0),
(1654, 5, 0, 13413.8, 1.25, 'UTURN', 'CAR', '2016-10-19 05:30:17', 201, 0, '0000-00-00 00:00:00', 0),
(1655, 5, 0, 13416, 1.25, 'LTURN', 'CAR', '2016-10-19 05:30:17', 201, 0, '0000-00-00 00:00:00', 0),
(1656, 5, 0, 13417.5, 1.25, 'STRAIGHT', 'BICYCLE', '2016-10-19 05:30:17', 201, 0, '0000-00-00 00:00:00', 0),
(1657, 5, 0, 13420.5, 1.25, 'RTURN', 'CAR', '2016-10-19 05:30:18', 201, 0, '0000-00-00 00:00:00', 0),
(1658, 5, 0, 13422, 1.25, 'PED', 'CAR', '2016-10-19 05:30:18', 201, 0, '0000-00-00 00:00:00', 0),
(1659, 5, 0, 13425, 1.25, 'STRAIGHT', 'CAR', '2016-10-19 05:30:18', 201, 0, '0000-00-00 00:00:00', 0),
(1660, 5, 0, 13425.8, 1.25, 'STRAIGHT', 'CAR', '2016-10-19 05:30:18', 201, 0, '0000-00-00 00:00:00', 0),
(1661, 5, 0, 13440.8, 1.25, 'STRAIGHT', 'CAR', '2016-10-19 05:30:20', 201, 0, '0000-00-00 00:00:00', 0),
(1662, 5, 0, 13442.3, 1.25, 'RTURN', 'CAR', '2016-10-19 05:30:20', 201, 0, '0000-00-00 00:00:00', 0),
(1663, 5, 0, 13443.8, 1.25, 'STRAIGHT', 'CAR', '2016-10-19 05:30:20', 201, 0, '0000-00-00 00:00:00', 0),
(1664, 5, 0, 13445.3, 1.25, 'STRAIGHT', 'CAR', '2016-10-19 05:30:20', 201, 0, '0000-00-00 00:00:00', 0),
(1665, 5, 0, 13446.8, 1.25, 'PED', 'CAR', '2016-10-19 05:30:20', 201, 0, '0000-00-00 00:00:00', 0),
(1666, 5, 0, 13446.8, 1.25, 'STRAIGHT', 'CAR', '2016-10-19 05:30:20', 201, 0, '0000-00-00 00:00:00', 0),
(1667, 5, 0, 13449, 1.25, 'STRAIGHT', 'CAR', '2016-10-19 05:30:21', 201, 0, '0000-00-00 00:00:00', 0),
(1668, 5, 0, 13449, 1.25, 'PED', 'CAR', '2016-10-19 05:30:21', 201, 0, '0000-00-00 00:00:00', 0),
(1669, 5, 0, 13450.5, 1.25, 'PED', 'CAR', '2016-10-19 05:30:21', 201, 0, '0000-00-00 00:00:00', 0),
(1670, 5, 0, 13451.3, 1.25, 'STRAIGHT', 'CAR', '2016-10-19 05:30:21', 201, 0, '0000-00-00 00:00:00', 0),
(1671, 5, 0, 13453.5, 1.25, 'RTURN', 'CAR', '2016-10-19 05:30:21', 201, 0, '0000-00-00 00:00:00', 0),
(1672, 5, 0, 13457.3, 1.25, 'STRAIGHT', 'CAR', '2016-10-19 05:30:22', 201, 0, '0000-00-00 00:00:00', 0),
(1673, 5, 0, 13460.3, 1.25, 'STRAIGHT', 'CAR', '2016-10-19 05:30:22', 201, 0, '0000-00-00 00:00:00', 0),
(1674, 5, 0, 13476, 1.25, 'STRAIGHT', 'CAR', '2016-10-19 05:30:24', 201, 0, '0000-00-00 00:00:00', 0),
(1675, 5, 0, 13477.5, 1.25, 'STRAIGHT', 'CAR', '2016-10-19 05:30:24', 201, 0, '0000-00-00 00:00:00', 0),
(1676, 5, 0, 13478.3, 1.25, 'PED', 'CAR', '2016-10-19 05:30:24', 201, 0, '0000-00-00 00:00:00', 0),
(1677, 5, 0, 13479, 1.25, 'LTURN', 'CAR', '2016-10-19 05:30:24', 201, 0, '0000-00-00 00:00:00', 0),
(1678, 5, 0, 13480.5, 1.25, 'LTURN', 'CAR', '2016-10-19 05:30:24', 201, 0, '0000-00-00 00:00:00', 0),
(1679, 5, 0, 13481.3, 1.25, 'UTURN', 'BICYCLE', '2016-10-19 05:30:24', 201, 0, '0000-00-00 00:00:00', 0),
(1680, 5, 0, 13483.5, 1.25, 'RTURN', 'CAR', '2016-10-19 05:30:24', 201, 0, '0000-00-00 00:00:00', 0),
(1681, 5, 0, 13484.3, 1.25, 'STRAIGHT', 'CAR', '2016-10-19 05:30:24', 201, 0, '0000-00-00 00:00:00', 0),
(1682, 5, 0, 13486.5, 1.25, 'STRAIGHT', 'BICYCLE', '2016-10-19 05:30:25', 201, 0, '0000-00-00 00:00:00', 0),
(1683, 5, 0, 13488, 1.25, 'STRAIGHT', 'CAR', '2016-10-19 05:30:25', 201, 0, '0000-00-00 00:00:00', 0),
(1684, 5, 0, 13488, 1.25, 'PED', 'CAR', '2016-10-19 05:30:25', 201, 0, '0000-00-00 00:00:00', 0),
(1685, 5, 0, 13490.3, 1.25, 'STRAIGHT', 'CAR', '2016-10-19 05:30:25', 201, 0, '0000-00-00 00:00:00', 0),
(1686, 5, 0, 13491, 1.25, 'PED', 'CAR', '2016-10-19 05:30:25', 201, 0, '0000-00-00 00:00:00', 0),
(1687, 5, 0, 13500, 1.25, 'RTURN', 'CAR', '2016-10-19 05:30:26', 201, 0, '0000-00-00 00:00:00', 0),
(1688, 5, 0, 13501.5, 1.25, 'RTURN', 'CAR', '2016-10-19 05:30:26', 201, 0, '0000-00-00 00:00:00', 0),
(1689, 5, 0, 13501.5, 1.25, 'RTURN', 'CAR', '2016-10-19 05:30:26', 201, 0, '0000-00-00 00:00:00', 0),
(1690, 5, 0, 13503.8, 1.25, 'STRAIGHT', 'CAR', '2016-10-19 05:30:27', 201, 0, '0000-00-00 00:00:00', 0),
(1691, 5, 0, 13505.3, 1.25, 'STRAIGHT', 'CAR', '2016-10-19 05:30:27', 201, 0, '0000-00-00 00:00:00', 0),
(1692, 5, 0, 13506.1, 1.25, 'STRAIGHT', 'CAR', '2016-10-19 05:30:27', 201, 0, '0000-00-00 00:00:00', 0),
(1693, 5, 0, 13507.5, 1.25, 'LTURN', 'CAR', '2016-10-19 05:30:27', 201, 0, '0000-00-00 00:00:00', 0),
(1694, 5, 0, 13510.5, 1.25, 'UTURN', 'CAR', '2016-10-19 05:30:27', 201, 0, '0000-00-00 00:00:00', 0),
(1695, 5, 0, 13511.3, 1.25, 'UTURN', 'CAR', '2016-10-19 05:30:27', 201, 0, '0000-00-00 00:00:00', 0),
(1696, 5, 0, 13512.8, 1.25, 'PED', 'CAR', '2016-10-19 05:30:28', 201, 0, '0000-00-00 00:00:00', 0),
(1697, 5, 0, 13516.5, 1.25, 'STRAIGHT', 'BICYCLE', '2016-10-19 05:30:28', 201, 0, '0000-00-00 00:00:00', 0),
(1698, 5, 0, 13519.5, 1.25, 'RTURN', 'CAR', '2016-10-19 05:30:28', 201, 0, '0000-00-00 00:00:00', 0),
(1699, 5, 0, 13521, 1.25, 'STRAIGHT', 'CAR', '2016-10-19 05:30:28', 201, 0, '0000-00-00 00:00:00', 0),
(1700, 5, 0, 13522.5, 1.25, 'STRAIGHT', 'CAR', '2016-10-19 05:30:29', 201, 0, '0000-00-00 00:00:00', 0),
(1701, 5, 0, 13760.3, 1.25, 'STRAIGHT', 'CAR', '2016-10-19 05:32:17', 201, 0, '0000-00-00 00:00:00', 0),
(1702, 5, 0, 13761.8, 1.25, 'LTURN', 'CAR', '2016-10-19 05:32:17', 201, 0, '0000-00-00 00:00:00', 0),
(1703, 5, 0, 13767, 1.25, 'STRAIGHT', 'CAR', '2016-10-19 05:32:17', 201, 0, '0000-00-00 00:00:00', 0),
(1704, 5, 0, 13765.5, 1.25, 'STRAIGHT', 'CAR', '2016-10-19 05:32:17', 201, 0, '0000-00-00 00:00:00', 0),
(1705, 5, 0, 13768.5, 1.25, 'RTURN', 'CAR', '2016-10-19 05:32:17', 201, 0, '0000-00-00 00:00:00', 0),
(1706, 5, 0, 13772.3, 1.25, 'LTURN', 'CAR', '2016-10-19 05:32:18', 201, 0, '0000-00-00 00:00:00', 0),
(1707, 5, 0, 13773.8, 1.25, 'UTURN', 'CAR', '2016-10-19 05:32:18', 201, 0, '0000-00-00 00:00:00', 0),
(1708, 5, 0, 13776, 1.25, 'STRAIGHT', 'CAR', '2016-10-19 05:32:18', 201, 0, '0000-00-00 00:00:00', 0),
(1709, 5, 0, 13779, 1.25, 'RTURN', 'CAR', '2016-10-19 05:32:18', 201, 0, '0000-00-00 00:00:00', 0),
(1710, 5, 0, 13780.5, 1.25, 'PED', 'CAR', '2016-10-19 05:32:18', 201, 0, '0000-00-00 00:00:00', 0),
(1711, 5, 0, 13782.8, 1.25, 'LTURN', 'CAR', '2016-10-19 05:32:19', 201, 0, '0000-00-00 00:00:00', 0),
(1712, 5, 0, 13787.3, 1.25, 'RTURN', 'CAR', '2016-10-19 05:32:19', 201, 0, '0000-00-00 00:00:00', 0),
(1713, 5, 0, 13788.8, 1.25, 'STRAIGHT', 'CAR', '2016-10-19 05:32:19', 201, 0, '0000-00-00 00:00:00', 0),
(1714, 5, 0, 13790.3, 1.25, 'STRAIGHT', 'CAR', '2016-10-19 05:32:19', 201, 0, '0000-00-00 00:00:00', 0),
(1715, 5, 0, 13791.8, 1.25, 'LTURN', 'CAR', '2016-10-19 05:32:20', 201, 0, '0000-00-00 00:00:00', 0),
(1716, 5, 0, 13794.8, 1.25, 'UTURN', 'CAR', '2016-10-19 05:32:20', 201, 0, '0000-00-00 00:00:00', 0),
(1717, 5, 0, 13796.3, 1.25, 'PED', 'CAR', '2016-10-19 05:32:20', 201, 0, '0000-00-00 00:00:00', 0),
(1718, 5, 0, 13800.8, 1.25, 'RTURN', 'CAR', '2016-10-19 05:32:21', 201, 0, '0000-00-00 00:00:00', 0),
(1719, 5, 0, 13802.3, 1.25, 'STRAIGHT', 'CAR', '2016-10-19 05:32:21', 201, 0, '0000-00-00 00:00:00', 0),
(1720, 5, 0, 13804.5, 1.25, 'LTURN', 'CAR', '2016-10-19 05:32:21', 201, 0, '0000-00-00 00:00:00', 0),
(1721, 5, 0, 13806, 1.25, 'LTURN', 'CAR', '2016-10-19 05:32:21', 201, 0, '0000-00-00 00:00:00', 0),
(1722, 5, 0, 13806.8, 1.25, 'UTURN', 'CAR', '2016-10-19 05:32:21', 201, 0, '0000-00-00 00:00:00', 0),
(1723, 5, 0, 13809, 1.25, 'PED', 'CAR', '2016-10-19 05:32:21', 201, 0, '0000-00-00 00:00:00', 0),
(1724, 5, 0, 13810.5, 1.25, 'STRAIGHT', 'CAR', '2016-10-19 05:32:22', 201, 0, '0000-00-00 00:00:00', 0),
(1725, 5, 0, 13812, 1.25, 'STRAIGHT', 'CAR', '2016-10-19 05:32:22', 201, 0, '0000-00-00 00:00:00', 0),
(1726, 5, 0, 13814.3, 1.25, 'RTURN', 'CAR', '2016-10-19 05:32:22', 201, 0, '0000-00-00 00:00:00', 0),
(1727, 5, 0, 13817.3, 1.25, 'LTURN', 'CAR', '2016-10-19 05:32:22', 201, 0, '0000-00-00 00:00:00', 0),
(1728, 5, 0, 13820.3, 1.25, 'PED', 'CAR', '2016-10-19 05:32:23', 201, 0, '0000-00-00 00:00:00', 0),
(1729, 5, 0, 13824, 1.25, 'RTURN', 'CAR', '2016-10-19 05:32:23', 201, 0, '0000-00-00 00:00:00', 0),
(1730, 5, 0, 13824.8, 1.25, 'RTURN', 'CAR', '2016-10-19 05:32:23', 201, 0, '0000-00-00 00:00:00', 0),
(1731, 5, 0, 13891.5, 1, 'LTURN', 'CAR', '2016-10-19 05:32:32', 201, 0, '0000-00-00 00:00:00', 0),
(1732, 5, 0, 13893.8, 1, 'STRAIGHT', 'CAR', '2016-10-19 05:32:32', 201, 0, '0000-00-00 00:00:00', 0),
(1733, 5, 0, 13897.5, 1, 'RTURN', 'CAR', '2016-10-19 05:32:32', 201, 0, '0000-00-00 00:00:00', 0),
(1734, 5, 0, 13898.3, 1, 'RTURN', 'CAR', '2016-10-19 05:32:33', 201, 0, '0000-00-00 00:00:00', 0),
(1735, 5, 0, 13900.5, 1, 'STRAIGHT', 'CAR', '2016-10-19 05:32:33', 201, 0, '0000-00-00 00:00:00', 0),
(1736, 5, 0, 13903.5, 1, 'LTURN', 'CAR', '2016-10-19 05:32:33', 201, 0, '0000-00-00 00:00:00', 0),
(1737, 5, 0, 13905.8, 1, 'UTURN', 'CAR', '2016-10-19 05:32:34', 201, 0, '0000-00-00 00:00:00', 0),
(1738, 5, 0, 13909.5, 1, 'PED', 'CAR', '2016-10-19 05:32:34', 201, 0, '0000-00-00 00:00:00', 0),
(1739, 5, 0, 13911.8, 1, 'STRAIGHT', 'CAR', '2016-10-19 05:32:34', 201, 0, '0000-00-00 00:00:00', 0),
(1740, 5, 0, 13914, 1, 'RTURN', 'CAR', '2016-10-19 05:32:35', 201, 0, '0000-00-00 00:00:00', 0),
(1741, 5, 0, 13916.3, 1, 'LTURN', 'CAR', '2016-10-19 05:32:35', 201, 0, '0000-00-00 00:00:00', 0),
(1742, 5, 0, 13918.5, 1, 'UTURN', 'CAR', '2016-10-19 05:32:35', 201, 0, '0000-00-00 00:00:00', 0),
(1743, 5, 0, 13920.8, 1, 'STRAIGHT', 'CAR', '2016-10-19 05:32:36', 201, 0, '0000-00-00 00:00:00', 0),
(1744, 5, 0, 13922.3, 1, 'RTURN', 'CAR', '2016-10-19 05:32:36', 201, 0, '0000-00-00 00:00:00', 0),
(1745, 5, 0, 13923.8, 1, 'PED', 'CAR', '2016-10-19 05:32:36', 201, 0, '0000-00-00 00:00:00', 0),
(1746, 5, 0, 13931.3, 1, 'UTURN', 'CAR', '2016-10-19 05:32:37', 201, 0, '0000-00-00 00:00:00', 0),
(1747, 5, 0, 13932.8, 1, 'UTURN', 'CAR', '2016-10-19 05:32:37', 201, 0, '0000-00-00 00:00:00', 0),
(1748, 5, 0, 13934.3, 1, 'LTURN', 'CAR', '2016-10-19 05:32:37', 201, 0, '0000-00-00 00:00:00', 0),
(1749, 5, 0, 13935.8, 1, 'STRAIGHT', 'CAR', '2016-10-19 05:32:38', 201, 0, '0000-00-00 00:00:00', 0),
(1750, 5, 0, 13937.3, 1, 'STRAIGHT', 'CAR', '2016-10-19 05:32:38', 201, 0, '0000-00-00 00:00:00', 0),
(1751, 5, 0, 13938.8, 1, 'RTURN', 'CAR', '2016-10-19 05:32:38', 201, 0, '0000-00-00 00:00:00', 0),
(1752, 5, 0, 13944, 1, 'LTURN', 'CAR', '2016-10-19 05:32:39', 201, 0, '0000-00-00 00:00:00', 0),
(1753, 5, 0, 13946.3, 1, 'LTURN', 'BICYCLE', '2016-10-19 05:32:39', 201, 0, '0000-00-00 00:00:00', 0),
(1754, 5, 0, 13947.8, 1, 'STRAIGHT', 'CAR', '2016-10-19 05:32:39', 201, 0, '0000-00-00 00:00:00', 0),
(1755, 5, 0, 13949.3, 1, 'RTURN', 'CAR', '2016-10-19 05:32:39', 201, 0, '0000-00-00 00:00:00', 0),
(1756, 5, 0, 13953.8, 1, 'PED', 'CAR', '2016-10-19 05:32:40', 201, 0, '0000-00-00 00:00:00', 0),
(1757, 5, 0, 13956, 1, 'PED', 'CAR', '2016-10-19 05:32:40', 201, 0, '0000-00-00 00:00:00', 0),
(1758, 5, 0, 13959, 1, 'STRAIGHT', 'CAR', '2016-10-19 05:32:41', 201, 0, '0000-00-00 00:00:00', 0),
(1759, 5, 0, 13959, 1, 'STRAIGHT', 'CAR', '2016-10-19 05:32:41', 201, 0, '0000-00-00 00:00:00', 0),
(1760, 5, 0, 13965.8, 1, 'UTURN', 'CAR', '2016-10-19 05:32:42', 201, 0, '0000-00-00 00:00:00', 0),
(1761, 5, 0, 13977.8, 1, 'STRAIGHT', 'CAR', '2016-10-19 05:32:43', 201, 0, '0000-00-00 00:00:00', 0),
(1762, 5, 0, 13978.5, 1, 'PED', 'CAR', '2016-10-19 05:32:43', 201, 0, '0000-00-00 00:00:00', 0),
(1763, 5, 0, 13981.5, 1, 'STRAIGHT', 'CAR', '2016-10-19 05:32:44', 201, 0, '0000-00-00 00:00:00', 0),
(1764, 5, 0, 13982.3, 1, 'PED', 'CAR', '2016-10-19 05:32:44', 201, 0, '0000-00-00 00:00:00', 0),
(1765, 5, 0, 13984.5, 1, 'PED', 'CAR', '2016-10-19 05:32:44', 201, 0, '0000-00-00 00:00:00', 0),
(1766, 5, 0, 14083.5, 1, 'STRAIGHT', 'BICYCLE', '2016-10-19 05:32:58', 201, 0, '0000-00-00 00:00:00', 0),
(1767, 5, 0, 14085, 1, 'STRAIGHT', 'BICYCLE', '2016-10-19 05:32:58', 201, 0, '0000-00-00 00:00:00', 0),
(1768, 5, 0, 14086.5, 1, 'RTURN', 'CAR', '2016-10-19 05:32:58', 201, 0, '0000-00-00 00:00:00', 0),
(1769, 5, 0, 14088, 1, 'PED', 'CAR', '2016-10-19 05:32:58', 201, 0, '0000-00-00 00:00:00', 0),
(1770, 5, 0, 14086.5, 1, 'STRAIGHT', 'CAR', '2016-10-19 05:32:58', 201, 0, '0000-00-00 00:00:00', 0),
(1771, 5, 0, 14088.8, 1, 'LTURN', 'CAR', '2016-10-19 05:32:58', 201, 0, '0000-00-00 00:00:00', 0),
(1772, 5, 0, 14089.5, 1, 'PED', 'CAR', '2016-10-19 05:32:58', 201, 0, '0000-00-00 00:00:00', 0),
(1773, 5, 0, 14089.5, 1, 'LTURN', 'CAR', '2016-10-19 05:32:58', 201, 0, '0000-00-00 00:00:00', 0),
(1774, 5, 0, 14089.5, 1, 'LTURN', 'CAR', '2016-10-19 05:32:58', 201, 0, '0000-00-00 00:00:00', 0),
(1775, 5, 0, 14090.3, 1, 'PED', 'CAR', '2016-10-19 05:32:58', 201, 0, '0000-00-00 00:00:00', 0),
(1776, 5, 0, 14091, 1, 'LTURN', 'CAR', '2016-10-19 05:32:59', 201, 0, '0000-00-00 00:00:00', 0),
(1777, 5, 0, 14091, 1, 'UTURN', 'CAR', '2016-10-19 05:32:59', 201, 0, '0000-00-00 00:00:00', 0),
(1778, 5, 0, 14091.8, 1, 'PED', 'CAR', '2016-10-19 05:32:59', 201, 0, '0000-00-00 00:00:00', 0),
(1779, 5, 0, 14092.5, 1, 'LTURN', 'CAR', '2016-10-19 05:32:59', 201, 0, '0000-00-00 00:00:00', 0),
(1780, 5, 0, 14092.5, 1, 'UTURN', 'CAR', '2016-10-19 05:32:59', 201, 0, '0000-00-00 00:00:00', 0),
(1781, 5, 0, 14093.3, 1, 'PED', 'CAR', '2016-10-19 05:32:59', 201, 0, '0000-00-00 00:00:00', 0),
(1782, 5, 0, 14094.8, 1, 'STRAIGHT', 'CAR', '2016-10-19 05:32:59', 201, 0, '0000-00-00 00:00:00', 0),
(1783, 5, 0, 14095.5, 1, 'PED', 'CAR', '2016-10-19 05:32:59', 201, 0, '0000-00-00 00:00:00', 0),
(1784, 5, 0, 14096.3, 1, 'STRAIGHT', 'CAR', '2016-10-19 05:32:59', 201, 0, '0000-00-00 00:00:00', 0),
(1785, 5, 0, 14097, 1, 'PED', 'CAR', '2016-10-19 05:32:59', 201, 0, '0000-00-00 00:00:00', 0),
(1786, 5, 0, 14097.8, 1, 'STRAIGHT', 'CAR', '2016-10-19 05:32:59', 201, 0, '0000-00-00 00:00:00', 0),
(1787, 5, 0, 14098.5, 1, 'PED', 'CAR', '2016-10-19 05:32:59', 201, 0, '0000-00-00 00:00:00', 0),
(1788, 5, 0, 14100.8, 1, 'STRAIGHT', 'BICYCLE', '2016-10-19 05:33:00', 201, 0, '0000-00-00 00:00:00', 0),
(1789, 5, 0, 14102.3, 1, 'RTURN', 'CAR', '2016-10-19 05:33:00', 201, 0, '0000-00-00 00:00:00', 0),
(1790, 5, 0, 14103.8, 1, 'STRAIGHT', 'CAR', '2016-10-19 05:33:00', 201, 0, '0000-00-00 00:00:00', 0),
(1791, 5, 0, 14105.3, 1, 'UTURN', 'CAR', '2016-10-19 05:33:00', 201, 0, '0000-00-00 00:00:00', 0),
(1792, 5, 0, 14109, 1, 'STRAIGHT', 'CAR', '2016-10-19 05:33:01', 201, 0, '0000-00-00 00:00:00', 0),
(1793, 5, 0, 14109.8, 1, 'PED', 'CAR', '2016-10-19 05:33:01', 201, 0, '0000-00-00 00:00:00', 0),
(1794, 5, 0, 14110.5, 1, 'STRAIGHT', 'CAR', '2016-10-19 05:33:01', 201, 0, '0000-00-00 00:00:00', 0),
(1795, 5, 0, 14113.5, 1, 'STRAIGHT', 'CAR', '2016-10-19 05:33:01', 201, 0, '0000-00-00 00:00:00', 0),
(1796, 5, 0, 14114.3, 1, 'PED', 'CAR', '2016-10-19 05:33:01', 201, 0, '0000-00-00 00:00:00', 0),
(1797, 5, 0, 14117.3, 1, 'RTURN', 'CAR', '2016-10-19 05:33:02', 201, 0, '0000-00-00 00:00:00', 0),
(1798, 5, 0, 14118.8, 1, 'STRAIGHT', 'CAR', '2016-10-19 05:33:02', 201, 0, '0000-00-00 00:00:00', 0),
(1799, 5, 0, 14120.3, 1, 'STRAIGHT', 'CAR', '2016-10-19 05:33:02', 201, 0, '0000-00-00 00:00:00', 0),
(1800, 5, 0, 14121, 1, 'LTURN', 'CAR', '2016-10-19 05:33:02', 201, 0, '0000-00-00 00:00:00', 0),
(1801, 5, 0, 14121.8, 1, 'UTURN', 'CAR', '2016-10-19 05:33:02', 201, 0, '0000-00-00 00:00:00', 0),
(1802, 5, 0, 14121.8, 1, 'UTURN', 'CAR', '2016-10-19 05:33:02', 201, 0, '0000-00-00 00:00:00', 0),
(1803, 5, 0, 14122.5, 1, 'UTURN', 'CAR', '2016-10-19 05:33:03', 201, 0, '0000-00-00 00:00:00', 0),
(1804, 5, 0, 14122.5, 1, 'UTURN', 'CAR', '2016-10-19 05:33:03', 201, 0, '0000-00-00 00:00:00', 0),
(1805, 5, 0, 14124, 1, 'STRAIGHT', 'CAR', '2016-10-19 05:33:03', 201, 0, '0000-00-00 00:00:00', 0),
(1806, 5, 0, 14119.5, 1, 'PED', 'CAR', '2016-10-19 05:33:03', 201, 0, '0000-00-00 00:00:00', 0),
(1807, 5, 0, 14124.8, 1, 'PED', 'CAR', '2016-10-19 05:33:03', 201, 0, '0000-00-00 00:00:00', 0),
(1808, 5, 0, 14127.8, 1, 'STRAIGHT', 'CAR', '2016-10-19 05:33:03', 201, 0, '0000-00-00 00:00:00', 0),
(1809, 5, 0, 14128.5, 1, 'STRAIGHT', 'CAR', '2016-10-19 05:33:03', 201, 0, '0000-00-00 00:00:00', 0),
(1810, 5, 0, 14130, 1, 'RTURN', 'CAR', '2016-10-19 05:33:03', 201, 0, '0000-00-00 00:00:00', 0),
(1811, 5, 0, 14132.3, 1, 'STRAIGHT', 'CAR', '2016-10-19 05:33:04', 201, 0, '0000-00-00 00:00:00', 0),
(1812, 5, 0, 14132.3, 1, 'STRAIGHT', 'CAR', '2016-10-19 05:33:04', 201, 0, '0000-00-00 00:00:00', 0),
(1813, 5, 0, 14133.8, 1, 'STRAIGHT', 'CAR', '2016-10-19 05:33:04', 201, 0, '0000-00-00 00:00:00', 0),
(1814, 5, 0, 14135.3, 1, 'UTURN', 'BICYCLE', '2016-10-19 05:33:04', 201, 0, '0000-00-00 00:00:00', 0),
(1815, 5, 0, 14136.8, 1, 'STRAIGHT', 'CAR', '2016-10-19 05:33:04', 201, 0, '0000-00-00 00:00:00', 0),
(1816, 5, 0, 14208, 1, 'STRAIGHT', 'CAR', '2016-10-19 05:33:14', 201, 0, '0000-00-00 00:00:00', 0),
(1817, 5, 0, 14208.8, 1, 'PED', 'CAR', '2016-10-19 05:33:14', 201, 0, '0000-00-00 00:00:00', 0),
(1818, 5, 0, 14208.8, 1, 'LTURN', 'CAR', '2016-10-19 05:33:14', 201, 0, '0000-00-00 00:00:00', 0),
(1819, 5, 0, 14210.3, 1, 'LTURN', 'CAR', '2016-10-19 05:33:15', 201, 0, '0000-00-00 00:00:00', 0),
(1820, 5, 0, 14211.8, 1, 'LTURN', 'CAR', '2016-10-19 05:33:15', 201, 0, '0000-00-00 00:00:00', 0),
(1821, 5, 0, 14211, 1, 'PED', 'CAR', '2016-10-19 05:33:15', 201, 0, '0000-00-00 00:00:00', 0),
(1822, 5, 0, 14211.8, 1, 'UTURN', 'CAR', '2016-10-19 05:33:15', 201, 0, '0000-00-00 00:00:00', 0),
(1823, 5, 0, 14214.8, 1, 'PED', 'CAR', '2016-10-19 05:33:15', 201, 0, '0000-00-00 00:00:00', 0),
(1824, 5, 0, 14216.3, 1, 'PED', 'CAR', '2016-10-19 05:33:15', 201, 0, '0000-00-00 00:00:00', 0),
(1825, 5, 0, 14216.3, 1, 'STRAIGHT', 'CAR', '2016-10-19 05:33:15', 201, 0, '0000-00-00 00:00:00', 0),
(1826, 5, 0, 14223.7, 1, 'RTURN', 'CAR', '2016-10-19 05:33:16', 201, 0, '0000-00-00 00:00:00', 0),
(1827, 5, 0, 14227.5, 1, 'PED', 'CAR', '2016-10-19 05:33:17', 201, 0, '0000-00-00 00:00:00', 0),
(1828, 5, 0, 14228.3, 1, 'STRAIGHT', 'CAR', '2016-10-19 05:33:17', 201, 0, '0000-00-00 00:00:00', 0),
(1829, 5, 0, 14229.8, 1, 'STRAIGHT', 'CAR', '2016-10-19 05:33:17', 201, 0, '0000-00-00 00:00:00', 0),
(1830, 5, 0, 14232, 1, 'RTURN', 'CAR', '2016-10-19 05:33:17', 201, 0, '0000-00-00 00:00:00', 0),
(1831, 5, 0, 14233.5, 1, 'RTURN', 'CAR', '2016-10-19 05:33:17', 201, 0, '0000-00-00 00:00:00', 0),
(1832, 5, 0, 14233.5, 1, 'RTURN', 'CAR', '2016-10-19 05:33:17', 201, 0, '0000-00-00 00:00:00', 0),
(1833, 5, 0, 14358.8, 1, 'STRAIGHT', 'CAR', '2016-10-19 05:33:34', 201, 0, '0000-00-00 00:00:00', 0),
(1834, 5, 0, 14359.5, 1, 'RTURN', 'CAR', '2016-10-19 05:33:34', 201, 0, '0000-00-00 00:00:00', 0),
(1835, 5, 0, 14360.3, 1, 'STRAIGHT', 'CAR', '2016-10-19 05:33:34', 201, 0, '0000-00-00 00:00:00', 0),
(1836, 5, 0, 14361, 1, 'RTURN', 'CAR', '2016-10-19 05:33:35', 201, 0, '0000-00-00 00:00:00', 0),
(1837, 5, 0, 14361.8, 1, 'STRAIGHT', 'CAR', '2016-10-19 05:33:35', 201, 0, '0000-00-00 00:00:00', 0),
(1838, 5, 0, 14362.5, 1, 'RTURN', 'CAR', '2016-10-19 05:33:35', 201, 0, '0000-00-00 00:00:00', 0),
(1839, 5, 0, 14363.3, 1, 'LTURN', 'CAR', '2016-10-19 05:33:35', 201, 0, '0000-00-00 00:00:00', 0),
(1840, 5, 0, 14365.5, 1, 'PED', 'CAR', '2016-10-19 05:33:35', 201, 0, '0000-00-00 00:00:00', 0),
(1841, 5, 0, 14367, 1, 'PED', 'CAR', '2016-10-19 05:33:35', 201, 0, '0000-00-00 00:00:00', 0),
(1842, 5, 0, 14367.8, 1, 'RTURN', 'CAR', '2016-10-19 05:33:35', 201, 0, '0000-00-00 00:00:00', 0),
(1843, 5, 0, 14368.5, 1, 'RTURN', 'CAR', '2016-10-19 05:33:35', 201, 0, '0000-00-00 00:00:00', 0),
(1844, 5, 0, 14369.3, 1, 'STRAIGHT', 'CAR', '2016-10-19 05:33:35', 201, 0, '0000-00-00 00:00:00', 0),
(1845, 5, 0, 14370, 1, 'RTURN', 'CAR', '2016-10-19 05:33:35', 201, 0, '0000-00-00 00:00:00', 0),
(1846, 5, 0, 14372.3, 1, 'STRAIGHT', 'CAR', '2016-10-19 05:33:36', 201, 0, '0000-00-00 00:00:00', 0),
(1847, 5, 0, 14373.8, 1, 'STRAIGHT', 'CAR', '2016-10-19 05:33:36', 201, 0, '0000-00-00 00:00:00', 0),
(1848, 5, 0, 14374.5, 1, 'RTURN', 'CAR', '2016-10-19 05:33:36', 201, 0, '0000-00-00 00:00:00', 0),
(1849, 5, 0, 14379, 1, 'RTURN', 'CAR', '2016-10-19 05:33:37', 201, 0, '0000-00-00 00:00:00', 0),
(1850, 5, 0, 14383.5, 1, 'STRAIGHT', 'CAR', '2016-10-19 05:33:37', 201, 0, '0000-00-00 00:00:00', 0),
(1851, 5, 0, 14389.5, 1, 'STRAIGHT', 'BICYCLE', '2016-10-19 05:33:38', 201, 0, '0000-00-00 00:00:00', 0),
(1852, 5, 0, 14391, 1, 'STRAIGHT', 'CAR', '2016-10-19 05:33:38', 201, 0, '0000-00-00 00:00:00', 0),
(1853, 5, 0, 14409.8, 1, 'STRAIGHT', 'CAR', '2016-10-19 05:33:41', 201, 0, '0000-00-00 00:00:00', 0),
(1854, 5, 0, 14410.5, 1, 'RTURN', 'CAR', '2016-10-19 05:33:41', 201, 0, '0000-00-00 00:00:00', 0),
(1855, 5, 0, 14411.3, 1, 'STRAIGHT', 'CAR', '2016-10-19 05:33:41', 201, 0, '0000-00-00 00:00:00', 0),
(1856, 5, 0, 14413.5, 1, 'PED', 'CAR', '2016-10-19 05:33:41', 201, 0, '0000-00-00 00:00:00', 0),
(1857, 5, 0, 14415, 1, 'PED', 'CAR', '2016-10-19 05:33:42', 201, 0, '0000-00-00 00:00:00', 0),
(1858, 5, 0, 14415.8, 1, 'STRAIGHT', 'CAR', '2016-10-19 05:33:42', 201, 0, '0000-00-00 00:00:00', 0),
(1859, 5, 0, 14418, 1, 'STRAIGHT', 'CAR', '2016-10-19 05:33:42', 201, 0, '0000-00-00 00:00:00', 0),
(1860, 5, 0, 14419.5, 1, 'STRAIGHT', 'CAR', '2016-10-19 05:33:42', 201, 0, '0000-00-00 00:00:00', 0),
(1861, 5, 0, 14420.3, 1, 'PED', 'CAR', '2016-10-19 05:33:42', 201, 0, '0000-00-00 00:00:00', 0),
(1862, 5, 0, 14421, 1, 'STRAIGHT', 'CAR', '2016-10-19 05:33:42', 201, 0, '0000-00-00 00:00:00', 0),
(1863, 5, 0, 14422.5, 1, 'STRAIGHT', 'CAR', '2016-10-19 05:33:43', 201, 0, '0000-00-00 00:00:00', 0),
(1864, 5, 0, 14421.8, 1, 'RTURN', 'CAR', '2016-10-19 05:33:43', 201, 0, '0000-00-00 00:00:00', 0),
(1865, 5, 0, 14658, 1, 'STRAIGHT', 'CAR', '2016-10-19 05:34:14', 201, 0, '0000-00-00 00:00:00', 0),
(1866, 5, 0, 14663.3, 1, 'STRAIGHT', 'CAR', '2016-10-19 05:34:15', 201, 0, '0000-00-00 00:00:00', 0),
(1867, 5, 0, 14662.5, 1, 'STRAIGHT', 'CAR', '2016-10-19 05:34:15', 201, 0, '0000-00-00 00:00:00', 0),
(1868, 5, 0, 14662.5, 1, 'RTURN', 'CAR', '2016-10-19 05:34:15', 201, 0, '0000-00-00 00:00:00', 0),
(1869, 5, 0, 14663.3, 1, 'STRAIGHT', 'CAR', '2016-10-19 05:34:15', 201, 0, '0000-00-00 00:00:00', 0),
(1870, 5, 0, 14664.8, 1, 'PED', 'CAR', '2016-10-19 05:34:15', 201, 0, '0000-00-00 00:00:00', 0),
(1871, 5, 0, 14664.8, 1, 'STRAIGHT', 'CAR', '2016-10-19 05:34:15', 201, 0, '0000-00-00 00:00:00', 0),
(1872, 5, 0, 14666.3, 1, 'PED', 'CAR', '2016-10-19 05:34:15', 201, 0, '0000-00-00 00:00:00', 0),
(1873, 5, 0, 14676, 1, 'STRAIGHT', 'CAR', '2016-10-19 05:34:35', 201, 0, '0000-00-00 00:00:00', 0),
(1874, 5, 0, 14676, 1, 'STRAIGHT', 'CAR', '2016-10-19 05:34:35', 201, 0, '0000-00-00 00:00:00', 0),
(1875, 5, 0, 14677.5, 1, 'STRAIGHT', 'CAR', '2016-10-19 05:34:35', 201, 0, '0000-00-00 00:00:00', 0),
(1876, 5, 0, 14677.5, 1, 'STRAIGHT', 'CAR', '2016-10-19 05:34:35', 201, 0, '0000-00-00 00:00:00', 0),
(1877, 5, 0, 14685, 1, 'STRAIGHT', 'CAR', '2016-10-19 05:34:36', 201, 0, '0000-00-00 00:00:00', 0),
(1878, 5, 0, 14685.7, 1, 'RTURN', 'CAR', '2016-10-19 05:34:36', 201, 0, '0000-00-00 00:00:00', 0),
(1879, 5, 0, 14686.5, 1, 'STRAIGHT', 'CAR', '2016-10-19 05:34:36', 201, 0, '0000-00-00 00:00:00', 0),
(1880, 5, 0, 14687.3, 1, 'RTURN', 'CAR', '2016-10-19 05:34:36', 201, 0, '0000-00-00 00:00:00', 0),
(1881, 5, 0, 14688, 1, 'STRAIGHT', 'CAR', '2016-10-19 05:34:36', 201, 0, '0000-00-00 00:00:00', 0),
(1882, 5, 0, 14689.5, 1, 'STRAIGHT', 'CAR', '2016-10-19 05:34:36', 201, 0, '0000-00-00 00:00:00', 0),
(1883, 5, 0, 14691, 1, 'PED', 'CAR', '2016-10-19 05:34:37', 201, 0, '0000-00-00 00:00:00', 0),
(1884, 5, 0, 14691.8, 1, 'LTURN', 'CAR', '2016-10-19 05:34:37', 201, 0, '0000-00-00 00:00:00', 0),
(1885, 5, 0, 14693.3, 1, 'PED', 'CAR', '2016-10-19 05:34:37', 201, 0, '0000-00-00 00:00:00', 0),
(1886, 5, 0, 14693.3, 1, 'LTURN', 'CAR', '2016-10-19 05:34:37', 201, 0, '0000-00-00 00:00:00', 0),
(1887, 5, 0, 14698.5, 1, 'RTURN', 'CAR', '2016-10-19 05:34:38', 201, 0, '0000-00-00 00:00:00', 0),
(1888, 5, 0, 14699.3, 1, 'RTURN', 'CAR', '2016-10-19 05:34:38', 201, 0, '0000-00-00 00:00:00', 0),
(1889, 5, 0, 14700, 1, 'STRAIGHT', 'CAR', '2016-10-19 05:34:38', 201, 0, '0000-00-00 00:00:00', 0),
(1890, 5, 0, 14700.8, 1, 'RTURN', 'CAR', '2016-10-19 05:34:38', 201, 0, '0000-00-00 00:00:00', 0),
(1891, 5, 0, 14701.5, 1, 'STRAIGHT', 'CAR', '2016-10-19 05:34:38', 201, 0, '0000-00-00 00:00:00', 0),
(1892, 5, 0, 14706.8, 1, 'PED', 'CAR', '2016-10-19 05:34:39', 201, 0, '0000-00-00 00:00:00', 0),
(1893, 5, 0, 14707.6, 1, 'LTURN', 'CAR', '2016-10-19 05:34:39', 201, 0, '0000-00-00 00:00:00', 0),
(1894, 5, 0, 14709, 1, 'PED', 'CAR', '2016-10-19 05:34:39', 201, 0, '0000-00-00 00:00:00', 0),
(1895, 5, 0, 14712.8, 1, 'STRAIGHT', 'CAR', '2016-10-19 05:34:39', 201, 0, '0000-00-00 00:00:00', 0),
(1896, 5, 0, 14714.3, 1, 'STRAIGHT', 'CAR', '2016-10-19 05:34:40', 201, 0, '0000-00-00 00:00:00', 0),
(1897, 5, 0, 14715, 1, 'STRAIGHT', 'CAR', '2016-10-19 05:34:40', 201, 0, '0000-00-00 00:00:00', 0),
(1898, 5, 0, 14717.3, 1, 'STRAIGHT', 'CAR', '2016-10-19 05:34:40', 201, 0, '0000-00-00 00:00:00', 0),
(1899, 5, 0, 14718.8, 1, 'STRAIGHT', 'CAR', '2016-10-19 05:34:40', 201, 0, '0000-00-00 00:00:00', 0),
(1900, 5, 0, 14719.5, 1, 'STRAIGHT', 'CAR', '2016-10-19 05:34:40', 201, 0, '0000-00-00 00:00:00', 0),
(1901, 5, 0, 14723.3, 1, 'STRAIGHT', 'CAR', '2016-10-19 05:34:41', 201, 0, '0000-00-00 00:00:00', 0),
(1902, 5, 0, 14724.8, 1, 'STRAIGHT', 'CAR', '2016-10-19 05:34:41', 201, 0, '0000-00-00 00:00:00', 0),
(1903, 5, 0, 14727, 1, 'STRAIGHT', 'CAR', '2016-10-19 05:34:41', 201, 0, '0000-00-00 00:00:00', 0),
(1904, 5, 0, 14731.5, 1, 'STRAIGHT', 'CAR', '2016-10-19 05:34:42', 201, 0, '0000-00-00 00:00:00', 0),
(1905, 5, 0, 14814, 1, 'STRAIGHT', 'CAR', '2016-10-19 05:34:53', 201, 0, '0000-00-00 00:00:00', 0),
(1906, 5, 0, 14815.5, 1, 'STRAIGHT', 'CAR', '2016-10-19 05:34:53', 201, 0, '0000-00-00 00:00:00', 0),
(1907, 5, 0, 14819.3, 1, 'PED', 'CAR', '2016-10-19 05:34:54', 201, 0, '0000-00-00 00:00:00', 0),
(1908, 5, 0, 14820, 1, 'STRAIGHT', 'CAR', '2016-10-19 05:34:54', 201, 0, '0000-00-00 00:00:00', 0),
(1909, 5, 0, 14818.5, 1, 'STRAIGHT', 'CAR', '2016-10-19 05:34:54', 201, 0, '0000-00-00 00:00:00', 0),
(1910, 5, 0, 14820.8, 1, 'PED', 'CAR', '2016-10-19 05:34:54', 201, 0, '0000-00-00 00:00:00', 0),
(1911, 5, 0, 14823.8, 1, 'PED', 'CAR', '2016-10-19 05:34:54', 201, 0, '0000-00-00 00:00:00', 0),
(1912, 5, 0, 14826, 1, 'STRAIGHT', 'CAR', '2016-10-19 05:34:55', 201, 0, '0000-00-00 00:00:00', 0),
(1913, 5, 0, 14831.3, 1, 'STRAIGHT', 'CAR', '2016-10-19 05:34:55', 201, 0, '0000-00-00 00:00:00', 0),
(1914, 5, 0, 14832.8, 1, 'STRAIGHT', 'CAR', '2016-10-19 05:34:55', 201, 0, '0000-00-00 00:00:00', 0),
(1915, 5, 0, 14832.8, 1, 'STRAIGHT', 'CAR', '2016-10-19 05:34:55', 201, 0, '0000-00-00 00:00:00', 0),
(1916, 5, 0, 14832.8, 1, 'PED', 'CAR', '2016-10-19 05:34:55', 201, 0, '0000-00-00 00:00:00', 0),
(1917, 5, 0, 14833.5, 1, 'UTURN', 'CAR', '2016-10-19 05:34:56', 201, 0, '0000-00-00 00:00:00', 0),
(1918, 5, 0, 14834.3, 1, 'LTURN', 'CAR', '2016-10-19 05:34:56', 201, 0, '0000-00-00 00:00:00', 0),
(1919, 5, 0, 14838, 1, 'RTURN', 'CAR', '2016-10-19 05:34:56', 201, 0, '0000-00-00 00:00:00', 0),
(1920, 5, 0, 14845.5, 1, 'STRAIGHT', 'CAR', '2016-10-19 05:34:57', 201, 0, '0000-00-00 00:00:00', 0),
(1921, 5, 0, 14847.8, 1, 'STRAIGHT', 'CAR', '2016-10-19 05:34:57', 201, 0, '0000-00-00 00:00:00', 0),
(1922, 5, 0, 14849.3, 1, 'STRAIGHT', 'CAR', '2016-10-19 05:34:58', 201, 0, '0000-00-00 00:00:00', 0),
(1923, 5, 0, 14850.8, 1, 'STRAIGHT', 'CAR', '2016-10-19 05:34:58', 201, 0, '0000-00-00 00:00:00', 0),
(1924, 5, 0, 14852.3, 1, 'STRAIGHT', 'CAR', '2016-10-19 05:34:58', 201, 0, '0000-00-00 00:00:00', 0),
(1925, 5, 0, 14853, 1, 'PED', 'CAR', '2016-10-19 05:34:58', 201, 0, '0000-00-00 00:00:00', 0),
(1926, 5, 0, 14854.5, 1, 'STRAIGHT', 'CAR', '2016-10-19 05:34:58', 201, 0, '0000-00-00 00:00:00', 0),
(1927, 5, 0, 14855.3, 1, 'PED', 'CAR', '2016-10-19 05:34:58', 201, 0, '0000-00-00 00:00:00', 0),
(1928, 5, 0, 14856, 1, 'STRAIGHT', 'CAR', '2016-10-19 05:34:58', 201, 0, '0000-00-00 00:00:00', 0),
(1929, 5, 0, 14931.1, 1, 'STRAIGHT', 'CAR', '2016-10-19 05:35:09', 201, 0, '0000-00-00 00:00:00', 0),
(1930, 5, 0, 14931.8, 1, 'PED', 'CAR', '2016-10-19 05:35:09', 201, 0, '0000-00-00 00:00:00', 0),
(1931, 5, 0, 14934, 1, 'PED', 'CAR', '2016-10-19 05:35:09', 201, 0, '0000-00-00 00:00:00', 0),
(1932, 5, 0, 14934.8, 1, 'STRAIGHT', 'CAR', '2016-10-19 05:35:09', 201, 0, '0000-00-00 00:00:00', 0),
(1933, 5, 0, 14939.3, 1, 'RTURN', 'CAR', '2016-10-19 05:35:10', 201, 0, '0000-00-00 00:00:00', 0),
(1934, 5, 0, 14940.8, 1, 'RTURN', 'CAR', '2016-10-19 05:35:10', 201, 0, '0000-00-00 00:00:00', 0),
(1935, 5, 0, 14942.3, 1, 'STRAIGHT', 'CAR', '2016-10-19 05:35:10', 201, 0, '0000-00-00 00:00:00', 0),
(1936, 5, 0, 14943.8, 1, 'STRAIGHT', 'CAR', '2016-10-19 05:35:10', 201, 0, '0000-00-00 00:00:00', 0),
(1937, 5, 0, 14945.3, 1, 'LTURN', 'CAR', '2016-10-19 05:35:10', 201, 0, '0000-00-00 00:00:00', 0),
(1938, 5, 0, 14948.2, 1, 'UTURN', 'CAR', '2016-10-19 05:35:11', 201, 0, '0000-00-00 00:00:00', 0),
(1939, 5, 0, 14949.8, 1, 'PED', 'CAR', '2016-10-19 05:35:11', 201, 0, '0000-00-00 00:00:00', 0),
(1940, 5, 0, 14952, 1, 'LTURN', 'CAR', '2016-10-19 05:35:11', 201, 0, '0000-00-00 00:00:00', 0),
(1941, 5, 0, 14952.8, 1, 'PED', 'CAR', '2016-10-19 05:35:11', 201, 0, '0000-00-00 00:00:00', 0),
(1942, 5, 0, 14954.3, 1, 'STRAIGHT', 'CAR', '2016-10-19 05:35:12', 201, 0, '0000-00-00 00:00:00', 0),
(1943, 5, 0, 14954.3, 1, 'PED', 'CAR', '2016-10-19 05:35:12', 201, 0, '0000-00-00 00:00:00', 0),
(1944, 5, 0, 14954.3, 1, 'STRAIGHT', 'CAR', '2016-10-19 05:35:12', 201, 0, '0000-00-00 00:00:00', 0),
(1945, 5, 0, 14955, 1, 'STRAIGHT', 'CAR', '2016-10-19 05:35:12', 201, 0, '0000-00-00 00:00:00', 0),
(1946, 5, 0, 14955.8, 1, 'STRAIGHT', 'CAR', '2016-10-19 05:35:12', 201, 0, '0000-00-00 00:00:00', 0),
(1947, 5, 0, 14957.3, 1, 'STRAIGHT', 'CAR', '2016-10-19 05:35:12', 201, 0, '0000-00-00 00:00:00', 0),
(1948, 5, 0, 15046.5, 1, 'STRAIGHT', 'CAR', '2016-10-19 05:35:24', 201, 0, '0000-00-00 00:00:00', 0),
(1949, 5, 0, 15046.5, 1, 'PED', 'CAR', '2016-10-19 05:35:24', 201, 0, '0000-00-00 00:00:00', 0),
(1950, 5, 0, 15048, 1, 'PED', 'CAR', '2016-10-19 05:35:24', 201, 0, '0000-00-00 00:00:00', 0),
(1951, 5, 0, 15048, 1, 'RTURN', 'CAR', '2016-10-19 05:35:24', 201, 0, '0000-00-00 00:00:00', 0),
(1952, 5, 0, 15049.5, 1, 'RTURN', 'BICYCLE', '2016-10-19 05:35:25', 201, 0, '0000-00-00 00:00:00', 0),
(1953, 5, 0, 15051, 1, 'PED', 'BICYCLE', '2016-10-19 05:35:25', 201, 0, '0000-00-00 00:00:00', 0),
(1954, 5, 0, 15051, 1, 'STRAIGHT', 'BICYCLE', '2016-10-19 05:35:25', 201, 0, '0000-00-00 00:00:00', 0),
(1955, 5, 0, 15056.3, 1, 'UTURN', 'CAR', '2016-10-19 05:35:25', 201, 0, '0000-00-00 00:00:00', 0),
(1956, 5, 0, 15057.8, 1, 'LTURN', 'CAR', '2016-10-19 05:35:25', 201, 0, '0000-00-00 00:00:00', 0),
(1957, 5, 0, 15057.8, 1, 'UTURN', 'CAR', '2016-10-19 05:35:25', 201, 0, '0000-00-00 00:00:00', 0),
(1958, 5, 0, 15062.3, 1, 'RTURN', 'CAR', '2016-10-19 05:35:26', 201, 0, '0000-00-00 00:00:00', 0),
(1959, 5, 0, 15063.8, 1, 'PED', 'CAR', '2016-10-19 05:35:26', 201, 0, '0000-00-00 00:00:00', 0),
(1960, 5, 0, 15067.5, 1, 'PED', 'CAR', '2016-10-19 05:35:27', 201, 0, '0000-00-00 00:00:00', 0),
(1961, 5, 0, 15070.5, 1, 'STRAIGHT', 'CAR', '2016-10-19 05:35:27', 201, 0, '0000-00-00 00:00:00', 0),
(1962, 5, 0, 15072, 1, 'STRAIGHT', 'CAR', '2016-10-19 05:35:27', 201, 0, '0000-00-00 00:00:00', 0),
(1963, 5, 0, 15075, 1, 'UTURN', 'CAR', '2016-10-19 05:35:28', 201, 0, '0000-00-00 00:00:00', 0),
(1964, 5, 0, 15075, 1, 'UTURN', 'CAR', '2016-10-19 05:35:28', 201, 0, '0000-00-00 00:00:00', 0),
(1965, 5, 0, 15076.5, 1, 'LTURN', 'CAR', '2016-10-19 05:35:28', 201, 0, '0000-00-00 00:00:00', 0),
(1966, 5, 0, 15076.5, 1, 'UTURN', 'CAR', '2016-10-19 05:35:28', 201, 0, '0000-00-00 00:00:00', 0),
(1967, 5, 0, 15080.3, 1, 'STRAIGHT', 'CAR', '2016-10-19 05:35:28', 201, 0, '0000-00-00 00:00:00', 0),
(1968, 5, 0, 15081, 1, 'STRAIGHT', 'CAR', '2016-10-19 05:35:29', 201, 0, '0000-00-00 00:00:00', 0),
(1969, 5, 0, 15081.8, 1, 'PED', 'CAR', '2016-10-19 05:35:29', 201, 0, '0000-00-00 00:00:00', 0),
(1970, 5, 0, 15087, 1, 'PED', 'CAR', '2016-10-19 05:35:29', 201, 0, '0000-00-00 00:00:00', 0),
(1971, 5, 0, 15087.8, 1, 'RTURN', 'CAR', '2016-10-19 05:35:29', 201, 0, '0000-00-00 00:00:00', 0),
(1972, 5, 0, 15088.5, 1, 'PED', 'CAR', '2016-10-19 05:35:29', 201, 0, '0000-00-00 00:00:00', 0),
(1973, 5, 0, 15088.5, 1, 'RTURN', 'CAR', '2016-10-19 05:35:30', 201, 0, '0000-00-00 00:00:00', 0),
(1974, 5, 0, 15090, 1, 'PED', 'CAR', '2016-10-19 05:35:30', 201, 0, '0000-00-00 00:00:00', 0),
(1975, 5, 0, 15090.8, 1, 'PED', 'CAR', '2016-10-19 05:35:30', 201, 0, '0000-00-00 00:00:00', 0),
(1976, 5, 0, 15090.8, 1, 'STRAIGHT', 'CAR', '2016-10-19 05:35:30', 201, 0, '0000-00-00 00:00:00', 0),
(1977, 5, 0, 15092.3, 1, 'STRAIGHT', 'CAR', '2016-10-19 05:35:30', 201, 0, '0000-00-00 00:00:00', 0),
(1978, 5, 0, 15093.8, 1, 'STRAIGHT', 'CAR', '2016-10-19 05:35:30', 201, 0, '0000-00-00 00:00:00', 0),
(1979, 5, 0, 15093.8, 1, 'STRAIGHT', 'CAR', '2016-10-19 05:35:30', 201, 0, '0000-00-00 00:00:00', 0),
(1980, 5, 0, 15094.5, 1, 'UTURN', 'CAR', '2016-10-19 05:35:30', 201, 0, '0000-00-00 00:00:00', 0),
(1981, 5, 0, 15096, 1, 'STRAIGHT', 'CAR', '2016-10-19 05:35:30', 201, 0, '0000-00-00 00:00:00', 0),
(1982, 5, 0, 15110.3, 1, 'STRAIGHT', 'CAR', '2016-10-19 05:35:32', 201, 0, '0000-00-00 00:00:00', 0),
(1983, 5, 0, 15112.5, 1, 'STRAIGHT', 'CAR', '2016-10-19 05:35:33', 201, 0, '0000-00-00 00:00:00', 0),
(1984, 5, 0, 15114, 1, 'LTURN', 'CAR', '2016-10-19 05:35:33', 201, 0, '0000-00-00 00:00:00', 0),
(1985, 5, 0, 15114, 1, 'UTURN', 'CAR', '2016-10-19 05:35:33', 201, 0, '0000-00-00 00:00:00', 0),
(1986, 5, 0, 15114.8, 1, 'UTURN', 'CAR', '2016-10-19 05:35:33', 201, 0, '0000-00-00 00:00:00', 0),
(1987, 5, 0, 15115.5, 1, 'LTURN', 'CAR', '2016-10-19 05:35:33', 201, 0, '0000-00-00 00:00:00', 0),
(1988, 5, 0, 15116.3, 1, 'LTURN', 'CAR', '2016-10-19 05:35:33', 201, 0, '0000-00-00 00:00:00', 0),
(1989, 5, 0, 15116.3, 1, 'UTURN', 'CAR', '2016-10-19 05:35:33', 201, 0, '0000-00-00 00:00:00', 0),
(1990, 5, 0, 15117.8, 1, 'STRAIGHT', 'CAR', '2016-10-19 05:35:33', 201, 0, '0000-00-00 00:00:00', 0),
(1991, 5, 0, 15122.3, 1, 'RTURN', 'CAR', '2016-10-19 05:35:34', 201, 0, '0000-00-00 00:00:00', 0),
(1992, 5, 0, 15122.3, 1, 'PED', 'CAR', '2016-10-19 05:35:34', 201, 0, '0000-00-00 00:00:00', 0),
(1993, 5, 0, 15126, 1, 'STRAIGHT', 'CAR', '2016-10-19 05:35:34', 201, 0, '0000-00-00 00:00:00', 0),
(1994, 5, 0, 15127.5, 1, 'STRAIGHT', 'CAR', '2016-10-19 05:35:35', 201, 0, '0000-00-00 00:00:00', 0),
(1995, 5, 0, 15129, 1, 'UTURN', 'CAR', '2016-10-19 05:35:35', 201, 0, '0000-00-00 00:00:00', 0),
(1996, 5, 0, 15129, 1, 'LTURN', 'CAR', '2016-10-19 05:35:35', 201, 0, '0000-00-00 00:00:00', 0),
(1997, 5, 0, 15132, 1, 'STRAIGHT', 'BICYCLE', '2016-10-19 05:35:35', 201, 0, '0000-00-00 00:00:00', 0),
(1998, 5, 0, 15134.3, 1, 'RTURN', 'CAR', '2016-10-19 05:35:36', 201, 0, '0000-00-00 00:00:00', 0),
(1999, 5, 0, 15137.3, 1, 'STRAIGHT', 'BICYCLE', '2016-10-19 05:35:36', 201, 0, '0000-00-00 00:00:00', 0),
(2000, 5, 0, 15138.8, 1, 'PED', 'CAR', '2016-10-19 05:35:36', 201, 0, '0000-00-00 00:00:00', 0),
(2001, 5, 0, 15141, 1, 'PED', 'CAR', '2016-10-19 05:35:36', 201, 0, '0000-00-00 00:00:00', 0),
(2002, 5, 0, 15142.5, 1, 'PED', 'CAR', '2016-10-19 05:35:37', 201, 0, '0000-00-00 00:00:00', 0),
(2003, 5, 0, 15142.5, 1, 'RTURN', 'CAR', '2016-10-19 05:35:37', 201, 0, '0000-00-00 00:00:00', 0),
(2004, 5, 0, 15143.3, 1, 'PED', 'CAR', '2016-10-19 05:35:37', 201, 0, '0000-00-00 00:00:00', 0),
(2005, 5, 0, 15143.3, 1, 'RTURN', 'CAR', '2016-10-19 05:35:37', 201, 0, '0000-00-00 00:00:00', 0),
(2006, 5, 0, 15325.5, 1, 'STRAIGHT', 'TRUCK', '2016-10-19 05:36:01', 201, 0, '0000-00-00 00:00:00', 0),
(2007, 5, 0, 15344.3, 1, 'RTURN', 'CAR', '2016-10-19 05:36:04', 201, 0, '0000-00-00 00:00:00', 0),
(2008, 5, 0, 15346.5, 1, 'PED', 'CAR', '2016-10-19 05:36:04', 201, 0, '0000-00-00 00:00:00', 0),
(2009, 5, 0, 15348, 1, 'STRAIGHT', 'CAR', '2016-10-19 05:36:04', 201, 0, '0000-00-00 00:00:00', 0),
(2010, 5, 0, 15348, 1, 'PED', 'CAR', '2016-10-19 05:36:04', 201, 0, '0000-00-00 00:00:00', 0),
(2011, 5, 0, 15351.8, 1, 'PED', 'CAR', '2016-10-19 05:36:05', 201, 0, '0000-00-00 00:00:00', 0),
(2012, 5, 0, 15351.8, 1, 'STRAIGHT', 'CAR', '2016-10-19 05:36:05', 201, 0, '0000-00-00 00:00:00', 0),
(2013, 5, 0, 15354, 1, 'PED', 'CAR', '2016-10-19 05:36:05', 201, 0, '0000-00-00 00:00:00', 0),
(2014, 5, 0, 15356.3, 1, 'STRAIGHT', 'CAR', '2016-10-19 05:36:05', 201, 0, '0000-00-00 00:00:00', 0),
(2015, 5, 0, 15356.3, 1, 'PED', 'CAR', '2016-10-19 05:36:05', 201, 0, '0000-00-00 00:00:00', 0),
(2016, 5, 0, 15357.8, 1, 'PED', 'CAR', '2016-10-19 05:36:05', 201, 0, '0000-00-00 00:00:00', 0),
(2017, 5, 0, 15358.5, 1, 'STRAIGHT', 'CAR', '2016-10-19 05:36:05', 201, 0, '0000-00-00 00:00:00', 0),
(2018, 5, 0, 15363, 1, 'PED', 'CAR', '2016-10-19 05:36:06', 201, 0, '0000-00-00 00:00:00', 0),
(2019, 5, 0, 15365.3, 1, 'STRAIGHT', 'CAR', '2016-10-19 05:36:06', 201, 0, '0000-00-00 00:00:00', 0),
(2020, 5, 0, 15366.8, 1, 'RTURN', 'CAR', '2016-10-19 05:36:07', 201, 0, '0000-00-00 00:00:00', 0),
(2021, 5, 0, 15427.5, 1, 'STRAIGHT', 'CAR', '2016-10-19 05:37:02', 201, 0, '0000-00-00 00:00:00', 0),
(2022, 5, 0, 15429, 1, 'STRAIGHT', 'CAR', '2016-10-19 05:37:02', 201, 0, '0000-00-00 00:00:00', 0),
(2023, 5, 0, 15432.8, 1, 'PED', 'CAR', '2016-10-19 05:37:02', 201, 0, '0000-00-00 00:00:00', 0),
(2024, 5, 0, 15431.3, 1, 'PED', 'CAR', '2016-10-19 05:37:02', 201, 0, '0000-00-00 00:00:00', 0),
(2025, 5, 0, 15433.5, 1, 'LTURN', 'CAR', '2016-10-19 05:37:02', 201, 0, '0000-00-00 00:00:00', 0),
(2026, 5, 0, 15432, 1, 'STRAIGHT', 'CAR', '2016-10-19 05:37:02', 201, 0, '0000-00-00 00:00:00', 0),
(2027, 5, 0, 15435, 1, 'STRAIGHT', 'BICYCLE', '2016-10-19 05:37:02', 201, 0, '0000-00-00 00:00:00', 0),
(2028, 5, 0, 15437.3, 1, 'RTURN', 'CAR', '2016-10-19 05:37:03', 201, 0, '0000-00-00 00:00:00', 0),
(2029, 5, 0, 15438, 1, 'PED', 'CAR', '2016-10-19 05:37:03', 201, 0, '0000-00-00 00:00:00', 0),
(2030, 5, 0, 15438, 1, 'STRAIGHT', 'CAR', '2016-10-19 05:37:03', 201, 0, '0000-00-00 00:00:00', 0),
(2031, 5, 0, 15439.5, 1, 'STRAIGHT', 'CAR', '2016-10-19 05:37:03', 201, 0, '0000-00-00 00:00:00', 0),
(2032, 5, 0, 15440.3, 1, 'PED', 'CAR', '2016-10-19 05:37:03', 201, 0, '0000-00-00 00:00:00', 0),
(2033, 5, 0, 15441.8, 1, 'STRAIGHT', 'CAR', '2016-10-19 05:37:03', 201, 0, '0000-00-00 00:00:00', 0),
(2034, 5, 0, 15443.3, 1, 'STRAIGHT', 'CAR', '2016-10-19 05:37:03', 201, 0, '0000-00-00 00:00:00', 0),
(2035, 5, 0, 15444, 1, 'STRAIGHT', 'CAR', '2016-10-19 05:37:04', 201, 0, '0000-00-00 00:00:00', 0),
(2036, 5, 0, 15446.3, 1, 'STRAIGHT', 'CAR', '2016-10-19 05:37:04', 201, 0, '0000-00-00 00:00:00', 0),
(2037, 5, 0, 15447, 1, 'PED', 'CAR', '2016-10-19 05:37:04', 201, 0, '0000-00-00 00:00:00', 0),
(2038, 5, 0, 15452.3, 1, 'STRAIGHT', 'CAR', '2016-10-19 05:37:05', 201, 0, '0000-00-00 00:00:00', 0),
(2039, 5, 0, 15455.3, 1, 'UTURN', 'CAR', '2016-10-19 05:37:05', 201, 0, '0000-00-00 00:00:00', 0),
(2040, 5, 0, 15459, 1, 'LTURN', 'CAR', '2016-10-19 05:37:06', 201, 0, '0000-00-00 00:00:00', 0);
INSERT INTO `idax_video_counts` (`videocountid`, `layoutid`, `legindex`, `videoposition`, `videospeed`, `counttype`, `objecttype`, `countedtime`, `countedby_user`, `rejected`, `rejectedtime`, `rejectedby_user`) VALUES
(2041, 5, 0, 15462.8, 1, 'RTURN', 'CAR', '2016-10-19 05:37:06', 201, 0, '0000-00-00 00:00:00', 0),
(2042, 5, 0, 15464.3, 1, 'RTURN', 'CAR', '2016-10-19 05:37:06', 201, 0, '0000-00-00 00:00:00', 0),
(2043, 5, 0, 15466.5, 1, 'STRAIGHT', 'CAR', '2016-10-19 05:37:07', 201, 0, '0000-00-00 00:00:00', 0),
(2044, 5, 0, 15468, 1, 'STRAIGHT', 'CAR', '2016-10-19 05:37:07', 201, 0, '0000-00-00 00:00:00', 0),
(2045, 5, 0, 15468.8, 1, 'STRAIGHT', 'CAR', '2016-10-19 05:37:07', 201, 0, '0000-00-00 00:00:00', 0),
(2046, 5, 0, 15470.3, 1, 'LTURN', 'CAR', '2016-10-19 05:37:07', 201, 0, '0000-00-00 00:00:00', 0),
(2047, 5, 0, 15474, 1, 'PED', 'CAR', '2016-10-19 05:37:07', 201, 0, '0000-00-00 00:00:00', 0),
(2048, 5, 0, 15475.5, 1, 'STRAIGHT', 'CAR', '2016-10-19 05:37:08', 201, 0, '0000-00-00 00:00:00', 0),
(2049, 5, 0, 15476.3, 1, 'STRAIGHT', 'CAR', '2016-10-19 05:37:08', 201, 0, '0000-00-00 00:00:00', 0),
(2050, 5, 0, 15477.8, 1, 'LTURN', 'CAR', '2016-10-19 05:37:08', 201, 0, '0000-00-00 00:00:00', 0),
(2051, 5, 0, 15480.8, 1, 'UTURN', 'BICYCLE', '2016-10-19 05:37:08', 201, 0, '0000-00-00 00:00:00', 0),
(2052, 5, 0, 15482.3, 1, 'STRAIGHT', 'CAR', '2016-10-19 05:37:09', 201, 0, '0000-00-00 00:00:00', 0),
(2053, 5, 0, 15485.3, 1, 'PED', 'CAR', '2016-10-19 05:37:09', 201, 0, '0000-00-00 00:00:00', 0),
(2054, 5, 0, 15485.3, 1, 'STRAIGHT', 'CAR', '2016-10-19 05:37:09', 201, 0, '0000-00-00 00:00:00', 0),
(2055, 5, 0, 15489, 1, 'PED', 'CAR', '2016-10-19 05:37:09', 201, 0, '0000-00-00 00:00:00', 0),
(2056, 5, 0, 15489, 1, 'PED', 'CAR', '2016-10-19 05:37:10', 201, 0, '0000-00-00 00:00:00', 0),
(2057, 5, 0, 15491.3, 1, 'STRAIGHT', 'CAR', '2016-10-19 05:37:10', 201, 0, '0000-00-00 00:00:00', 0),
(2058, 5, 0, 15492, 1, 'PED', 'CAR', '2016-10-19 05:37:10', 201, 0, '0000-00-00 00:00:00', 0),
(2059, 5, 0, 15493.5, 1, 'PED', 'CAR', '2016-10-19 05:37:10', 201, 0, '0000-00-00 00:00:00', 0),
(2060, 5, 0, 15495.8, 1, 'RTURN', 'CAR', '2016-10-19 05:37:10', 201, 0, '0000-00-00 00:00:00', 0),
(2061, 5, 0, 15497.3, 1, 'RTURN', 'CAR', '2016-10-19 05:37:11', 201, 0, '0000-00-00 00:00:00', 0),
(2062, 5, 0, 15498.8, 1, 'RTURN', 'CAR', '2016-10-19 05:37:11', 201, 0, '0000-00-00 00:00:00', 0),
(2063, 5, 0, 15499.5, 1, 'PED', 'CAR', '2016-10-19 05:37:11', 201, 0, '0000-00-00 00:00:00', 0),
(2064, 5, 0, 15500.3, 1, 'STRAIGHT', 'CAR', '2016-10-19 05:37:11', 201, 0, '0000-00-00 00:00:00', 0),
(2065, 5, 0, 15501, 1, 'STRAIGHT', 'CAR', '2016-10-19 05:37:11', 201, 0, '0000-00-00 00:00:00', 0),
(2066, 5, 0, 15509.3, 1, 'UTURN', 'CAR', '2016-10-19 05:37:12', 201, 0, '0000-00-00 00:00:00', 0),
(2067, 5, 0, 15510.8, 1, 'LTURN', 'CAR', '2016-10-19 05:37:12', 201, 0, '0000-00-00 00:00:00', 0),
(2068, 5, 0, 15510.8, 1, 'LTURN', 'CAR', '2016-10-19 05:37:12', 201, 0, '0000-00-00 00:00:00', 0),
(2069, 5, 0, 15513.8, 1, 'STRAIGHT', 'CAR', '2016-10-19 05:37:13', 201, 0, '0000-00-00 00:00:00', 0),
(2070, 5, 0, 15515.3, 1, 'STRAIGHT', 'CAR', '2016-10-19 05:37:13', 201, 0, '0000-00-00 00:00:00', 0),
(2071, 5, 0, 15516, 1, 'PED', 'CAR', '2016-10-19 05:37:13', 201, 0, '0000-00-00 00:00:00', 0),
(2072, 5, 0, 15516.8, 1, 'PED', 'CAR', '2016-10-19 05:37:13', 201, 0, '0000-00-00 00:00:00', 0),
(2073, 5, 0, 15519, 1, 'RTURN', 'CAR', '2016-10-19 05:37:13', 201, 0, '0000-00-00 00:00:00', 0),
(2074, 5, 0, 15519, 1, 'RTURN', 'CAR', '2016-10-19 05:37:13', 201, 0, '0000-00-00 00:00:00', 0),
(2075, 5, 0, 15519.8, 1, 'PED', 'CAR', '2016-10-19 05:37:14', 201, 0, '0000-00-00 00:00:00', 0),
(2076, 5, 0, 15523.5, 1, 'STRAIGHT', 'CAR', '2016-10-19 05:37:14', 201, 0, '0000-00-00 00:00:00', 0),
(2077, 5, 0, 15525.8, 1, 'RTURN', 'CAR', '2016-10-19 05:37:14', 201, 0, '0000-00-00 00:00:00', 0),
(2078, 5, 0, 15591.8, 1, 'STRAIGHT', 'CAR', '2016-10-19 05:37:23', 201, 0, '0000-00-00 00:00:00', 0),
(2079, 5, 0, 15592.5, 1, 'RTURN', 'CAR', '2016-10-19 05:37:24', 201, 0, '0000-00-00 00:00:00', 0),
(2080, 5, 0, 15595.5, 1, 'STRAIGHT', 'CAR', '2016-10-19 05:37:24', 201, 0, '0000-00-00 00:00:00', 0),
(2081, 5, 0, 15597, 1, 'PED', 'CAR', '2016-10-19 05:37:24', 201, 0, '0000-00-00 00:00:00', 0),
(2082, 5, 0, 15595.5, 1, 'PED', 'CAR', '2016-10-19 05:37:24', 201, 0, '0000-00-00 00:00:00', 0),
(2083, 5, 0, 15598.5, 1, 'LTURN', 'CAR', '2016-10-19 05:37:24', 201, 0, '0000-00-00 00:00:00', 0),
(2084, 5, 0, 15600, 1, 'LTURN', 'CAR', '2016-10-19 05:37:24', 201, 0, '0000-00-00 00:00:00', 0),
(2085, 5, 0, 15593.3, 1, 'STRAIGHT', 'CAR', '2016-10-19 05:37:24', 201, 0, '0000-00-00 00:00:00', 0),
(2086, 5, 0, 15600, 1, 'UTURN', 'CAR', '2016-10-19 05:37:24', 201, 0, '0000-00-00 00:00:00', 0),
(2087, 5, 0, 15603, 1, 'PED', 'CAR', '2016-10-19 05:37:25', 201, 0, '0000-00-00 00:00:00', 0),
(2088, 5, 0, 15603.7, 1, 'STRAIGHT', 'CAR', '2016-10-19 05:37:25', 201, 0, '0000-00-00 00:00:00', 0),
(2089, 5, 0, 15605.3, 1, 'STRAIGHT', 'CAR', '2016-10-19 05:37:25', 201, 0, '0000-00-00 00:00:00', 0),
(2090, 5, 0, 15606, 1, 'PED', 'CAR', '2016-10-19 05:37:25', 201, 0, '0000-00-00 00:00:00', 0),
(2091, 5, 0, 15609.8, 1, 'STRAIGHT', 'CAR', '2016-10-19 05:37:26', 201, 0, '0000-00-00 00:00:00', 0),
(2092, 5, 0, 15612, 1, 'STRAIGHT', 'CAR', '2016-10-19 05:37:26', 201, 0, '0000-00-00 00:00:00', 0),
(2093, 5, 0, 15613.5, 1, 'STRAIGHT', 'CAR', '2016-10-19 05:37:26', 201, 0, '0000-00-00 00:00:00', 0),
(2094, 5, 0, 15615, 1, 'STRAIGHT', 'CAR', '2016-10-19 05:37:26', 201, 0, '0000-00-00 00:00:00', 0),
(2095, 5, 0, 15715.5, 1, 'STRAIGHT', 'CAR', '2016-10-19 05:37:40', 201, 0, '0000-00-00 00:00:00', 0),
(2096, 5, 0, 15717, 1, 'STRAIGHT', 'CAR', '2016-10-19 05:37:41', 201, 0, '0000-00-00 00:00:00', 0),
(2097, 5, 0, 15717.8, 1, 'PED', 'CAR', '2016-10-19 05:37:41', 201, 0, '0000-00-00 00:00:00', 0),
(2098, 5, 0, 15714, 1, 'STRAIGHT', 'CAR', '2016-10-19 05:37:41', 201, 0, '0000-00-00 00:00:00', 0),
(2099, 5, 0, 15712.5, 1, 'STRAIGHT', 'CAR', '2016-10-19 05:37:41', 201, 0, '0000-00-00 00:00:00', 0),
(2100, 5, 0, 15713.3, 1, 'PED', 'CAR', '2016-10-19 05:37:41', 201, 0, '0000-00-00 00:00:00', 0),
(2101, 5, 0, 15718.5, 1, 'STRAIGHT', 'CAR', '2016-10-19 05:37:41', 201, 0, '0000-00-00 00:00:00', 0),
(2102, 5, 0, 15720, 1, 'STRAIGHT', 'CAR', '2016-10-19 05:37:41', 201, 0, '0000-00-00 00:00:00', 0),
(2103, 5, 0, 15721.5, 1, 'STRAIGHT', 'CAR', '2016-10-19 05:37:41', 201, 0, '0000-00-00 00:00:00', 0),
(2104, 5, 0, 15723, 1, 'STRAIGHT', 'CAR', '2016-10-19 05:37:41', 201, 0, '0000-00-00 00:00:00', 0),
(2105, 5, 0, 15723.8, 1, 'PED', 'CAR', '2016-10-19 05:37:42', 201, 0, '0000-00-00 00:00:00', 0),
(2106, 5, 0, 15725.3, 1, 'PED', 'CAR', '2016-10-19 05:37:42', 201, 0, '0000-00-00 00:00:00', 0),
(2107, 5, 0, 15725.3, 1, 'STRAIGHT', 'CAR', '2016-10-19 05:37:42', 201, 0, '0000-00-00 00:00:00', 0),
(2108, 5, 0, 15726.8, 1, 'STRAIGHT', 'CAR', '2016-10-19 05:37:42', 201, 0, '0000-00-00 00:00:00', 0),
(2109, 5, 0, 15728.3, 1, 'RTURN', 'CAR', '2016-10-19 05:37:42', 201, 0, '0000-00-00 00:00:00', 0),
(2110, 5, 0, 15732, 1, 'RTURN', 'CAR', '2016-10-19 05:37:43', 201, 0, '0000-00-00 00:00:00', 0),
(2111, 5, 0, 15733.5, 1, 'STRAIGHT', 'CAR', '2016-10-19 05:37:43', 201, 0, '0000-00-00 00:00:00', 0),
(2112, 5, 0, 15734.3, 1, 'STRAIGHT', 'CAR', '2016-10-19 05:37:43', 201, 0, '0000-00-00 00:00:00', 0),
(2113, 5, 0, 15740.3, 1, 'PED', 'CAR', '2016-10-19 05:37:43', 201, 0, '0000-00-00 00:00:00', 0),
(2114, 5, 0, 15736.5, 1, 'STRAIGHT', 'CAR', '2016-10-19 05:37:43', 201, 0, '0000-00-00 00:00:00', 0),
(2115, 5, 0, 15744.8, 1, 'PED', 'CAR', '2016-10-19 05:37:44', 201, 0, '0000-00-00 00:00:00', 0),
(2116, 5, 0, 15745.5, 1, 'STRAIGHT', 'CAR', '2016-10-19 05:37:44', 201, 0, '0000-00-00 00:00:00', 0),
(2117, 5, 0, 15746.2, 1, 'PED', 'CAR', '2016-10-19 05:37:45', 201, 0, '0000-00-00 00:00:00', 0),
(2118, 5, 0, 15748.5, 1, 'PED', 'CAR', '2016-10-19 05:37:45', 201, 0, '0000-00-00 00:00:00', 0),
(2119, 5, 0, 15750.8, 1, 'STRAIGHT', 'CAR', '2016-10-19 05:37:45', 201, 0, '0000-00-00 00:00:00', 0),
(2120, 5, 0, 15750.8, 1, 'RTURN', 'CAR', '2016-10-19 05:37:45', 201, 0, '0000-00-00 00:00:00', 0),
(2121, 5, 0, 15753, 1, 'PED', 'CAR', '2016-10-19 05:37:45', 201, 0, '0000-00-00 00:00:00', 0),
(2122, 5, 0, 15754.5, 1, 'PED', 'CAR', '2016-10-19 05:37:46', 201, 0, '0000-00-00 00:00:00', 0),
(2123, 5, 0, 15756, 1, 'PED', 'CAR', '2016-10-19 05:37:46', 201, 0, '0000-00-00 00:00:00', 0),
(2124, 5, 0, 15756.8, 1, 'LTURN', 'CAR', '2016-10-19 05:37:46', 201, 0, '0000-00-00 00:00:00', 0),
(2125, 5, 0, 15761.3, 1, 'PED', 'CAR', '2016-10-19 05:37:46', 201, 0, '0000-00-00 00:00:00', 0),
(2126, 5, 0, 15762, 1, 'STRAIGHT', 'CAR', '2016-10-19 05:37:46', 201, 0, '0000-00-00 00:00:00', 0),
(2127, 5, 0, 15763.5, 1, 'STRAIGHT', 'CAR', '2016-10-19 05:37:46', 201, 0, '0000-00-00 00:00:00', 0),
(2128, 5, 0, 15762.8, 1, 'PED', 'CAR', '2016-10-19 05:37:46', 201, 0, '0000-00-00 00:00:00', 0),
(2129, 5, 0, 15767.3, 1, 'PED', 'TRUCK', '2016-10-19 05:37:47', 201, 0, '0000-00-00 00:00:00', 0),
(2130, 5, 0, 15770.3, 1, 'STRAIGHT', 'CAR', '2016-10-19 05:37:47', 201, 0, '0000-00-00 00:00:00', 0),
(2131, 5, 0, 15770.3, 1, 'RTURN', 'CAR', '2016-10-19 05:37:47', 201, 0, '0000-00-00 00:00:00', 0),
(2132, 5, 0, 15771.8, 1, 'STRAIGHT', 'CAR', '2016-10-19 05:37:47', 201, 0, '0000-00-00 00:00:00', 0),
(2133, 5, 0, 15771.8, 1, 'RTURN', 'CAR', '2016-10-19 05:37:47', 201, 0, '0000-00-00 00:00:00', 0),
(2134, 5, 0, 15773.3, 1, 'STRAIGHT', 'CAR', '2016-10-19 05:37:47', 201, 0, '0000-00-00 00:00:00', 0),
(2135, 5, 0, 15773.3, 1, 'RTURN', 'CAR', '2016-10-19 05:37:48', 201, 0, '0000-00-00 00:00:00', 0),
(2136, 5, 0, 15774, 1, 'RTURN', 'CAR', '2016-10-19 05:37:48', 201, 0, '0000-00-00 00:00:00', 0),
(2137, 5, 0, 15779.3, 1, 'RTURN', 'CAR', '2016-10-19 05:37:48', 201, 0, '0000-00-00 00:00:00', 0),
(2138, 5, 0, 16013.3, 1, 'RTURN', 'BICYCLE', '2016-10-19 05:38:20', 201, 0, '0000-00-00 00:00:00', 0),
(2139, 5, 0, 16017.8, 1, 'PED', 'CAR', '2016-10-19 05:38:20', 201, 0, '0000-00-00 00:00:00', 0),
(2140, 5, 0, 16017, 1, 'PED', 'BICYCLE', '2016-10-19 05:38:20', 201, 0, '0000-00-00 00:00:00', 0),
(2141, 5, 0, 16022.3, 1, 'PED', 'CAR', '2016-10-19 05:38:21', 201, 0, '0000-00-00 00:00:00', 0),
(2142, 5, 0, 16024.5, 1, 'LTURN', 'CAR', '2016-10-19 05:38:21', 201, 0, '0000-00-00 00:00:00', 0),
(2143, 5, 0, 16025.3, 1, 'PED', 'CAR', '2016-10-19 05:38:21', 201, 0, '0000-00-00 00:00:00', 0),
(2144, 5, 0, 16027.5, 1, 'STRAIGHT', 'CAR', '2016-10-19 05:38:21', 201, 0, '0000-00-00 00:00:00', 0),
(2145, 5, 0, 16026.8, 1, 'PED', 'CAR', '2016-10-19 05:38:21', 201, 0, '0000-00-00 00:00:00', 0),
(2146, 5, 0, 16029, 1, 'STRAIGHT', 'CAR', '2016-10-19 05:38:21', 201, 0, '0000-00-00 00:00:00', 0),
(2147, 5, 0, 16029.8, 1, 'PED', 'CAR', '2016-10-19 05:38:22', 201, 0, '0000-00-00 00:00:00', 0),
(2148, 5, 0, 16034.3, 1, 'RTURN', 'CAR', '2016-10-19 05:38:22', 201, 0, '0000-00-00 00:00:00', 0),
(2149, 5, 0, 16035.8, 1, 'STRAIGHT', 'CAR', '2016-10-19 05:38:22', 201, 0, '0000-00-00 00:00:00', 0),
(2150, 5, 0, 16036.5, 1, 'PED', 'CAR', '2016-10-19 05:38:22', 201, 0, '0000-00-00 00:00:00', 0),
(2151, 5, 0, 16037.3, 1, 'STRAIGHT', 'CAR', '2016-10-19 05:38:23', 201, 0, '0000-00-00 00:00:00', 0),
(2152, 5, 0, 16040.3, 1, 'LTURN', 'CAR', '2016-10-19 05:38:23', 201, 0, '0000-00-00 00:00:00', 0),
(2153, 5, 0, 16040.3, 1, 'UTURN', 'CAR', '2016-10-19 05:38:23', 201, 0, '0000-00-00 00:00:00', 0),
(2154, 5, 0, 16041, 1, 'LTURN', 'CAR', '2016-10-19 05:38:23', 201, 0, '0000-00-00 00:00:00', 0),
(2155, 5, 0, 16043.3, 1, 'STRAIGHT', 'CAR', '2016-10-19 05:38:23', 201, 0, '0000-00-00 00:00:00', 0),
(2156, 5, 0, 16045.5, 1, 'STRAIGHT', 'CAR', '2016-10-19 05:38:24', 201, 0, '0000-00-00 00:00:00', 0),
(2157, 5, 0, 16046.3, 1, 'STRAIGHT', 'CAR', '2016-10-19 05:38:24', 201, 0, '0000-00-00 00:00:00', 0),
(2158, 5, 0, 16048.5, 1, 'STRAIGHT', 'CAR', '2016-10-19 05:38:24', 201, 0, '0000-00-00 00:00:00', 0),
(2159, 5, 0, 16049.3, 1, 'PED', 'CAR', '2016-10-19 05:38:24', 201, 0, '0000-00-00 00:00:00', 0),
(2160, 5, 0, 16050.8, 1, 'STRAIGHT', 'CAR', '2016-10-19 05:38:24', 201, 0, '0000-00-00 00:00:00', 0),
(2161, 5, 0, 16060.5, 1, 'RTURN', 'CAR', '2016-10-19 05:38:26', 201, 0, '0000-00-00 00:00:00', 0),
(2162, 5, 0, 16062.8, 1, 'STRAIGHT', 'CAR', '2016-10-19 05:38:26', 201, 0, '0000-00-00 00:00:00', 0),
(2163, 5, 0, 16064.3, 1, 'PED', 'CAR', '2016-10-19 05:38:26', 201, 0, '0000-00-00 00:00:00', 0),
(2164, 5, 0, 16065, 1, 'PED', 'CAR', '2016-10-19 05:38:26', 201, 0, '0000-00-00 00:00:00', 0),
(2165, 5, 0, 16065.8, 1, 'STRAIGHT', 'CAR', '2016-10-19 05:38:26', 201, 0, '0000-00-00 00:00:00', 0),
(2166, 5, 0, 16066.5, 1, 'PED', 'CAR', '2016-10-19 05:38:27', 201, 0, '0000-00-00 00:00:00', 0),
(2167, 5, 0, 16071.8, 1, 'STRAIGHT', 'CAR', '2016-10-19 05:38:27', 201, 0, '0000-00-00 00:00:00', 0),
(2168, 5, 0, 16072.5, 1, 'PED', 'CAR', '2016-10-19 05:38:27', 201, 0, '0000-00-00 00:00:00', 0),
(2169, 5, 0, 16073.3, 1, 'STRAIGHT', 'CAR', '2016-10-19 05:38:27', 201, 0, '0000-00-00 00:00:00', 0),
(2170, 5, 0, 16074.8, 1, 'STRAIGHT', 'CAR', '2016-10-19 05:38:28', 201, 0, '0000-00-00 00:00:00', 0),
(2171, 5, 0, 16074, 1, 'PED', 'CAR', '2016-10-19 05:38:28', 201, 0, '0000-00-00 00:00:00', 0),
(2172, 5, 0, 16076.3, 1, 'STRAIGHT', 'CAR', '2016-10-19 05:38:28', 201, 0, '0000-00-00 00:00:00', 0),
(2173, 5, 0, 16077, 1, 'STRAIGHT', 'CAR', '2016-10-19 05:38:28', 201, 0, '0000-00-00 00:00:00', 0),
(2174, 5, 0, 16078.5, 1, 'STRAIGHT', 'CAR', '2016-10-19 05:38:28', 201, 0, '0000-00-00 00:00:00', 0),
(2175, 5, 0, 16080, 1, 'STRAIGHT', 'CAR', '2016-10-19 05:38:28', 201, 0, '0000-00-00 00:00:00', 0),
(2176, 5, 0, 16105.5, 1, 'STRAIGHT', 'CAR', '2016-10-19 05:38:32', 201, 0, '0000-00-00 00:00:00', 0),
(2177, 5, 0, 16107, 1, 'STRAIGHT', 'CAR', '2016-10-19 05:38:32', 201, 0, '0000-00-00 00:00:00', 0),
(2178, 5, 0, 16110, 1, 'LTURN', 'CAR', '2016-10-19 05:38:32', 201, 0, '0000-00-00 00:00:00', 0),
(2179, 5, 0, 16110, 1, 'UTURN', 'BICYCLE', '2016-10-19 05:38:32', 201, 0, '0000-00-00 00:00:00', 0),
(2180, 5, 0, 16113, 1, 'STRAIGHT', 'CAR', '2016-10-19 05:38:33', 201, 0, '0000-00-00 00:00:00', 0),
(2181, 5, 0, 16113.8, 1, 'PED', 'CAR', '2016-10-19 05:38:33', 201, 0, '0000-00-00 00:00:00', 0),
(2182, 5, 0, 16117.5, 1, 'STRAIGHT', 'CAR', '2016-10-19 05:38:33', 201, 0, '0000-00-00 00:00:00', 0),
(2183, 5, 0, 16119, 1, 'UTURN', 'CAR', '2016-10-19 05:38:33', 201, 0, '0000-00-00 00:00:00', 0),
(2184, 5, 0, 16121.3, 1, 'RTURN', 'CAR', '2016-10-19 05:38:34', 201, 0, '0000-00-00 00:00:00', 0),
(2185, 5, 0, 16122.8, 1, 'RTURN', 'CAR', '2016-10-19 05:38:34', 201, 0, '0000-00-00 00:00:00', 0),
(2186, 5, 0, 16125, 1, 'STRAIGHT', 'CAR', '2016-10-19 05:38:34', 201, 0, '0000-00-00 00:00:00', 0),
(2187, 5, 0, 16126.5, 1, 'LTURN', 'CAR', '2016-10-19 05:38:34', 201, 0, '0000-00-00 00:00:00', 0),
(2188, 5, 0, 16128.1, 1, 'UTURN', 'CAR', '2016-10-19 05:38:35', 201, 0, '0000-00-00 00:00:00', 0),
(2189, 5, 0, 16134, 1, 'STRAIGHT', 'CAR', '2016-10-19 05:38:35', 201, 0, '0000-00-00 00:00:00', 0),
(2190, 5, 0, 16135.5, 1, 'STRAIGHT', 'CAR', '2016-10-19 05:38:36', 201, 0, '0000-00-00 00:00:00', 0),
(2191, 5, 0, 16137, 1, 'RTURN', 'CAR', '2016-10-19 05:38:36', 201, 0, '0000-00-00 00:00:00', 0),
(2192, 5, 0, 16139.3, 1, 'PED', 'CAR', '2016-10-19 05:38:36', 201, 0, '0000-00-00 00:00:00', 0),
(2193, 5, 0, 16143, 1, 'UTURN', 'CAR', '2016-10-19 05:38:37', 201, 0, '0000-00-00 00:00:00', 0),
(2194, 5, 0, 16144.5, 1, 'STRAIGHT', 'CAR', '2016-10-19 05:38:37', 201, 0, '0000-00-00 00:00:00', 0),
(2195, 5, 0, 16146.8, 1, 'STRAIGHT', 'CAR', '2016-10-19 05:38:37', 201, 0, '0000-00-00 00:00:00', 0),
(2196, 5, 0, 16148.3, 1, 'PED', 'CAR', '2016-10-19 05:38:37', 201, 0, '0000-00-00 00:00:00', 0),
(2197, 5, 0, 16150.5, 1, 'PED', 'CAR', '2016-10-19 05:38:38', 201, 0, '0000-00-00 00:00:00', 0),
(2198, 5, 0, 16152, 1, 'PED', 'CAR', '2016-10-19 05:38:38', 201, 0, '0000-00-00 00:00:00', 0),
(2199, 5, 0, 16152.8, 1, 'PED', 'CAR', '2016-10-19 05:38:38', 201, 0, '0000-00-00 00:00:00', 0),
(2200, 5, 0, 16152.8, 1, 'STRAIGHT', 'CAR', '2016-10-19 05:38:38', 201, 0, '0000-00-00 00:00:00', 0),
(2201, 5, 0, 16155, 1, 'PED', 'CAR', '2016-10-19 05:38:38', 201, 0, '0000-00-00 00:00:00', 0),
(2202, 5, 0, 16153.5, 1, 'PED', 'CAR', '2016-10-19 05:38:38', 201, 0, '0000-00-00 00:00:00', 0),
(2203, 5, 0, 16159.5, 1, 'RTURN', 'CAR', '2016-10-19 05:38:39', 201, 0, '0000-00-00 00:00:00', 0),
(2204, 5, 0, 16162.5, 1, 'STRAIGHT', 'CAR', '2016-10-19 05:38:39', 201, 0, '0000-00-00 00:00:00', 0),
(2205, 5, 0, 16163.3, 1, 'PED', 'CAR', '2016-10-19 05:38:39', 201, 0, '0000-00-00 00:00:00', 0),
(2206, 5, 0, 16164, 1, 'STRAIGHT', 'CAR', '2016-10-19 05:38:39', 201, 0, '0000-00-00 00:00:00', 0),
(2207, 5, 0, 16167, 1, 'STRAIGHT', 'CAR', '2016-10-19 05:38:40', 201, 0, '0000-00-00 00:00:00', 0),
(2208, 5, 0, 16167.8, 1, 'STRAIGHT', 'CAR', '2016-10-19 05:38:40', 201, 0, '0000-00-00 00:00:00', 0),
(2209, 5, 0, 16168.5, 1, 'PED', 'CAR', '2016-10-19 05:38:40', 201, 0, '0000-00-00 00:00:00', 0),
(2210, 5, 0, 16169.3, 1, 'STRAIGHT', 'CAR', '2016-10-19 05:38:40', 201, 0, '0000-00-00 00:00:00', 0),
(2211, 5, 0, 16170.8, 1, 'STRAIGHT', 'CAR', '2016-10-19 05:38:40', 201, 0, '0000-00-00 00:00:00', 0),
(2212, 5, 0, 16176.8, 1, 'STRAIGHT', 'CAR', '2016-10-19 05:38:41', 201, 0, '0000-00-00 00:00:00', 0),
(2213, 5, 0, 16178.3, 1, 'STRAIGHT', 'CAR', '2016-10-19 05:38:41', 201, 0, '0000-00-00 00:00:00', 0),
(2214, 5, 0, 16180.5, 1, 'RTURN', 'CAR', '2016-10-19 05:38:42', 201, 0, '0000-00-00 00:00:00', 0),
(2215, 5, 0, 16181.3, 1, 'STRAIGHT', 'CAR', '2016-10-19 05:38:42', 201, 0, '0000-00-00 00:00:00', 0),
(2216, 5, 0, 16183.5, 1, 'LTURN', 'CAR', '2016-10-19 05:38:42', 201, 0, '0000-00-00 00:00:00', 0),
(2217, 5, 0, 16187.3, 1, 'STRAIGHT', 'CAR', '2016-10-19 05:38:43', 201, 0, '0000-00-00 00:00:00', 0),
(2218, 5, 0, 16188.8, 1, 'RTURN', 'CAR', '2016-10-19 05:38:43', 201, 0, '0000-00-00 00:00:00', 0),
(2219, 5, 0, 16188.8, 1, 'RTURN', 'CAR', '2016-10-19 05:38:43', 201, 0, '0000-00-00 00:00:00', 0),
(2220, 5, 0, 16191.8, 1, 'PED', 'CAR', '2016-10-19 05:38:43', 201, 0, '0000-00-00 00:00:00', 0),
(2221, 5, 0, 16192.5, 1, 'STRAIGHT', 'CAR', '2016-10-19 05:38:43', 201, 0, '0000-00-00 00:00:00', 0),
(2222, 5, 0, 16193.3, 1, 'PED', 'CAR', '2016-10-19 05:38:43', 201, 0, '0000-00-00 00:00:00', 0),
(2223, 5, 0, 16194, 1, 'STRAIGHT', 'CAR', '2016-10-19 05:38:43', 201, 0, '0000-00-00 00:00:00', 0),
(2224, 5, 0, 16196.3, 1, 'UTURN', 'CAR', '2016-10-19 05:38:44', 201, 0, '0000-00-00 00:00:00', 0),
(2225, 5, 0, 16196.3, 1, 'UTURN', 'CAR', '2016-10-19 05:38:44', 201, 0, '0000-00-00 00:00:00', 0),
(2226, 5, 0, 16232.1, 1, 'STRAIGHT', 'CAR', '2016-10-19 05:38:59', 201, 0, '0000-00-00 00:00:00', 0),
(2227, 5, 0, 16232.1, 1, 'STRAIGHT', 'CAR', '2016-10-19 05:38:59', 201, 0, '0000-00-00 00:00:00', 0),
(2228, 5, 0, 16232.1, 1, 'STRAIGHT', 'CAR', '2016-10-19 05:38:59', 201, 0, '0000-00-00 00:00:00', 0),
(2229, 5, 0, 16232.1, 1, 'STRAIGHT', 'CAR', '2016-10-19 05:38:59', 201, 0, '0000-00-00 00:00:00', 0),
(2230, 5, 0, 16232.1, 1, 'STRAIGHT', 'CAR', '2016-10-19 05:38:59', 201, 0, '0000-00-00 00:00:00', 0),
(2231, 5, 0, 16232.1, 1, 'PED', 'CAR', '2016-10-19 05:38:59', 201, 0, '0000-00-00 00:00:00', 0),
(2232, 5, 0, 16232.1, 1, 'PED', 'CAR', '2016-10-19 05:38:59', 201, 0, '0000-00-00 00:00:00', 0),
(2233, 5, 0, 16232.1, 1, 'PED', 'CAR', '2016-10-19 05:39:00', 201, 0, '0000-00-00 00:00:00', 0),
(2234, 5, 0, 16232.1, 1, 'PED', 'CAR', '2016-10-19 05:39:00', 201, 0, '0000-00-00 00:00:00', 0),
(2235, 5, 0, 16232.1, 1, 'PED', 'CAR', '2016-10-19 05:39:01', 201, 0, '0000-00-00 00:00:00', 0),
(2236, 5, 0, 16232.1, 1, 'STRAIGHT', 'CAR', '2016-10-19 05:39:01', 201, 0, '0000-00-00 00:00:00', 0),
(2237, 5, 0, 16232.1, 1, 'PED', 'CAR', '2016-10-19 05:39:01', 201, 0, '0000-00-00 00:00:00', 0),
(2238, 5, 0, 16232.1, 1, 'STRAIGHT', 'CAR', '2016-10-19 05:39:01', 201, 0, '0000-00-00 00:00:00', 0),
(2239, 5, 0, 16232.1, 1, 'PED', 'CAR', '2016-10-19 05:39:01', 201, 0, '0000-00-00 00:00:00', 0),
(2240, 5, 0, 16232.1, 1, 'STRAIGHT', 'CAR', '2016-10-19 05:39:01', 201, 0, '0000-00-00 00:00:00', 0),
(2241, 5, 0, 16232.1, 1, 'STRAIGHT', 'CAR', '2016-10-19 05:39:01', 201, 0, '0000-00-00 00:00:00', 0),
(2242, 5, 0, 16232.1, 1, 'STRAIGHT', 'CAR', '2016-10-19 05:39:02', 201, 0, '0000-00-00 00:00:00', 0),
(2243, 5, 0, 16232.1, 1, 'PED', 'CAR', '2016-10-19 05:39:09', 201, 0, '0000-00-00 00:00:00', 0),
(2244, 5, 0, 16232.1, 1, 'PED', 'CAR', '2016-10-19 05:39:09', 201, 0, '0000-00-00 00:00:00', 0),
(2245, 5, 0, 16232.1, 1, 'RTURN', 'CAR', '2016-10-19 05:39:09', 201, 0, '0000-00-00 00:00:00', 0),
(2246, 5, 0, 16232.1, 1, 'LTURN', 'CAR', '2016-10-19 05:39:09', 201, 0, '0000-00-00 00:00:00', 0),
(2247, 5, 0, 16232.1, 1, 'LTURN', 'CAR', '2016-10-19 05:39:09', 201, 0, '0000-00-00 00:00:00', 0),
(2248, 5, 0, 16232.3, 1, 'RTURN', 'CAR', '2016-10-19 05:39:25', 201, 0, '0000-00-00 00:00:00', 0),
(2249, 5, 0, 16234.5, 1, 'STRAIGHT', 'CAR', '2016-10-19 05:39:25', 201, 0, '0000-00-00 00:00:00', 0),
(2250, 5, 0, 16235.3, 1, 'PED', 'CAR', '2016-10-19 05:39:25', 201, 0, '0000-00-00 00:00:00', 0),
(2251, 5, 0, 16237.5, 1, 'STRAIGHT', 'CAR', '2016-10-19 05:39:25', 201, 0, '0000-00-00 00:00:00', 0),
(2252, 5, 0, 16236.8, 1, 'PED', 'CAR', '2016-10-19 05:39:25', 201, 0, '0000-00-00 00:00:00', 0),
(2253, 5, 0, 16238.3, 1, 'PED', 'CAR', '2016-10-19 05:39:25', 201, 0, '0000-00-00 00:00:00', 0),
(2254, 5, 0, 16238.3, 1, 'STRAIGHT', 'CAR', '2016-10-19 05:39:25', 201, 0, '0000-00-00 00:00:00', 0),
(2255, 5, 0, 16239.1, 1, 'PED', 'CAR', '2016-10-19 05:39:25', 201, 0, '0000-00-00 00:00:00', 0),
(2256, 5, 0, 16239.8, 1, 'LTURN', 'CAR', '2016-10-19 05:39:25', 201, 0, '0000-00-00 00:00:00', 0),
(2257, 5, 0, 16240.5, 1, 'PED', 'CAR', '2016-10-19 05:39:25', 201, 0, '0000-00-00 00:00:00', 0),
(2258, 5, 0, 16241.3, 1, 'STRAIGHT', 'CAR', '2016-10-19 05:39:25', 201, 0, '0000-00-00 00:00:00', 0),
(2259, 5, 0, 16242, 1, 'STRAIGHT', 'CAR', '2016-10-19 05:39:26', 201, 0, '0000-00-00 00:00:00', 0),
(2260, 5, 0, 16243.5, 1, 'STRAIGHT', 'CAR', '2016-10-19 05:39:26', 201, 0, '0000-00-00 00:00:00', 0),
(2261, 5, 0, 16243.5, 1, 'PED', 'CAR', '2016-10-19 05:39:26', 201, 0, '0000-00-00 00:00:00', 0),
(2262, 5, 0, 16244.3, 1, 'STRAIGHT', 'CAR', '2016-10-19 05:39:26', 201, 0, '0000-00-00 00:00:00', 0),
(2263, 5, 0, 16287.8, 1, 'RTURN', 'CAR', '2016-10-19 05:39:32', 201, 0, '0000-00-00 00:00:00', 0),
(2264, 5, 0, 16287.8, 1, 'STRAIGHT', 'CAR', '2016-10-19 05:39:32', 201, 0, '0000-00-00 00:00:00', 0),
(2265, 5, 0, 16289.3, 1, 'STRAIGHT', 'CAR', '2016-10-19 05:39:32', 201, 0, '0000-00-00 00:00:00', 0),
(2266, 5, 0, 16290, 1, 'STRAIGHT', 'BICYCLE', '2016-10-19 05:39:32', 201, 0, '0000-00-00 00:00:00', 0),
(2267, 5, 0, 16291.5, 1, 'RTURN', 'CAR', '2016-10-19 05:39:32', 201, 0, '0000-00-00 00:00:00', 0),
(2268, 5, 0, 16292.3, 1, 'STRAIGHT', 'CAR', '2016-10-19 05:39:32', 201, 0, '0000-00-00 00:00:00', 0),
(2269, 5, 0, 16293, 1, 'RTURN', 'CAR', '2016-10-19 05:39:32', 201, 0, '0000-00-00 00:00:00', 0),
(2270, 5, 0, 16293.8, 1, 'STRAIGHT', 'BICYCLE', '2016-10-19 05:39:33', 201, 0, '0000-00-00 00:00:00', 0),
(2271, 5, 0, 16293.8, 1, 'STRAIGHT', 'CAR', '2016-10-19 05:39:33', 201, 0, '0000-00-00 00:00:00', 0),
(2272, 5, 0, 16296.8, 1, 'STRAIGHT', 'CAR', '2016-10-19 05:39:33', 201, 0, '0000-00-00 00:00:00', 0),
(2273, 5, 0, 16302.8, 1, 'PED', 'CAR', '2016-10-19 05:39:34', 201, 0, '0000-00-00 00:00:00', 0),
(2274, 5, 0, 16311, 1, 'PED', 'CAR', '2016-10-19 05:39:35', 201, 0, '0000-00-00 00:00:00', 0),
(2275, 5, 0, 16314, 1, 'STRAIGHT', 'CAR', '2016-10-19 05:39:35', 201, 0, '0000-00-00 00:00:00', 0),
(2276, 5, 0, 16317, 1, 'RTURN', 'CAR', '2016-10-19 05:39:35', 201, 0, '0000-00-00 00:00:00', 0),
(2277, 5, 0, 16318.5, 1, 'RTURN', 'CAR', '2016-10-19 05:39:36', 201, 0, '0000-00-00 00:00:00', 0),
(2278, 5, 0, 16320.8, 1, 'RTURN', 'CAR', '2016-10-19 05:39:36', 201, 0, '0000-00-00 00:00:00', 0),
(2279, 5, 0, 16322.3, 1, 'STRAIGHT', 'CAR', '2016-10-19 05:39:36', 201, 0, '0000-00-00 00:00:00', 0),
(2280, 5, 0, 16323.8, 1, 'STRAIGHT', 'CAR', '2016-10-19 05:39:36', 201, 0, '0000-00-00 00:00:00', 0),
(2281, 5, 0, 16325.3, 1, 'STRAIGHT', 'CAR', '2016-10-19 05:39:37', 201, 0, '0000-00-00 00:00:00', 0),
(2282, 5, 0, 16329.8, 1, 'PED', 'CAR', '2016-10-19 05:39:37', 201, 0, '0000-00-00 00:00:00', 0),
(2283, 5, 0, 16332, 1, 'STRAIGHT', 'CAR', '2016-10-19 05:39:38', 201, 0, '0000-00-00 00:00:00', 0),
(2284, 5, 0, 16337.3, 1, 'STRAIGHT', 'CAR', '2016-10-19 05:39:38', 201, 0, '0000-00-00 00:00:00', 0),
(2285, 5, 0, 16338.8, 1, 'STRAIGHT', 'CAR', '2016-10-19 05:39:38', 201, 0, '0000-00-00 00:00:00', 0),
(2286, 5, 0, 16341.8, 1, 'STRAIGHT', 'CAR', '2016-10-19 05:39:39', 201, 0, '0000-00-00 00:00:00', 0),
(2287, 5, 0, 16340.3, 1, 'STRAIGHT', 'CAR', '2016-10-19 05:39:39', 201, 0, '0000-00-00 00:00:00', 0),
(2288, 5, 0, 16342.5, 1, 'STRAIGHT', 'CAR', '2016-10-19 05:39:39', 201, 0, '0000-00-00 00:00:00', 0),
(2289, 5, 0, 16345.5, 1, 'STRAIGHT', 'CAR', '2016-10-19 05:39:39', 201, 0, '0000-00-00 00:00:00', 0),
(2290, 5, 0, 16344, 1, 'STRAIGHT', 'CAR', '2016-10-19 05:39:39', 201, 0, '0000-00-00 00:00:00', 0),
(2291, 5, 0, 16347.8, 1, 'LTURN', 'CAR', '2016-10-19 05:39:40', 201, 0, '0000-00-00 00:00:00', 0),
(2292, 5, 0, 16350, 1, 'UTURN', 'CAR', '2016-10-19 05:39:40', 201, 0, '0000-00-00 00:00:00', 0),
(2293, 5, 0, 16355.3, 1, 'STRAIGHT', 'CAR', '2016-10-19 05:39:41', 201, 0, '0000-00-00 00:00:00', 0),
(2294, 5, 0, 16359, 1, 'RTURN', 'CAR', '2016-10-19 05:39:41', 201, 0, '0000-00-00 00:00:00', 0),
(2295, 5, 0, 16362, 1, 'STRAIGHT', 'CAR', '2016-10-19 05:39:41', 201, 0, '0000-00-00 00:00:00', 0),
(2296, 5, 0, 16364.3, 1, 'PED', 'CAR', '2016-10-19 05:39:42', 201, 0, '0000-00-00 00:00:00', 0),
(2297, 5, 0, 16372.5, 1, 'RTURN', 'CAR', '2016-10-19 05:39:43', 201, 0, '0000-00-00 00:00:00', 0),
(2298, 5, 0, 16367.3, 1, 'STRAIGHT', 'CAR', '2016-10-19 05:39:43', 201, 0, '0000-00-00 00:00:00', 0),
(2299, 5, 0, 16374, 1, 'STRAIGHT', 'CAR', '2016-10-19 05:39:43', 201, 0, '0000-00-00 00:00:00', 0),
(2300, 5, 0, 16375.5, 1, 'STRAIGHT', 'CAR', '2016-10-19 05:39:43', 201, 0, '0000-00-00 00:00:00', 0),
(2301, 5, 0, 16377, 1, 'STRAIGHT', 'CAR', '2016-10-19 05:39:44', 201, 0, '0000-00-00 00:00:00', 0),
(2302, 5, 0, 16378.5, 1, 'STRAIGHT', 'CAR', '2016-10-19 05:39:44', 201, 0, '0000-00-00 00:00:00', 0),
(2303, 5, 0, 16380, 1, 'STRAIGHT', 'CAR', '2016-10-19 05:39:44', 201, 0, '0000-00-00 00:00:00', 0),
(2304, 5, 0, 16380.8, 1, 'STRAIGHT', 'CAR', '2016-10-19 05:39:44', 201, 0, '0000-00-00 00:00:00', 0),
(2305, 5, 0, 16383.1, 1, 'STRAIGHT', 'CAR', '2016-10-19 05:39:44', 201, 0, '0000-00-00 00:00:00', 0),
(2306, 5, 0, 16388.3, 1, 'STRAIGHT', 'CAR', '2016-10-19 05:39:45', 201, 0, '0000-00-00 00:00:00', 0),
(2307, 5, 0, 16393.5, 1, 'PED', 'CAR', '2016-10-19 05:39:46', 201, 0, '0000-00-00 00:00:00', 0),
(2308, 5, 0, 16395.8, 1, 'PED', 'CAR', '2016-10-19 05:39:46', 201, 0, '0000-00-00 00:00:00', 0),
(2309, 5, 0, 16397.3, 1, 'STRAIGHT', 'CAR', '2016-10-19 05:39:46', 201, 0, '0000-00-00 00:00:00', 0),
(2310, 5, 0, 16399.5, 1, 'RTURN', 'CAR', '2016-10-19 05:39:47', 201, 0, '0000-00-00 00:00:00', 0),
(2311, 5, 0, 16429.5, 1, 'PED', 'BICYCLE', '2016-10-19 05:39:50', 201, 0, '0000-00-00 00:00:00', 0),
(2312, 5, 0, 16430.3, 1, 'STRAIGHT', 'CAR', '2016-10-19 05:39:51', 201, 0, '0000-00-00 00:00:00', 0),
(2313, 5, 0, 16432.5, 1, 'STRAIGHT', 'CAR', '2016-10-19 05:39:51', 201, 0, '0000-00-00 00:00:00', 0),
(2314, 5, 0, 16433.3, 1, 'STRAIGHT', 'BICYCLE', '2016-10-19 05:39:51', 201, 0, '0000-00-00 00:00:00', 0),
(2315, 5, 0, 16431, 1, 'PED', 'CAR', '2016-10-19 05:39:51', 201, 0, '0000-00-00 00:00:00', 0),
(2316, 5, 0, 16431.8, 1, 'STRAIGHT', 'CAR', '2016-10-19 05:39:51', 201, 0, '0000-00-00 00:00:00', 0),
(2317, 5, 0, 16434.8, 1, 'STRAIGHT', 'BICYCLE', '2016-10-19 05:39:51', 201, 0, '0000-00-00 00:00:00', 0),
(2318, 5, 0, 16435.5, 1, 'STRAIGHT', 'CAR', '2016-10-19 05:39:51', 201, 0, '0000-00-00 00:00:00', 0),
(2319, 5, 0, 16437, 1, 'STRAIGHT', 'BICYCLE', '2016-10-19 05:39:52', 201, 0, '0000-00-00 00:00:00', 0),
(2320, 5, 0, 16438.5, 1, 'RTURN', 'CAR', '2016-10-19 05:39:52', 201, 0, '0000-00-00 00:00:00', 0),
(2321, 5, 0, 16439.3, 1, 'PED', 'CAR', '2016-10-19 05:39:52', 201, 0, '0000-00-00 00:00:00', 0),
(2322, 5, 0, 16439.3, 1, 'STRAIGHT', 'CAR', '2016-10-19 05:39:52', 201, 0, '0000-00-00 00:00:00', 0),
(2323, 5, 0, 16475.3, 1, 'PED', 'CAR', '2016-10-19 05:39:57', 201, 0, '0000-00-00 00:00:00', 0),
(2324, 5, 0, 16477.5, 1, 'STRAIGHT', 'BICYCLE', '2016-10-19 05:39:57', 201, 0, '0000-00-00 00:00:00', 0),
(2325, 5, 0, 16477.5, 1, 'RTURN', 'BICYCLE', '2016-10-19 05:39:57', 201, 0, '0000-00-00 00:00:00', 0),
(2326, 5, 0, 16480.5, 1, 'PED', 'CAR', '2016-10-19 05:39:58', 201, 0, '0000-00-00 00:00:00', 0),
(2327, 5, 0, 16483.5, 1, 'PED', 'BICYCLE', '2016-10-19 05:39:58', 201, 0, '0000-00-00 00:00:00', 0),
(2328, 5, 0, 16485, 1, 'PED', 'CAR', '2016-10-19 05:39:58', 201, 0, '0000-00-00 00:00:00', 0),
(2329, 5, 0, 16485, 1, 'RTURN', 'CAR', '2016-10-19 05:39:58', 201, 0, '0000-00-00 00:00:00', 0),
(2330, 5, 0, 16485.8, 1, 'RTURN', 'CAR', '2016-10-19 05:39:58', 201, 0, '0000-00-00 00:00:00', 0),
(2331, 5, 0, 16485.8, 1, 'STRAIGHT', 'CAR', '2016-10-19 05:39:58', 201, 0, '0000-00-00 00:00:00', 0),
(2332, 5, 0, 16485, 1, 'STRAIGHT', 'CAR', '2016-10-19 05:39:58', 201, 0, '0000-00-00 00:00:00', 0),
(2333, 5, 0, 16488, 1, 'PED', 'CAR', '2016-10-19 05:39:58', 201, 0, '0000-00-00 00:00:00', 0),
(2334, 5, 0, 16489.5, 1, 'PED', 'CAR', '2016-10-19 05:39:58', 201, 0, '0000-00-00 00:00:00', 0),
(2335, 5, 0, 16489.5, 1, 'STRAIGHT', 'CAR', '2016-10-19 05:39:59', 201, 0, '0000-00-00 00:00:00', 0),
(2336, 5, 0, 16489.5, 1, 'RTURN', 'CAR', '2016-10-19 05:39:59', 201, 0, '0000-00-00 00:00:00', 0),
(2337, 5, 0, 16491, 1, 'STRAIGHT', 'CAR', '2016-10-19 05:39:59', 201, 0, '0000-00-00 00:00:00', 0),
(2338, 5, 0, 16661.3, 1, 'PED', 'CAR', '2016-10-19 05:40:22', 201, 0, '0000-00-00 00:00:00', 0),
(2339, 5, 0, 16662.8, 1, 'STRAIGHT', 'CAR', '2016-10-19 05:40:22', 201, 0, '0000-00-00 00:00:00', 0),
(2340, 5, 0, 16664.3, 1, 'STRAIGHT', 'CAR', '2016-10-19 05:40:22', 201, 0, '0000-00-00 00:00:00', 0),
(2341, 5, 0, 16666.5, 1, 'STRAIGHT', 'CAR', '2016-10-19 05:40:22', 201, 0, '0000-00-00 00:00:00', 0),
(2342, 5, 0, 16665.8, 1, 'STRAIGHT', 'CAR', '2016-10-19 05:40:22', 201, 0, '0000-00-00 00:00:00', 0),
(2343, 5, 0, 16668.8, 1, 'PED', 'BICYCLE', '2016-10-19 05:40:22', 201, 0, '0000-00-00 00:00:00', 0),
(2344, 5, 0, 16670.3, 1, 'RTURN', 'CAR', '2016-10-19 05:40:23', 201, 0, '0000-00-00 00:00:00', 0),
(2345, 5, 0, 16672.5, 1, 'STRAIGHT', 'CAR', '2016-10-19 05:40:23', 201, 0, '0000-00-00 00:00:00', 0),
(2346, 5, 0, 16674.8, 1, 'STRAIGHT', 'CAR', '2016-10-19 05:40:23', 201, 0, '0000-00-00 00:00:00', 0),
(2347, 5, 0, 16675.5, 1, 'STRAIGHT', 'CAR', '2016-10-19 05:40:23', 201, 0, '0000-00-00 00:00:00', 0),
(2348, 5, 0, 16675.5, 1, 'UTURN', 'CAR', '2016-10-19 05:40:23', 201, 0, '0000-00-00 00:00:00', 0),
(2349, 5, 0, 16675.5, 1, 'STRAIGHT', 'CAR', '2016-10-19 05:40:23', 201, 0, '0000-00-00 00:00:00', 0),
(2350, 5, 0, 16675.5, 1, 'UTURN', 'CAR', '2016-10-19 05:40:24', 201, 0, '0000-00-00 00:00:00', 0),
(2351, 5, 0, 16678.5, 1, 'RTURN', 'CAR', '2016-10-19 05:40:24', 201, 0, '0000-00-00 00:00:00', 0),
(2352, 5, 0, 16680, 1, 'RTURN', 'BICYCLE', '2016-10-19 05:40:24', 201, 0, '0000-00-00 00:00:00', 0),
(2353, 5, 0, 16682.3, 1, 'STRAIGHT', 'CAR', '2016-10-19 05:40:24', 201, 0, '0000-00-00 00:00:00', 0),
(2354, 5, 0, 16795.5, 1, 'PED', 'CAR', '2016-10-19 05:40:40', 201, 0, '0000-00-00 00:00:00', 0),
(2355, 5, 0, 16797, 1, 'PED', 'CAR', '2016-10-19 05:40:40', 201, 0, '0000-00-00 00:00:00', 0),
(2356, 5, 0, 16800, 1, 'RTURN', 'CAR', '2016-10-19 05:40:40', 201, 0, '0000-00-00 00:00:00', 0),
(2357, 5, 0, 16803.8, 1, 'LTURN', 'CAR', '2016-10-19 05:40:40', 201, 0, '0000-00-00 00:00:00', 0),
(2358, 5, 0, 16805.3, 1, 'LTURN', 'CAR', '2016-10-19 05:40:41', 201, 0, '0000-00-00 00:00:00', 0),
(2359, 5, 0, 16818.1, 1, 'STRAIGHT', 'CAR', '2016-10-19 05:40:42', 201, 0, '0000-00-00 00:00:00', 0),
(2360, 5, 0, 16818.8, 1, 'PED', 'CAR', '2016-10-19 05:40:42', 201, 0, '0000-00-00 00:00:00', 0),
(2361, 5, 0, 16819.5, 1, 'STRAIGHT', 'CAR', '2016-10-19 05:40:42', 201, 0, '0000-00-00 00:00:00', 0),
(2362, 5, 0, 16821, 1, 'STRAIGHT', 'CAR', '2016-10-19 05:40:43', 201, 0, '0000-00-00 00:00:00', 0),
(2363, 5, 0, 16822.5, 1, 'STRAIGHT', 'CAR', '2016-10-19 05:40:43', 201, 0, '0000-00-00 00:00:00', 0),
(2364, 5, 0, 16823.3, 1, 'PED', 'CAR', '2016-10-19 05:40:43', 201, 0, '0000-00-00 00:00:00', 0),
(2365, 5, 0, 16831.5, 1, 'STRAIGHT', 'CAR', '2016-10-19 05:40:44', 201, 0, '0000-00-00 00:00:00', 0),
(2366, 5, 0, 16839.8, 1, 'STRAIGHT', 'BICYCLE', '2016-10-19 05:40:45', 201, 0, '0000-00-00 00:00:00', 0),
(2367, 5, 0, 16841.3, 1, 'STRAIGHT', 'CAR', '2016-10-19 05:40:45', 201, 0, '0000-00-00 00:00:00', 0),
(2368, 5, 0, 16844.3, 1, 'PED', 'CAR', '2016-10-19 05:40:46', 201, 0, '0000-00-00 00:00:00', 0),
(2369, 5, 0, 16938, 1, 'PED', 'CAR', '2016-10-19 05:40:59', 201, 0, '0000-00-00 00:00:00', 0),
(2370, 5, 0, 16938.8, 1, 'STRAIGHT', 'CAR', '2016-10-19 05:41:00', 201, 0, '0000-00-00 00:00:00', 0),
(2371, 5, 0, 16991.3, 1, 'STRAIGHT', 'CAR', '2016-10-19 05:41:06', 201, 0, '0000-00-00 00:00:00', 0),
(2372, 5, 0, 16992.8, 1, 'PED', 'CAR', '2016-10-19 05:41:06', 201, 0, '0000-00-00 00:00:00', 0),
(2373, 5, 0, 16994.3, 1, 'PED', 'CAR', '2016-10-19 05:41:06', 201, 0, '0000-00-00 00:00:00', 0),
(2374, 5, 0, 16996.5, 1, 'RTURN', 'CAR', '2016-10-19 05:41:06', 201, 0, '0000-00-00 00:00:00', 0),
(2375, 5, 0, 16995, 1, 'STRAIGHT', 'CAR', '2016-10-19 05:41:06', 201, 0, '0000-00-00 00:00:00', 0),
(2376, 5, 0, 16996.5, 1, 'RTURN', 'BICYCLE', '2016-10-19 05:41:06', 201, 0, '0000-00-00 00:00:00', 0),
(2377, 5, 0, 16997.3, 1, 'PED', 'CAR', '2016-10-19 05:41:06', 201, 0, '0000-00-00 00:00:00', 0),
(2378, 5, 0, 16998.8, 1, 'PED', 'CAR', '2016-10-19 05:41:06', 201, 0, '0000-00-00 00:00:00', 0),
(2379, 5, 0, 16999.5, 1, 'STRAIGHT', 'CAR', '2016-10-19 05:41:07', 201, 0, '0000-00-00 00:00:00', 0),
(2380, 5, 0, 17000.3, 1, 'PED', 'CAR', '2016-10-19 05:41:07', 201, 0, '0000-00-00 00:00:00', 0),
(2381, 5, 0, 17001, 1, 'STRAIGHT', 'CAR', '2016-10-19 05:41:07', 201, 0, '0000-00-00 00:00:00', 0),
(2382, 5, 0, 17001.8, 1, 'PED', 'CAR', '2016-10-19 05:41:07', 201, 0, '0000-00-00 00:00:00', 0),
(2383, 5, 0, 17003.3, 1, 'PED', 'CAR', '2016-10-19 05:41:07', 201, 0, '0000-00-00 00:00:00', 0),
(2384, 5, 0, 17004.8, 1, 'PED', 'CAR', '2016-10-19 05:41:07', 201, 0, '0000-00-00 00:00:00', 0),
(2385, 5, 0, 17006.3, 1, 'STRAIGHT', 'CAR', '2016-10-19 05:41:07', 201, 0, '0000-00-00 00:00:00', 0),
(2386, 5, 0, 17009.3, 1, 'PED', 'CAR', '2016-10-19 05:41:08', 201, 0, '0000-00-00 00:00:00', 0),
(2387, 5, 0, 17010, 1, 'PED', 'CAR', '2016-10-19 05:41:08', 201, 0, '0000-00-00 00:00:00', 0),
(2388, 5, 0, 17013, 1, 'PED', 'CAR', '2016-10-19 05:41:08', 201, 0, '0000-00-00 00:00:00', 0),
(2389, 5, 0, 17015.3, 1, 'PED', 'CAR', '2016-10-19 05:41:09', 201, 0, '0000-00-00 00:00:00', 0),
(2390, 5, 0, 17011.5, 1, 'PED', 'CAR', '2016-10-19 05:41:09', 201, 0, '0000-00-00 00:00:00', 0),
(2391, 5, 0, 17016.8, 1, 'PED', 'CAR', '2016-10-19 05:41:09', 201, 0, '0000-00-00 00:00:00', 0),
(2392, 5, 0, 17016.8, 1, 'STRAIGHT', 'CAR', '2016-10-19 05:41:09', 201, 0, '0000-00-00 00:00:00', 0),
(2393, 5, 0, 17101.5, 1, 'STRAIGHT', 'CAR', '2016-10-19 05:41:20', 201, 0, '0000-00-00 00:00:00', 0),
(2394, 5, 0, 17103, 1, 'RTURN', 'CAR', '2016-10-19 05:41:21', 201, 0, '0000-00-00 00:00:00', 0),
(2395, 5, 0, 17103.8, 1, 'STRAIGHT', 'CAR', '2016-10-19 05:41:21', 201, 0, '0000-00-00 00:00:00', 0),
(2396, 5, 0, 17106, 1, 'STRAIGHT', 'CAR', '2016-10-19 05:41:21', 201, 0, '0000-00-00 00:00:00', 0),
(2397, 5, 0, 17104.5, 1, 'RTURN', 'CAR', '2016-10-19 05:41:21', 201, 0, '0000-00-00 00:00:00', 0),
(2398, 5, 0, 17106.8, 1, 'STRAIGHT', 'CAR', '2016-10-19 05:41:21', 201, 0, '0000-00-00 00:00:00', 0),
(2399, 5, 0, 17107.5, 1, 'PED', 'CAR', '2016-10-19 05:41:21', 201, 0, '0000-00-00 00:00:00', 0),
(2400, 5, 0, 17109, 1, 'PED', 'CAR', '2016-10-19 05:41:21', 201, 0, '0000-00-00 00:00:00', 0),
(2401, 5, 0, 17110.5, 1, 'PED', 'CAR', '2016-10-19 05:41:21', 201, 0, '0000-00-00 00:00:00', 0),
(2402, 5, 0, 17111.3, 1, 'STRAIGHT', 'CAR', '2016-10-19 05:41:21', 201, 0, '0000-00-00 00:00:00', 0),
(2403, 5, 0, 17112, 1, 'PED', 'CAR', '2016-10-19 05:41:21', 201, 0, '0000-00-00 00:00:00', 0),
(2404, 5, 0, 17112.8, 1, 'STRAIGHT', 'CAR', '2016-10-19 05:41:22', 201, 0, '0000-00-00 00:00:00', 0),
(2405, 5, 0, 17115, 1, 'PED', 'CAR', '2016-10-19 05:41:22', 201, 0, '0000-00-00 00:00:00', 0),
(2406, 5, 0, 17117.3, 1, 'PED', 'CAR', '2016-10-19 05:41:22', 201, 0, '0000-00-00 00:00:00', 0),
(2407, 5, 0, 17121, 1, 'PED', 'CAR', '2016-10-19 05:41:23', 201, 0, '0000-00-00 00:00:00', 0),
(2408, 5, 0, 17145.4, 1, 'STRAIGHT', 'CAR', '2016-10-19 05:41:34', 201, 0, '0000-00-00 00:00:00', 0),
(2409, 5, 0, 17145.4, 1, 'STRAIGHT', 'CAR', '2016-10-19 05:42:30', 201, 0, '0000-00-00 00:00:00', 0),
(2410, 5, 0, 17145.4, 1, 'STRAIGHT', 'CAR', '2016-10-19 05:42:30', 201, 0, '0000-00-00 00:00:00', 0),
(2411, 5, 0, 17145.4, 1, 'RTURN', 'CAR', '2016-10-19 05:42:30', 201, 0, '0000-00-00 00:00:00', 0),
(2412, 5, 0, 17145.4, 1, 'STRAIGHT', 'CAR', '2016-10-19 05:42:30', 201, 0, '0000-00-00 00:00:00', 0),
(2413, 5, 0, 17145.4, 1, 'PED', 'CAR', '2016-10-19 05:42:31', 201, 0, '0000-00-00 00:00:00', 0),
(2414, 5, 0, 17151.8, 1, 'STRAIGHT', 'CAR', '2016-10-19 05:43:00', 201, 0, '0000-00-00 00:00:00', 0),
(2415, 5, 0, 17154, 1, 'STRAIGHT', 'CAR', '2016-10-19 05:43:00', 201, 0, '0000-00-00 00:00:00', 0),
(2416, 5, 0, 17156.3, 1, 'PED', 'CAR', '2016-10-19 05:43:00', 201, 0, '0000-00-00 00:00:00', 0),
(2417, 5, 0, 17155.5, 1, 'STRAIGHT', 'CAR', '2016-10-19 05:43:00', 201, 0, '0000-00-00 00:00:00', 0),
(2418, 5, 0, 17158.5, 1, 'PED', 'CAR', '2016-10-19 05:43:00', 201, 0, '0000-00-00 00:00:00', 0),
(2419, 5, 0, 17158.5, 1, 'PED', 'CAR', '2016-10-19 05:43:01', 201, 0, '0000-00-00 00:00:00', 0),
(2420, 5, 0, 17160, 1, 'PED', 'CAR', '2016-10-19 05:43:01', 201, 0, '0000-00-00 00:00:00', 0),
(2421, 5, 0, 17160.8, 1, 'RTURN', 'CAR', '2016-10-19 05:43:01', 201, 0, '0000-00-00 00:00:00', 0),
(2422, 5, 0, 17160.8, 1, 'RTURN', 'CAR', '2016-10-19 05:43:01', 201, 0, '0000-00-00 00:00:00', 0),
(2423, 5, 0, 17161.5, 1, 'PED', 'CAR', '2016-10-19 05:43:01', 201, 0, '0000-00-00 00:00:00', 0),
(2424, 5, 0, 17153.3, 1, 'RTURN', 'CAR', '2016-10-19 05:43:01', 201, 0, '0000-00-00 00:00:00', 0),
(2425, 5, 0, 17163, 1, 'PED', 'CAR', '2016-10-19 05:43:01', 201, 0, '0000-00-00 00:00:00', 0),
(2426, 5, 0, 17163.8, 1, 'STRAIGHT', 'CAR', '2016-10-19 05:43:01', 201, 0, '0000-00-00 00:00:00', 0),
(2427, 5, 0, 17164.5, 1, 'STRAIGHT', 'CAR', '2016-10-19 05:43:01', 201, 0, '0000-00-00 00:00:00', 0),
(2428, 5, 0, 17166.8, 1, 'STRAIGHT', 'CAR', '2016-10-19 05:43:02', 201, 0, '0000-00-00 00:00:00', 0),
(2429, 5, 0, 17167.5, 1, 'PED', 'CAR', '2016-10-19 05:43:02', 201, 0, '0000-00-00 00:00:00', 0),
(2430, 5, 0, 17169, 1, 'PED', 'CAR', '2016-10-19 05:43:02', 201, 0, '0000-00-00 00:00:00', 0),
(2431, 5, 0, 17169, 1, 'PED', 'CAR', '2016-10-19 05:43:02', 201, 0, '0000-00-00 00:00:00', 0),
(2432, 5, 0, 17169.8, 1, 'STRAIGHT', 'CAR', '2016-10-19 05:43:02', 201, 0, '0000-00-00 00:00:00', 0),
(2433, 5, 0, 17170.5, 1, 'PED', 'CAR', '2016-10-19 05:43:02', 201, 0, '0000-00-00 00:00:00', 0),
(2434, 5, 0, 17171.3, 1, 'STRAIGHT', 'CAR', '2016-10-19 05:43:02', 201, 0, '0000-00-00 00:00:00', 0),
(2435, 5, 0, 17172, 1, 'STRAIGHT', 'CAR', '2016-10-19 05:43:02', 201, 0, '0000-00-00 00:00:00', 0),
(2436, 5, 0, 17187.8, 1, 'PED', 'CAR', '2016-10-19 05:43:18', 201, 0, '0000-00-00 00:00:00', 0),
(2437, 5, 0, 17189.3, 1, 'PED', 'CAR', '2016-10-19 05:43:18', 201, 0, '0000-00-00 00:00:00', 0),
(2438, 5, 0, 17190, 1, 'STRAIGHT', 'BICYCLE', '2016-10-19 05:43:18', 201, 0, '0000-00-00 00:00:00', 0),
(2439, 5, 0, 17193, 1, 'STRAIGHT', 'CAR', '2016-10-19 05:43:18', 201, 0, '0000-00-00 00:00:00', 0),
(2440, 5, 0, 17196, 1, 'RTURN', 'CAR', '2016-10-19 05:43:19', 201, 0, '0000-00-00 00:00:00', 0),
(2441, 5, 0, 17199, 1, 'STRAIGHT', 'CAR', '2016-10-19 05:43:19', 201, 0, '0000-00-00 00:00:00', 0),
(2442, 5, 0, 17199.8, 1, 'STRAIGHT', 'CAR', '2016-10-19 05:43:19', 201, 0, '0000-00-00 00:00:00', 0),
(2443, 5, 0, 17206.5, 1, 'LTURN', 'CAR', '2016-10-19 05:43:20', 201, 0, '0000-00-00 00:00:00', 0),
(2444, 5, 0, 17210.3, 1, 'STRAIGHT', 'CAR', '2016-10-19 05:43:21', 201, 0, '0000-00-00 00:00:00', 0),
(2445, 5, 0, 17214, 1, 'RTURN', 'CAR', '2016-10-19 05:43:21', 201, 0, '0000-00-00 00:00:00', 0),
(2446, 5, 0, 17208, 1, 'UTURN', 'CAR', '2016-10-19 05:43:21', 201, 0, '0000-00-00 00:00:00', 0),
(2447, 5, 0, 17215.5, 1, 'PED', 'CAR', '2016-10-19 05:43:21', 201, 0, '0000-00-00 00:00:00', 0),
(2448, 5, 0, 17270.3, 1, 'STRAIGHT', 'CAR', '2016-10-19 05:43:29', 201, 0, '0000-00-00 00:00:00', 0),
(2449, 5, 0, 17271, 1, 'PED', 'CAR', '2016-10-19 05:43:29', 201, 0, '0000-00-00 00:00:00', 0),
(2450, 5, 0, 17272.5, 1, 'PED', 'CAR', '2016-10-19 05:43:30', 201, 0, '0000-00-00 00:00:00', 0),
(2451, 5, 0, 17276.3, 1, 'RTURN', 'CAR', '2016-10-19 05:43:30', 201, 0, '0000-00-00 00:00:00', 0),
(2452, 5, 0, 17277, 1, 'PED', 'CAR', '2016-10-19 05:43:30', 201, 0, '0000-00-00 00:00:00', 0),
(2453, 5, 0, 17277.8, 1, 'STRAIGHT', 'CAR', '2016-10-19 05:43:30', 201, 0, '0000-00-00 00:00:00', 0),
(2454, 5, 0, 17279.3, 1, 'STRAIGHT', 'CAR', '2016-10-19 05:43:30', 201, 0, '0000-00-00 00:00:00', 0),
(2455, 5, 0, 17278.5, 1, 'PED', 'CAR', '2016-10-19 05:43:31', 201, 0, '0000-00-00 00:00:00', 0),
(2456, 5, 0, 17283, 1, 'LTURN', 'CAR', '2016-10-19 05:43:31', 201, 0, '0000-00-00 00:00:00', 0),
(2457, 5, 0, 17283.8, 1, 'UTURN', 'CAR', '2016-10-19 05:43:31', 201, 0, '0000-00-00 00:00:00', 0),
(2458, 5, 0, 17287.5, 1, 'PED', 'CAR', '2016-10-19 05:43:31', 201, 0, '0000-00-00 00:00:00', 0),
(2459, 5, 0, 17289, 1, 'PED', 'CAR', '2016-10-19 05:43:32', 201, 0, '0000-00-00 00:00:00', 0),
(2460, 5, 0, 17289.8, 1, 'STRAIGHT', 'CAR', '2016-10-19 05:43:32', 201, 0, '0000-00-00 00:00:00', 0),
(2461, 5, 0, 17290.5, 1, 'PED', 'CAR', '2016-10-19 05:43:32', 201, 0, '0000-00-00 00:00:00', 0),
(2462, 5, 0, 17290.5, 1, 'PED', 'CAR', '2016-10-19 05:43:32', 201, 0, '0000-00-00 00:00:00', 0),
(2463, 5, 0, 17291.3, 1, 'STRAIGHT', 'CAR', '2016-10-19 05:43:32', 201, 0, '0000-00-00 00:00:00', 0),
(2464, 5, 0, 17292.8, 1, 'STRAIGHT', 'CAR', '2016-10-19 05:43:32', 201, 0, '0000-00-00 00:00:00', 0),
(2465, 5, 0, 17294.3, 1, 'STRAIGHT', 'CAR', '2016-10-19 05:43:32', 201, 0, '0000-00-00 00:00:00', 0),
(2466, 5, 0, 17310, 1, 'STRAIGHT', 'CAR', '2016-10-19 05:43:34', 201, 0, '0000-00-00 00:00:00', 0),
(2467, 5, 0, 17310.8, 1, 'PED', 'CAR', '2016-10-19 05:43:34', 201, 0, '0000-00-00 00:00:00', 0),
(2468, 5, 0, 17314.5, 1, 'STRAIGHT', 'CAR', '2016-10-19 05:43:35', 201, 0, '0000-00-00 00:00:00', 0),
(2469, 5, 0, 17371.5, 1, 'STRAIGHT', 'CAR', '2016-10-19 05:43:43', 201, 0, '0000-00-00 00:00:00', 0),
(2470, 5, 0, 17373.8, 1, 'STRAIGHT', 'CAR', '2016-10-19 05:43:43', 201, 0, '0000-00-00 00:00:00', 0),
(2471, 5, 0, 17374.5, 1, 'STRAIGHT', 'CAR', '2016-10-19 05:43:43', 201, 0, '0000-00-00 00:00:00', 0),
(2472, 5, 0, 17376, 1, 'STRAIGHT', 'CAR', '2016-10-19 05:43:43', 201, 0, '0000-00-00 00:00:00', 0),
(2473, 5, 0, 17375.3, 1, 'PED', 'CAR', '2016-10-19 05:43:43', 201, 0, '0000-00-00 00:00:00', 0),
(2474, 5, 0, 17376, 1, 'STRAIGHT', 'CAR', '2016-10-19 05:43:44', 201, 0, '0000-00-00 00:00:00', 0),
(2475, 5, 0, 17376, 1, 'STRAIGHT', 'CAR', '2016-10-19 05:43:44', 201, 0, '0000-00-00 00:00:00', 0),
(2476, 5, 0, 17377.5, 1, 'STRAIGHT', 'CAR', '2016-10-19 05:43:44', 201, 0, '0000-00-00 00:00:00', 0),
(2477, 5, 0, 17378.3, 1, 'PED', 'CAR', '2016-10-19 05:43:44', 201, 0, '0000-00-00 00:00:00', 0),
(2478, 5, 0, 17380.5, 1, 'UTURN', 'CAR', '2016-10-19 05:43:44', 201, 0, '0000-00-00 00:00:00', 0),
(2479, 5, 0, 17384.3, 1, 'LTURN', 'CAR', '2016-10-19 05:43:44', 201, 0, '0000-00-00 00:00:00', 0),
(2480, 5, 0, 17385.8, 1, 'STRAIGHT', 'CAR', '2016-10-19 05:43:44', 201, 0, '0000-00-00 00:00:00', 0),
(2481, 5, 0, 17388, 1, 'RTURN', 'CAR', '2016-10-19 05:43:45', 201, 0, '0000-00-00 00:00:00', 0),
(2482, 5, 0, 17391, 1, 'STRAIGHT', 'CAR', '2016-10-19 05:43:45', 201, 0, '0000-00-00 00:00:00', 0),
(2483, 5, 0, 17391.8, 1, 'LTURN', 'CAR', '2016-10-19 05:43:45', 201, 0, '0000-00-00 00:00:00', 0),
(2484, 5, 0, 17391.8, 1, 'LTURN', 'CAR', '2016-10-19 05:43:45', 201, 0, '0000-00-00 00:00:00', 0),
(2485, 5, 0, 17393.3, 1, 'UTURN', 'BICYCLE', '2016-10-19 05:43:45', 201, 0, '0000-00-00 00:00:00', 0),
(2486, 5, 0, 17393.3, 1, 'UTURN', 'CAR', '2016-10-19 05:43:46', 201, 0, '0000-00-00 00:00:00', 0),
(2487, 5, 0, 17395.5, 1, 'PED', 'CAR', '2016-10-19 05:43:46', 201, 0, '0000-00-00 00:00:00', 0),
(2488, 5, 0, 17397, 1, 'RTURN', 'BICYCLE', '2016-10-19 05:43:46', 201, 0, '0000-00-00 00:00:00', 0),
(2489, 5, 0, 17398.5, 1, 'STRAIGHT', 'CAR', '2016-10-19 05:43:46', 201, 0, '0000-00-00 00:00:00', 0),
(2490, 5, 0, 17398.5, 1, 'STRAIGHT', 'CAR', '2016-10-19 05:43:46', 201, 0, '0000-00-00 00:00:00', 0),
(2491, 5, 0, 17399.3, 1, 'STRAIGHT', 'CAR', '2016-10-19 05:43:46', 201, 0, '0000-00-00 00:00:00', 0),
(2492, 5, 0, 17575.5, 1, 'PED', 'CAR', '2016-10-19 05:44:10', 201, 0, '0000-00-00 00:00:00', 0),
(2493, 5, 0, 17576.3, 1, 'STRAIGHT', 'CAR', '2016-10-19 05:44:10', 201, 0, '0000-00-00 00:00:00', 0),
(2494, 5, 0, 17577.8, 1, 'STRAIGHT', 'CAR', '2016-10-19 05:44:10', 201, 0, '0000-00-00 00:00:00', 0),
(2495, 5, 0, 17583.8, 1, 'STRAIGHT', 'CAR', '2016-10-19 05:44:11', 201, 0, '0000-00-00 00:00:00', 0),
(2496, 5, 0, 17579.3, 1, 'STRAIGHT', 'CAR', '2016-10-19 05:44:12', 201, 0, '0000-00-00 00:00:00', 0),
(2497, 5, 0, 17591.3, 1, 'UTURN', 'CAR', '2016-10-19 05:44:12', 201, 0, '0000-00-00 00:00:00', 0),
(2498, 5, 0, 17592.8, 1, 'LTURN', 'CAR', '2016-10-19 05:44:12', 201, 0, '0000-00-00 00:00:00', 0),
(2499, 5, 0, 17595, 1, 'PED', 'CAR', '2016-10-19 05:44:12', 201, 0, '0000-00-00 00:00:00', 0),
(2500, 5, 0, 17602.5, 1, 'STRAIGHT', 'CAR', '2016-10-19 05:44:13', 201, 0, '0000-00-00 00:00:00', 0),
(2501, 5, 0, 17604, 1, 'STRAIGHT', 'CAR', '2016-10-19 05:44:14', 201, 0, '0000-00-00 00:00:00', 0),
(2502, 5, 0, 17606.3, 1, 'STRAIGHT', 'CAR', '2016-10-19 05:44:14', 201, 0, '0000-00-00 00:00:00', 0),
(2503, 5, 0, 17607, 1, 'PED', 'CAR', '2016-10-19 05:44:14', 201, 0, '0000-00-00 00:00:00', 0),
(2504, 5, 0, 17608.5, 1, 'PED', 'CAR', '2016-10-19 05:44:14', 201, 0, '0000-00-00 00:00:00', 0),
(2505, 5, 0, 17610, 1, 'PED', 'CAR', '2016-10-19 05:44:14', 201, 0, '0000-00-00 00:00:00', 0),
(2506, 5, 0, 17612.3, 1, 'STRAIGHT', 'CAR', '2016-10-19 05:44:15', 201, 0, '0000-00-00 00:00:00', 0),
(2507, 5, 0, 17645.3, 1, 'STRAIGHT', 'CAR', '2016-10-19 05:44:19', 201, 0, '0000-00-00 00:00:00', 0),
(2508, 5, 0, 17646.8, 1, 'PED', 'CAR', '2016-10-19 05:44:19', 201, 0, '0000-00-00 00:00:00', 0),
(2509, 5, 0, 17650.5, 1, 'STRAIGHT', 'BICYCLE', '2016-10-19 05:44:20', 201, 0, '0000-00-00 00:00:00', 0),
(2510, 5, 0, 17650.5, 1, 'PED', 'CAR', '2016-10-19 05:44:20', 201, 0, '0000-00-00 00:00:00', 0),
(2511, 5, 0, 17652, 1, 'PED', 'CAR', '2016-10-19 05:44:20', 201, 0, '0000-00-00 00:00:00', 0),
(2512, 5, 0, 17655.8, 1, 'PED', 'CAR', '2016-10-19 05:44:21', 201, 0, '0000-00-00 00:00:00', 0),
(2513, 5, 0, 17656.5, 1, 'STRAIGHT', 'CAR', '2016-10-19 05:44:21', 201, 0, '0000-00-00 00:00:00', 0),
(2514, 5, 0, 17657.3, 1, 'PED', 'CAR', '2016-10-19 05:44:21', 201, 0, '0000-00-00 00:00:00', 0),
(2515, 5, 0, 17658.8, 1, 'PED', 'CAR', '2016-10-19 05:44:21', 201, 0, '0000-00-00 00:00:00', 0),
(2516, 5, 0, 17658, 1, 'STRAIGHT', 'CAR', '2016-10-19 05:44:21', 201, 0, '0000-00-00 00:00:00', 0),
(2517, 5, 0, 17660.3, 1, 'LTURN', 'CAR', '2016-10-19 05:44:21', 201, 0, '0000-00-00 00:00:00', 0),
(2518, 5, 0, 17663.3, 1, 'STRAIGHT', 'CAR', '2016-10-19 05:44:22', 201, 0, '0000-00-00 00:00:00', 0),
(2519, 5, 0, 17664.8, 1, 'PED', 'CAR', '2016-10-19 05:44:22', 201, 0, '0000-00-00 00:00:00', 0),
(2520, 5, 0, 17664.8, 1, 'STRAIGHT', 'CAR', '2016-10-19 05:44:22', 201, 0, '0000-00-00 00:00:00', 0),
(2521, 5, 0, 17666.3, 1, 'STRAIGHT', 'CAR', '2016-10-19 05:44:22', 201, 0, '0000-00-00 00:00:00', 0),
(2522, 5, 0, 17666.3, 1, 'PED', 'CAR', '2016-10-19 05:44:22', 201, 0, '0000-00-00 00:00:00', 0),
(2523, 5, 0, 17667.8, 1, 'STRAIGHT', 'CAR', '2016-10-19 05:44:22', 201, 0, '0000-00-00 00:00:00', 0),
(2524, 5, 0, 17670.8, 1, 'STRAIGHT', 'CAR', '2016-10-19 05:44:23', 201, 0, '0000-00-00 00:00:00', 0),
(2525, 5, 0, 17670.8, 1, 'PED', 'CAR', '2016-10-19 05:44:23', 201, 0, '0000-00-00 00:00:00', 0),
(2526, 5, 0, 17671.5, 1, 'STRAIGHT', 'CAR', '2016-10-19 05:44:23', 201, 0, '0000-00-00 00:00:00', 0),
(2527, 5, 0, 17672.3, 1, 'STRAIGHT', 'CAR', '2016-10-19 05:44:23', 201, 0, '0000-00-00 00:00:00', 0),
(2528, 5, 0, 17673, 1, 'PED', 'CAR', '2016-10-19 05:44:23', 201, 0, '0000-00-00 00:00:00', 0),
(2529, 5, 0, 17673.8, 1, 'PED', 'CAR', '2016-10-19 05:44:23', 201, 0, '0000-00-00 00:00:00', 0),
(2530, 5, 0, 17674.5, 1, 'STRAIGHT', 'CAR', '2016-10-19 05:44:23', 201, 0, '0000-00-00 00:00:00', 0),
(2531, 5, 0, 17679, 1, 'STRAIGHT', 'CAR', '2016-10-19 05:44:24', 201, 0, '0000-00-00 00:00:00', 0),
(2532, 5, 0, 17682, 1, 'STRAIGHT', 'CAR', '2016-10-19 05:44:24', 201, 0, '0000-00-00 00:00:00', 0),
(2533, 5, 0, 17684.3, 1, 'STRAIGHT', 'CAR', '2016-10-19 05:44:24', 201, 0, '0000-00-00 00:00:00', 0),
(2534, 5, 0, 17685, 1, 'STRAIGHT', 'CAR', '2016-10-19 05:44:24', 201, 0, '0000-00-00 00:00:00', 0),
(2535, 5, 0, 17686.5, 1, 'STRAIGHT', 'CAR', '2016-10-19 05:44:25', 201, 0, '0000-00-00 00:00:00', 0),
(2536, 5, 0, 17687.3, 1, 'PED', 'CAR', '2016-10-19 05:44:25', 201, 0, '0000-00-00 00:00:00', 0),
(2537, 5, 0, 17688, 1, 'STRAIGHT', 'CAR', '2016-10-19 05:44:25', 201, 0, '0000-00-00 00:00:00', 0),
(2538, 5, 0, 17688.8, 1, 'PED', 'CAR', '2016-10-19 05:44:25', 201, 0, '0000-00-00 00:00:00', 0),
(2539, 5, 0, 17691, 1, 'PED', 'CAR', '2016-10-19 05:44:25', 201, 0, '0000-00-00 00:00:00', 0),
(2540, 5, 0, 17691, 1, 'STRAIGHT', 'CAR', '2016-10-19 05:44:25', 201, 0, '0000-00-00 00:00:00', 0),
(2541, 5, 0, 17800.5, 1, 'STRAIGHT', 'CAR', '2016-10-19 05:44:40', 201, 0, '0000-00-00 00:00:00', 0),
(2542, 5, 0, 17802.8, 1, 'PED', 'CAR', '2016-10-19 05:44:40', 201, 0, '0000-00-00 00:00:00', 0),
(2543, 5, 0, 17803.5, 1, 'STRAIGHT', 'CAR', '2016-10-19 05:44:40', 201, 0, '0000-00-00 00:00:00', 0),
(2544, 5, 0, 17806.5, 1, 'STRAIGHT', 'CAR', '2016-10-19 05:44:41', 201, 0, '0000-00-00 00:00:00', 0),
(2545, 5, 0, 17805.8, 1, 'PED', 'CAR', '2016-10-19 05:44:41', 201, 0, '0000-00-00 00:00:00', 0),
(2546, 5, 0, 17808, 1, 'UTURN', 'CAR', '2016-10-19 05:44:41', 201, 0, '0000-00-00 00:00:00', 0),
(2547, 5, 0, 17811.8, 1, 'STRAIGHT', 'CAR', '2016-10-19 05:44:41', 201, 0, '0000-00-00 00:00:00', 0),
(2548, 5, 0, 17811.8, 1, 'PED', 'CAR', '2016-10-19 05:44:41', 201, 0, '0000-00-00 00:00:00', 0),
(2549, 5, 0, 17813.3, 1, 'PED', 'CAR', '2016-10-19 05:44:41', 201, 0, '0000-00-00 00:00:00', 0),
(2550, 5, 0, 17813.3, 1, 'PED', 'CAR', '2016-10-19 05:44:42', 201, 0, '0000-00-00 00:00:00', 0);
INSERT INTO `idax_video_counts` (`videocountid`, `layoutid`, `legindex`, `videoposition`, `videospeed`, `counttype`, `objecttype`, `countedtime`, `countedby_user`, `rejected`, `rejectedtime`, `rejectedby_user`) VALUES
(2551, 5, 0, 17814.8, 1, 'PED', 'CAR', '2016-10-19 05:44:42', 201, 0, '0000-00-00 00:00:00', 0),
(2552, 5, 0, 17817, 1, 'RTURN', 'CAR', '2016-10-19 05:44:42', 201, 0, '0000-00-00 00:00:00', 0),
(2553, 5, 0, 17817.8, 1, 'PED', 'CAR', '2016-10-19 05:44:42', 201, 0, '0000-00-00 00:00:00', 0),
(2554, 5, 0, 17818.5, 1, 'PED', 'CAR', '2016-10-19 05:44:42', 201, 0, '0000-00-00 00:00:00', 0),
(2555, 5, 0, 17819.3, 1, 'STRAIGHT', 'CAR', '2016-10-19 05:44:42', 201, 0, '0000-00-00 00:00:00', 0),
(2556, 5, 0, 17820.8, 1, 'LTURN', 'CAR', '2016-10-19 05:44:43', 201, 0, '0000-00-00 00:00:00', 0),
(2557, 5, 0, 17826, 1, 'UTURN', 'CAR', '2016-10-19 05:44:43', 201, 0, '0000-00-00 00:00:00', 0),
(2558, 5, 0, 17827.5, 1, 'LTURN', 'CAR', '2016-10-19 05:44:43', 201, 0, '0000-00-00 00:00:00', 0),
(2559, 5, 0, 17829, 1, 'LTURN', 'CAR', '2016-10-19 05:44:44', 201, 0, '0000-00-00 00:00:00', 0),
(2560, 5, 0, 17835.8, 1, 'STRAIGHT', 'CAR', '2016-10-19 05:44:45', 201, 0, '0000-00-00 00:00:00', 0),
(2561, 5, 0, 17838, 1, 'RTURN', 'CAR', '2016-10-19 05:44:45', 201, 0, '0000-00-00 00:00:00', 0),
(2562, 5, 0, 17839.5, 1, 'PED', 'CAR', '2016-10-19 05:44:45', 201, 0, '0000-00-00 00:00:00', 0),
(2563, 5, 0, 17841.8, 1, 'LTURN', 'CAR', '2016-10-19 05:44:45', 201, 0, '0000-00-00 00:00:00', 0),
(2564, 5, 0, 17842.5, 1, 'UTURN', 'CAR', '2016-10-19 05:44:45', 201, 0, '0000-00-00 00:00:00', 0),
(2565, 5, 0, 17847, 1, 'STRAIGHT', 'CAR', '2016-10-19 05:44:46', 201, 0, '0000-00-00 00:00:00', 0),
(2566, 5, 0, 17848.5, 1, 'RTURN', 'CAR', '2016-10-19 05:44:46', 201, 0, '0000-00-00 00:00:00', 0),
(2567, 5, 0, 17850.8, 1, 'PED', 'CAR', '2016-10-19 05:44:46', 201, 0, '0000-00-00 00:00:00', 0),
(2568, 5, 0, 17851.5, 1, 'STRAIGHT', 'CAR', '2016-10-19 05:44:47', 201, 0, '0000-00-00 00:00:00', 0),
(2569, 5, 0, 17854.5, 1, 'UTURN', 'CAR', '2016-10-19 05:44:47', 201, 0, '0000-00-00 00:00:00', 0),
(2570, 5, 0, 17855.3, 1, 'UTURN', 'CAR', '2016-10-19 05:44:47', 201, 0, '0000-00-00 00:00:00', 0),
(2571, 5, 0, 17856.8, 1, 'STRAIGHT', 'CAR', '2016-10-19 05:44:47', 201, 0, '0000-00-00 00:00:00', 0),
(2572, 5, 0, 17858.3, 1, 'LTURN', 'CAR', '2016-10-19 05:44:47', 201, 0, '0000-00-00 00:00:00', 0),
(2573, 5, 0, 17859.8, 1, 'PED', 'CAR', '2016-10-19 05:44:48', 201, 0, '0000-00-00 00:00:00', 0),
(2574, 5, 0, 17862, 1, 'STRAIGHT', 'BICYCLE', '2016-10-19 05:44:48', 201, 0, '0000-00-00 00:00:00', 0),
(2575, 5, 0, 17860.5, 1, 'PED', 'CAR', '2016-10-19 05:44:48', 201, 0, '0000-00-00 00:00:00', 0),
(2576, 5, 0, 18075.8, 1.25, 'RTURN', 'CAR', '2016-10-19 05:45:15', 201, 0, '0000-00-00 00:00:00', 0),
(2577, 5, 0, 18082.5, 1.25, 'STRAIGHT', 'CAR', '2016-10-19 05:45:15', 201, 0, '0000-00-00 00:00:00', 0),
(2578, 5, 0, 18081, 1.25, 'PED', 'CAR', '2016-10-19 05:45:15', 201, 0, '0000-00-00 00:00:00', 0),
(2579, 5, 0, 18084.8, 1.25, 'PED', 'CAR', '2016-10-19 05:45:15', 201, 0, '0000-00-00 00:00:00', 0),
(2580, 5, 0, 18083.3, 1.25, 'PED', 'CAR', '2016-10-19 05:45:15', 201, 0, '0000-00-00 00:00:00', 0),
(2581, 5, 0, 18084, 1.25, 'STRAIGHT', 'CAR', '2016-10-19 05:45:16', 201, 0, '0000-00-00 00:00:00', 0),
(2582, 5, 0, 18085.5, 1.25, 'STRAIGHT', 'CAR', '2016-10-19 05:45:16', 201, 0, '0000-00-00 00:00:00', 0),
(2583, 5, 0, 18087, 1.25, 'UTURN', 'CAR', '2016-10-19 05:45:16', 201, 0, '0000-00-00 00:00:00', 0),
(2584, 5, 0, 18110.3, 1.25, 'STRAIGHT', 'CAR', '2016-10-19 05:45:18', 201, 0, '0000-00-00 00:00:00', 0),
(2585, 5, 0, 18114, 1.25, 'STRAIGHT', 'CAR', '2016-10-19 05:45:19', 201, 0, '0000-00-00 00:00:00', 0),
(2586, 5, 0, 18115.5, 1.25, 'STRAIGHT', 'CAR', '2016-10-19 05:45:19', 201, 0, '0000-00-00 00:00:00', 0),
(2587, 5, 0, 18116.3, 1.25, 'PED', 'CAR', '2016-10-19 05:45:19', 201, 0, '0000-00-00 00:00:00', 0),
(2588, 5, 0, 18118.5, 1.25, 'PED', 'CAR', '2016-10-19 05:45:19', 201, 0, '0000-00-00 00:00:00', 0),
(2589, 5, 0, 18120, 1.25, 'PED', 'CAR', '2016-10-19 05:45:19', 201, 0, '0000-00-00 00:00:00', 0),
(2590, 5, 0, 18121.5, 1.25, 'PED', 'CAR', '2016-10-19 05:45:19', 201, 0, '0000-00-00 00:00:00', 0),
(2591, 5, 0, 18122.3, 1.25, 'STRAIGHT', 'CAR', '2016-10-19 05:45:19', 201, 0, '0000-00-00 00:00:00', 0),
(2592, 5, 0, 18123.8, 1.25, 'PED', 'CAR', '2016-10-19 05:45:20', 201, 0, '0000-00-00 00:00:00', 0),
(2593, 5, 0, 18124.5, 1.25, 'STRAIGHT', 'CAR', '2016-10-19 05:45:20', 201, 0, '0000-00-00 00:00:00', 0),
(2594, 5, 0, 18127.5, 1.25, 'PED', 'CAR', '2016-10-19 05:45:20', 201, 0, '0000-00-00 00:00:00', 0),
(2595, 5, 0, 18128.3, 1.25, 'PED', 'CAR', '2016-10-19 05:45:20', 201, 0, '0000-00-00 00:00:00', 0),
(2596, 5, 0, 18129.8, 1.25, 'STRAIGHT', 'BICYCLE', '2016-10-19 05:45:20', 201, 0, '0000-00-00 00:00:00', 0),
(2597, 5, 0, 18130.5, 1.25, 'PED', 'BICYCLE', '2016-10-19 05:45:20', 201, 0, '0000-00-00 00:00:00', 0),
(2598, 5, 0, 18140.3, 1.25, 'RTURN', 'CAR', '2016-10-19 05:45:21', 201, 0, '0000-00-00 00:00:00', 0),
(2599, 5, 0, 18155.3, 1.25, 'STRAIGHT', 'CAR', '2016-10-19 05:45:23', 201, 0, '0000-00-00 00:00:00', 0),
(2600, 5, 0, 18157.5, 1.25, 'STRAIGHT', 'CAR', '2016-10-19 05:45:23', 201, 0, '0000-00-00 00:00:00', 0),
(2601, 5, 0, 18158.3, 1.25, 'PED', 'CAR', '2016-10-19 05:45:23', 201, 0, '0000-00-00 00:00:00', 0),
(2602, 5, 0, 18159, 1.25, 'STRAIGHT', 'CAR', '2016-10-19 05:45:23', 201, 0, '0000-00-00 00:00:00', 0),
(2603, 5, 0, 18159.8, 1.25, 'PED', 'CAR', '2016-10-19 05:45:23', 201, 0, '0000-00-00 00:00:00', 0),
(2604, 5, 0, 18163.5, 1.25, 'PED', 'CAR', '2016-10-19 05:45:24', 201, 0, '0000-00-00 00:00:00', 0),
(2605, 5, 0, 18164.3, 1.25, 'STRAIGHT', 'CAR', '2016-10-19 05:45:24', 201, 0, '0000-00-00 00:00:00', 0),
(2606, 5, 0, 18165, 1.25, 'STRAIGHT', 'CAR', '2016-10-19 05:45:24', 201, 0, '0000-00-00 00:00:00', 0),
(2607, 5, 0, 18166.5, 1.25, 'PED', 'CAR', '2016-10-19 05:45:24', 201, 0, '0000-00-00 00:00:00', 0),
(2608, 5, 0, 18166.5, 1.25, 'STRAIGHT', 'BICYCLE', '2016-10-19 05:45:24', 201, 0, '0000-00-00 00:00:00', 0),
(2609, 5, 0, 18168.8, 1.25, 'STRAIGHT', 'CAR', '2016-10-19 05:45:24', 201, 0, '0000-00-00 00:00:00', 0),
(2610, 5, 0, 18170.3, 1.25, 'STRAIGHT', 'CAR', '2016-10-19 05:45:25', 201, 0, '0000-00-00 00:00:00', 0),
(2611, 5, 0, 18540.8, 1.25, 'STRAIGHT', 'CAR', '2016-10-19 05:46:04', 201, 0, '0000-00-00 00:00:00', 0),
(2612, 5, 0, 18542.3, 1.25, 'PED', 'CAR', '2016-10-19 05:46:04', 201, 0, '0000-00-00 00:00:00', 0),
(2613, 5, 0, 18546, 1.25, 'PED', 'CAR', '2016-10-19 05:46:05', 201, 0, '0000-00-00 00:00:00', 0),
(2614, 5, 0, 18547.5, 1.25, 'PED', 'CAR', '2016-10-19 05:46:05', 201, 0, '0000-00-00 00:00:00', 0),
(2615, 5, 0, 18545.3, 1.25, 'PED', 'CAR', '2016-10-19 05:46:05', 201, 0, '0000-00-00 00:00:00', 0),
(2616, 5, 0, 18552.8, 1.25, 'PED', 'CAR', '2016-10-19 05:46:05', 201, 0, '0000-00-00 00:00:00', 0),
(2617, 5, 0, 18543, 1.25, 'STRAIGHT', 'CAR', '2016-10-19 05:46:06', 201, 0, '0000-00-00 00:00:00', 0),
(2618, 5, 0, 18562.5, 1.25, 'STRAIGHT', 'CAR', '2016-10-19 05:46:06', 201, 0, '0000-00-00 00:00:00', 0),
(2619, 5, 0, 18690, 1.25, 'STRAIGHT', 'CAR', '2016-10-19 05:46:20', 201, 0, '0000-00-00 00:00:00', 0),
(2620, 5, 0, 18690.8, 1.25, 'PED', 'CAR', '2016-10-19 05:46:20', 201, 0, '0000-00-00 00:00:00', 0),
(2621, 5, 0, 18700.5, 1.25, 'UTURN', 'CAR', '2016-10-19 05:46:21', 201, 0, '0000-00-00 00:00:00', 0),
(2622, 5, 0, 18704.3, 1.25, 'STRAIGHT', 'CAR', '2016-10-19 05:46:22', 201, 0, '0000-00-00 00:00:00', 0),
(2623, 5, 0, 18693, 1.25, 'STRAIGHT', 'CAR', '2016-10-19 05:46:22', 201, 0, '0000-00-00 00:00:00', 0),
(2624, 5, 0, 18708, 1.25, 'RTURN', 'CAR', '2016-10-19 05:46:22', 201, 0, '0000-00-00 00:00:00', 0),
(2625, 5, 0, 18711, 1.25, 'STRAIGHT', 'CAR', '2016-10-19 05:46:22', 201, 0, '0000-00-00 00:00:00', 0),
(2626, 5, 0, 18711.8, 1.25, 'PED', 'CAR', '2016-10-19 05:46:22', 201, 0, '0000-00-00 00:00:00', 0),
(2627, 5, 0, 18714, 1.25, 'PED', 'CAR', '2016-10-19 05:46:23', 201, 0, '0000-00-00 00:00:00', 0),
(2628, 5, 0, 18712.5, 1.25, 'STRAIGHT', 'CAR', '2016-10-19 05:46:23', 201, 0, '0000-00-00 00:00:00', 0),
(2629, 5, 0, 18716.3, 1.25, 'STRAIGHT', 'CAR', '2016-10-19 05:46:23', 201, 0, '0000-00-00 00:00:00', 0),
(2630, 5, 0, 18717.8, 1.25, 'PED', 'CAR', '2016-10-19 05:46:23', 201, 0, '0000-00-00 00:00:00', 0),
(2631, 5, 0, 18718.6, 1.25, 'STRAIGHT', 'CAR', '2016-10-19 05:46:23', 201, 0, '0000-00-00 00:00:00', 0),
(2632, 5, 0, 18720, 1.25, 'PED', 'CAR', '2016-10-19 05:46:23', 201, 0, '0000-00-00 00:00:00', 0),
(2633, 5, 0, 18720.8, 1.25, 'STRAIGHT', 'CAR', '2016-10-19 05:46:23', 201, 0, '0000-00-00 00:00:00', 0),
(2634, 5, 0, 18721.5, 1.25, 'PED', 'CAR', '2016-10-19 05:46:23', 201, 0, '0000-00-00 00:00:00', 0),
(2635, 5, 0, 18786.8, 1.25, 'STRAIGHT', 'CAR', '2016-10-19 05:46:31', 201, 0, '0000-00-00 00:00:00', 0),
(2636, 5, 0, 18787.5, 1.25, 'PED', 'CAR', '2016-10-19 05:46:31', 201, 0, '0000-00-00 00:00:00', 0),
(2637, 5, 0, 18788.3, 1.25, 'STRAIGHT', 'CAR', '2016-10-19 05:46:31', 201, 0, '0000-00-00 00:00:00', 0),
(2638, 5, 0, 18790.5, 1.25, 'STRAIGHT', 'CAR', '2016-10-19 05:46:31', 201, 0, '0000-00-00 00:00:00', 0),
(2639, 5, 0, 18822.8, 1.25, 'STRAIGHT', 'CAR', '2016-10-19 05:46:34', 201, 0, '0000-00-00 00:00:00', 0),
(2640, 5, 0, 18824.3, 1.25, 'PED', 'CAR', '2016-10-19 05:46:34', 201, 0, '0000-00-00 00:00:00', 0),
(2641, 5, 0, 18824.3, 1.25, 'STRAIGHT', 'CAR', '2016-10-19 05:46:34', 201, 0, '0000-00-00 00:00:00', 0),
(2642, 5, 0, 18826.5, 1.25, 'RTURN', 'CAR', '2016-10-19 05:46:35', 201, 0, '0000-00-00 00:00:00', 0),
(2643, 5, 0, 18828, 1.25, 'STRAIGHT', 'CAR', '2016-10-19 05:46:35', 201, 0, '0000-00-00 00:00:00', 0),
(2644, 5, 0, 18829.5, 1.25, 'STRAIGHT', 'CAR', '2016-10-19 05:46:35', 201, 0, '0000-00-00 00:00:00', 0),
(2645, 5, 0, 18831.8, 1.25, 'STRAIGHT', 'CAR', '2016-10-19 05:46:35', 201, 0, '0000-00-00 00:00:00', 0),
(2646, 5, 0, 18834.8, 1.25, 'UTURN', 'CAR', '2016-10-19 05:46:35', 201, 0, '0000-00-00 00:00:00', 0),
(2647, 5, 0, 18843, 1.25, 'STRAIGHT', 'CAR', '2016-10-19 05:46:36', 201, 0, '0000-00-00 00:00:00', 0),
(2648, 5, 0, 18844.5, 1.25, 'STRAIGHT', 'CAR', '2016-10-19 05:46:36', 201, 0, '0000-00-00 00:00:00', 0),
(2649, 5, 0, 18845.3, 1.25, 'PED', 'CAR', '2016-10-19 05:46:37', 201, 0, '0000-00-00 00:00:00', 0),
(2650, 5, 0, 18846.1, 1.25, 'STRAIGHT', 'CAR', '2016-10-19 05:46:37', 201, 0, '0000-00-00 00:00:00', 0),
(2651, 5, 0, 18849, 1.25, 'PED', 'CAR', '2016-10-19 05:46:37', 201, 0, '0000-00-00 00:00:00', 0),
(2652, 5, 0, 18849.8, 1.25, 'STRAIGHT', 'CAR', '2016-10-19 05:46:37', 201, 0, '0000-00-00 00:00:00', 0),
(2653, 5, 0, 18847.5, 1.25, 'PED', 'CAR', '2016-10-19 05:46:37', 201, 0, '0000-00-00 00:00:00', 0),
(2654, 5, 0, 18850.5, 1.25, 'STRAIGHT', 'CAR', '2016-10-19 05:46:37', 201, 0, '0000-00-00 00:00:00', 0),
(2655, 5, 0, 18998.3, 1.25, 'PED', 'CAR', '2016-10-19 05:46:53', 201, 0, '0000-00-00 00:00:00', 0),
(2656, 5, 0, 19001.3, 1.25, 'STRAIGHT', 'CAR', '2016-10-19 05:46:53', 201, 0, '0000-00-00 00:00:00', 0),
(2657, 5, 0, 19005, 1.25, 'STRAIGHT', 'CAR', '2016-10-19 05:46:54', 201, 0, '0000-00-00 00:00:00', 0),
(2658, 5, 0, 19002.8, 1.25, 'STRAIGHT', 'CAR', '2016-10-19 05:46:54', 201, 0, '0000-00-00 00:00:00', 0),
(2659, 5, 0, 19006.5, 1.25, 'STRAIGHT', 'CAR', '2016-10-19 05:46:54', 201, 0, '0000-00-00 00:00:00', 0),
(2660, 5, 0, 19008, 1.25, 'STRAIGHT', 'CAR', '2016-10-19 05:46:54', 201, 0, '0000-00-00 00:00:00', 0),
(2661, 5, 0, 19005.8, 1.25, 'PED', 'CAR', '2016-10-19 05:46:54', 201, 0, '0000-00-00 00:00:00', 0),
(2662, 5, 0, 19010.3, 1.25, 'STRAIGHT', 'CAR', '2016-10-19 05:46:54', 201, 0, '0000-00-00 00:00:00', 0),
(2663, 5, 0, 19011.8, 1.25, 'STRAIGHT', 'CAR', '2016-10-19 05:46:54', 201, 0, '0000-00-00 00:00:00', 0),
(2664, 5, 0, 19011.8, 1.25, 'STRAIGHT', 'CAR', '2016-10-19 05:46:54', 201, 0, '0000-00-00 00:00:00', 0),
(2665, 5, 0, 19013.3, 1.25, 'STRAIGHT', 'CAR', '2016-10-19 05:46:54', 201, 0, '0000-00-00 00:00:00', 0),
(2666, 5, 0, 19015.5, 1.25, 'PED', 'CAR', '2016-10-19 05:46:55', 201, 0, '0000-00-00 00:00:00', 0),
(2667, 5, 0, 19017, 1.25, 'RTURN', 'BICYCLE', '2016-10-19 05:46:55', 201, 0, '0000-00-00 00:00:00', 0),
(2668, 5, 0, 19017, 1.25, 'PED', 'CAR', '2016-10-19 05:46:55', 201, 0, '0000-00-00 00:00:00', 0),
(2669, 5, 0, 19019.3, 1.25, 'RTURN', 'CAR', '2016-10-19 05:46:55', 201, 0, '0000-00-00 00:00:00', 0),
(2670, 5, 0, 19020.8, 1.25, 'RTURN', 'CAR', '2016-10-19 05:46:55', 201, 0, '0000-00-00 00:00:00', 0),
(2671, 5, 0, 19021.5, 1.25, 'PED', 'CAR', '2016-10-19 05:46:55', 201, 0, '0000-00-00 00:00:00', 0),
(2672, 5, 0, 19098.8, 1.25, 'STRAIGHT', 'CAR', '2016-10-19 05:47:04', 201, 0, '0000-00-00 00:00:00', 0),
(2673, 5, 0, 19103.3, 1.25, 'STRAIGHT', 'BICYCLE', '2016-10-19 05:47:04', 201, 0, '0000-00-00 00:00:00', 0),
(2674, 5, 0, 19103.3, 1.25, 'PED', 'CAR', '2016-10-19 05:47:04', 201, 0, '0000-00-00 00:00:00', 0),
(2675, 5, 0, 19104.8, 1.25, 'LTURN', 'CAR', '2016-10-19 05:47:05', 201, 0, '0000-00-00 00:00:00', 0),
(2676, 5, 0, 19107, 1.25, 'RTURN', 'CAR', '2016-10-19 05:47:05', 201, 0, '0000-00-00 00:00:00', 0),
(2677, 5, 0, 19110, 1.25, 'STRAIGHT', 'CAR', '2016-10-19 05:47:05', 201, 0, '0000-00-00 00:00:00', 0),
(2678, 5, 0, 19110, 1.25, 'PED', 'CAR', '2016-10-19 05:47:05', 201, 0, '0000-00-00 00:00:00', 0),
(2679, 5, 0, 19112.3, 1.25, 'PED', 'CAR', '2016-10-19 05:47:05', 201, 0, '0000-00-00 00:00:00', 0),
(2680, 5, 0, 19101, 1.25, 'STRAIGHT', 'CAR', '2016-10-19 05:47:05', 201, 0, '0000-00-00 00:00:00', 0),
(2681, 5, 0, 19116, 1.25, 'PED', 'CAR', '2016-10-19 05:47:05', 201, 0, '0000-00-00 00:00:00', 0),
(2682, 5, 0, 19122, 1.25, 'STRAIGHT', 'CAR', '2016-10-19 05:47:06', 201, 0, '0000-00-00 00:00:00', 0),
(2683, 5, 0, 19122, 1.25, 'PED', 'CAR', '2016-10-19 05:47:06', 201, 0, '0000-00-00 00:00:00', 0),
(2684, 5, 0, 19125.8, 1.25, 'PED', 'CAR', '2016-10-19 05:47:06', 201, 0, '0000-00-00 00:00:00', 0),
(2685, 5, 0, 19350.8, 1.25, 'STRAIGHT', 'CAR', '2016-10-19 05:48:25', 201, 0, '0000-00-00 00:00:00', 0),
(2686, 5, 0, 19356.8, 1.25, 'RTURN', 'CAR', '2016-10-19 05:48:26', 201, 0, '0000-00-00 00:00:00', 0),
(2687, 5, 0, 19355.3, 1.25, 'RTURN', 'CAR', '2016-10-19 05:48:26', 201, 0, '0000-00-00 00:00:00', 0),
(2688, 5, 0, 19360.5, 1.25, 'STRAIGHT', 'CAR', '2016-10-19 05:48:26', 201, 0, '0000-00-00 00:00:00', 0),
(2689, 5, 0, 19370.3, 1.25, 'UTURN', 'CAR', '2016-10-19 05:48:27', 201, 0, '0000-00-00 00:00:00', 0),
(2690, 5, 0, 19373.3, 1.25, 'LTURN', 'CAR', '2016-10-19 05:48:27', 201, 0, '0000-00-00 00:00:00', 0),
(2691, 5, 0, 19376.3, 1.25, 'STRAIGHT', 'CAR', '2016-10-19 05:48:28', 201, 0, '0000-00-00 00:00:00', 0),
(2692, 5, 0, 19381.5, 1.25, 'PED', 'CAR', '2016-10-19 05:48:28', 201, 0, '0000-00-00 00:00:00', 0),
(2693, 5, 0, 19385.3, 1.25, 'STRAIGHT', 'CAR', '2016-10-19 05:48:29', 201, 0, '0000-00-00 00:00:00', 0),
(2694, 5, 0, 19386, 1.25, 'STRAIGHT', 'CAR', '2016-10-19 05:48:29', 201, 0, '0000-00-00 00:00:00', 0),
(2695, 5, 0, 19390.5, 1.25, 'RTURN', 'CAR', '2016-10-19 05:48:29', 201, 0, '0000-00-00 00:00:00', 0),
(2696, 5, 0, 19392, 1.25, 'STRAIGHT', 'CAR', '2016-10-19 05:48:29', 201, 0, '0000-00-00 00:00:00', 0),
(2697, 5, 0, 19394.3, 1.25, 'STRAIGHT', 'CAR', '2016-10-19 05:48:30', 201, 0, '0000-00-00 00:00:00', 0),
(2698, 5, 0, 19400.3, 1.25, 'UTURN', 'CAR', '2016-10-19 05:48:30', 201, 0, '0000-00-00 00:00:00', 0),
(2699, 5, 0, 19402.5, 1.25, 'LTURN', 'CAR', '2016-10-19 05:48:31', 201, 0, '0000-00-00 00:00:00', 0),
(2700, 5, 0, 19406.3, 1.25, 'STRAIGHT', 'CAR', '2016-10-19 05:48:31', 201, 0, '0000-00-00 00:00:00', 0),
(2701, 5, 0, 19414.5, 1.25, 'STRAIGHT', 'CAR', '2016-10-19 05:48:32', 201, 0, '0000-00-00 00:00:00', 0),
(2702, 5, 0, 19416.8, 1.25, 'STRAIGHT', 'CAR', '2016-10-19 05:48:32', 201, 0, '0000-00-00 00:00:00', 0),
(2703, 5, 0, 19419.8, 1.25, 'STRAIGHT', 'CAR', '2016-10-19 05:48:32', 201, 0, '0000-00-00 00:00:00', 0),
(2704, 5, 0, 19418.3, 1.25, 'STRAIGHT', 'CAR', '2016-10-19 05:48:32', 201, 0, '0000-00-00 00:00:00', 0),
(2705, 5, 0, 19489.5, 1.25, 'RTURN', 'CAR', '2016-10-19 05:48:40', 201, 0, '0000-00-00 00:00:00', 0),
(2706, 5, 0, 19490.3, 1.25, 'STRAIGHT', 'CAR', '2016-10-19 05:48:40', 201, 0, '0000-00-00 00:00:00', 0),
(2707, 5, 0, 19491, 1.25, 'RTURN', 'CAR', '2016-10-19 05:48:40', 201, 0, '0000-00-00 00:00:00', 0),
(2708, 5, 0, 19491.8, 1.25, 'LTURN', 'CAR', '2016-10-19 05:48:40', 201, 0, '0000-00-00 00:00:00', 0),
(2709, 5, 0, 19491.8, 1.25, 'STRAIGHT', 'CAR', '2016-10-19 05:48:40', 201, 0, '0000-00-00 00:00:00', 0),
(2710, 5, 0, 19492.5, 1.25, 'RTURN', 'CAR', '2016-10-19 05:48:41', 201, 0, '0000-00-00 00:00:00', 0),
(2711, 5, 0, 19493.3, 1.25, 'LTURN', 'CAR', '2016-10-19 05:48:41', 201, 0, '0000-00-00 00:00:00', 0),
(2712, 5, 0, 19494, 1.25, 'RTURN', 'CAR', '2016-10-19 05:48:41', 201, 0, '0000-00-00 00:00:00', 0),
(2713, 5, 0, 19494.8, 1.25, 'LTURN', 'CAR', '2016-10-19 05:48:41', 201, 0, '0000-00-00 00:00:00', 0),
(2714, 5, 0, 19496.3, 1.25, 'LTURN', 'CAR', '2016-10-19 05:48:41', 201, 0, '0000-00-00 00:00:00', 0),
(2715, 5, 0, 19500, 1.25, 'STRAIGHT', 'CAR', '2016-10-19 05:48:41', 201, 0, '0000-00-00 00:00:00', 0),
(2716, 5, 0, 19503, 1.25, 'RTURN', 'CAR', '2016-10-19 05:48:41', 201, 0, '0000-00-00 00:00:00', 0),
(2717, 5, 0, 19505.3, 1.25, 'STRAIGHT', 'CAR', '2016-10-19 05:48:42', 201, 0, '0000-00-00 00:00:00', 0),
(2718, 5, 0, 19506, 1.25, 'PED', 'CAR', '2016-10-19 05:48:42', 201, 0, '0000-00-00 00:00:00', 0),
(2719, 5, 0, 19506.8, 1.25, 'STRAIGHT', 'CAR', '2016-10-19 05:48:42', 201, 0, '0000-00-00 00:00:00', 0),
(2720, 5, 0, 19508.3, 1.25, 'PED', 'CAR', '2016-10-19 05:48:42', 201, 0, '0000-00-00 00:00:00', 0),
(2721, 5, 0, 19503.8, 1.25, 'STRAIGHT', 'CAR', '2016-10-19 05:48:42', 201, 0, '0000-00-00 00:00:00', 0),
(2722, 5, 0, 19512, 1.25, 'STRAIGHT', 'CAR', '2016-10-19 05:48:42', 201, 0, '0000-00-00 00:00:00', 0),
(2723, 5, 0, 19512, 1.25, 'RTURN', 'CAR', '2016-10-19 05:48:42', 201, 0, '0000-00-00 00:00:00', 0),
(2724, 5, 0, 19513.5, 1.25, 'STRAIGHT', 'CAR', '2016-10-19 05:48:42', 201, 0, '0000-00-00 00:00:00', 0),
(2725, 5, 0, 19614, 1.25, 'STRAIGHT', 'CAR', '2016-10-19 05:48:54', 201, 0, '0000-00-00 00:00:00', 0),
(2726, 5, 0, 19617.8, 1.25, 'RTURN', 'CAR', '2016-10-19 05:48:54', 201, 0, '0000-00-00 00:00:00', 0),
(2727, 5, 0, 19625.3, 1.25, 'LTURN', 'CAR', '2016-10-19 05:48:54', 201, 0, '0000-00-00 00:00:00', 0),
(2728, 5, 0, 19629, 1.25, 'STRAIGHT', 'CAR', '2016-10-19 05:48:55', 201, 0, '0000-00-00 00:00:00', 0),
(2729, 5, 0, 19632, 1.25, 'RTURN', 'CAR', '2016-10-19 05:48:55', 201, 0, '0000-00-00 00:00:00', 0),
(2730, 5, 0, 19635, 1.25, 'RTURN', 'CAR', '2016-10-19 05:48:55', 201, 0, '0000-00-00 00:00:00', 0),
(2731, 5, 0, 19639.5, 1.25, 'STRAIGHT', 'CAR', '2016-10-19 05:48:56', 201, 0, '0000-00-00 00:00:00', 0),
(2732, 5, 0, 19664.3, 1.25, 'STRAIGHT', 'CAR', '2016-10-19 05:48:59', 201, 0, '0000-00-00 00:00:00', 0),
(2733, 5, 0, 19664.3, 1.25, 'STRAIGHT', 'CAR', '2016-10-19 05:48:59', 201, 0, '0000-00-00 00:00:00', 0),
(2734, 5, 0, 19669.5, 1.25, 'STRAIGHT', 'CAR', '2016-10-19 05:48:59', 201, 0, '0000-00-00 00:00:00', 0),
(2735, 5, 0, 19671.8, 1.25, 'STRAIGHT', 'CAR', '2016-10-19 05:48:59', 201, 0, '0000-00-00 00:00:00', 0),
(2736, 5, 0, 19674, 1.25, 'STRAIGHT', 'CAR', '2016-10-19 05:49:00', 201, 0, '0000-00-00 00:00:00', 0),
(2737, 5, 0, 19675.5, 1.25, 'STRAIGHT', 'CAR', '2016-10-19 05:49:00', 201, 0, '0000-00-00 00:00:00', 0),
(2738, 5, 0, 19681.5, 1.25, 'RTURN', 'CAR', '2016-10-19 05:49:00', 201, 0, '0000-00-00 00:00:00', 0),
(2739, 5, 0, 19683.8, 1.25, 'RTURN', 'CAR', '2016-10-19 05:49:01', 201, 0, '0000-00-00 00:00:00', 0),
(2740, 5, 0, 19704, 1.25, 'PED', 'CAR', '2016-10-19 05:49:03', 201, 0, '0000-00-00 00:00:00', 0),
(2741, 5, 0, 19710, 1.25, 'STRAIGHT', 'CAR', '2016-10-19 05:49:03', 201, 0, '0000-00-00 00:00:00', 0),
(2742, 5, 0, 19715.3, 1.25, 'LTURN', 'CAR', '2016-10-19 05:49:04', 201, 0, '0000-00-00 00:00:00', 0),
(2743, 5, 0, 19719.8, 1.25, 'UTURN', 'CAR', '2016-10-19 05:49:04', 201, 0, '0000-00-00 00:00:00', 0),
(2744, 5, 0, 19723.5, 1.25, 'LTURN', 'CAR', '2016-10-19 05:49:05', 201, 0, '0000-00-00 00:00:00', 0),
(2745, 5, 0, 19728, 1.25, 'STRAIGHT', 'CAR', '2016-10-19 05:49:05', 201, 0, '0000-00-00 00:00:00', 0),
(2746, 5, 0, 19737.8, 1.25, 'RTURN', 'CAR', '2016-10-19 05:49:06', 201, 0, '0000-00-00 00:00:00', 0),
(2747, 5, 0, 19741.5, 1.25, 'STRAIGHT', 'CAR', '2016-10-19 05:49:07', 201, 0, '0000-00-00 00:00:00', 0),
(2748, 5, 0, 19751.3, 1.25, 'UTURN', 'CAR', '2016-10-19 05:49:08', 201, 0, '0000-00-00 00:00:00', 0),
(2749, 5, 0, 19755.8, 1.25, 'LTURN', 'CAR', '2016-10-19 05:49:08', 201, 0, '0000-00-00 00:00:00', 0),
(2750, 5, 0, 19759.5, 1.25, 'STRAIGHT', 'CAR', '2016-10-19 05:49:09', 201, 0, '0000-00-00 00:00:00', 0),
(2751, 5, 0, 19763.3, 1.25, 'RTURN', 'CAR', '2016-10-19 05:49:09', 201, 0, '0000-00-00 00:00:00', 0),
(2752, 5, 0, 19821.8, 1.25, 'STRAIGHT', 'CAR', '2016-10-19 05:49:16', 201, 0, '0000-00-00 00:00:00', 0),
(2753, 5, 0, 19825.5, 1.25, 'STRAIGHT', 'CAR', '2016-10-19 05:49:16', 201, 0, '0000-00-00 00:00:00', 0),
(2754, 5, 0, 19830, 1.25, 'RTURN', 'CAR', '2016-10-19 05:49:16', 201, 0, '0000-00-00 00:00:00', 0),
(2755, 5, 0, 19833, 1.25, 'RTURN', 'CAR', '2016-10-19 05:49:16', 201, 0, '0000-00-00 00:00:00', 0),
(2756, 5, 0, 19835.3, 1.25, 'STRAIGHT', 'CAR', '2016-10-19 05:49:17', 201, 0, '0000-00-00 00:00:00', 0),
(2757, 5, 0, 19838.3, 1.25, 'STRAIGHT', 'CAR', '2016-10-19 05:49:17', 201, 0, '0000-00-00 00:00:00', 0),
(2758, 5, 0, 19841.3, 1.25, 'STRAIGHT', 'CAR', '2016-10-19 05:49:18', 201, 0, '0000-00-00 00:00:00', 0),
(2759, 5, 0, 19844.3, 1.25, 'LTURN', 'CAR', '2016-10-19 05:49:18', 201, 0, '0000-00-00 00:00:00', 0),
(2760, 5, 0, 19848, 1.25, 'UTURN', 'CAR', '2016-10-19 05:49:18', 201, 0, '0000-00-00 00:00:00', 0),
(2761, 5, 0, 19852.5, 1.25, 'PED', 'CAR', '2016-10-19 05:49:19', 201, 0, '0000-00-00 00:00:00', 0),
(2762, 5, 0, 19856.3, 1.25, 'RTURN', 'CAR', '2016-10-19 05:49:19', 201, 0, '0000-00-00 00:00:00', 0),
(2763, 5, 0, 19859.3, 1.25, 'STRAIGHT', 'CAR', '2016-10-19 05:49:19', 201, 0, '0000-00-00 00:00:00', 0),
(2764, 5, 0, 19867.5, 1.25, 'UTURN', 'CAR', '2016-10-19 05:49:20', 201, 0, '0000-00-00 00:00:00', 0),
(2765, 5, 0, 19871.3, 1.25, 'LTURN', 'CAR', '2016-10-19 05:49:21', 201, 0, '0000-00-00 00:00:00', 0),
(2766, 5, 0, 19875, 1.25, 'STRAIGHT', 'CAR', '2016-10-19 05:49:21', 201, 0, '0000-00-00 00:00:00', 0),
(2767, 5, 0, 19965.8, 1.25, 'PED', 'CAR', '2016-10-19 05:51:27', 201, 0, '0000-00-00 00:00:00', 0),
(2768, 5, 0, 19967.3, 1.25, 'PED', 'CAR', '2016-10-19 05:51:28', 201, 0, '0000-00-00 00:00:00', 0),
(2769, 5, 0, 19968.8, 1.25, 'PED', 'CAR', '2016-10-19 05:51:28', 201, 0, '0000-00-00 00:00:00', 0),
(2770, 5, 0, 19971, 1.25, 'STRAIGHT', 'CAR', '2016-10-19 05:51:28', 201, 0, '0000-00-00 00:00:00', 0),
(2771, 5, 0, 19971.8, 1.25, 'PED', 'CAR', '2016-10-19 05:51:28', 201, 0, '0000-00-00 00:00:00', 0),
(2772, 5, 0, 19971, 1.25, 'PED', 'CAR', '2016-10-19 05:51:28', 201, 0, '0000-00-00 00:00:00', 0),
(2773, 5, 0, 19971.8, 1.25, 'PED', 'CAR', '2016-10-19 05:51:28', 201, 0, '0000-00-00 00:00:00', 0),
(2774, 5, 0, 19971.8, 1.25, 'STRAIGHT', 'CAR', '2016-10-19 05:51:28', 201, 0, '0000-00-00 00:00:00', 0),
(2775, 5, 0, 19972.5, 1.25, 'STRAIGHT', 'CAR', '2016-10-19 05:51:28', 201, 0, '0000-00-00 00:00:00', 0),
(2776, 5, 0, 19973.3, 1.25, 'PED', 'CAR', '2016-10-19 05:51:28', 201, 0, '0000-00-00 00:00:00', 0),
(2777, 5, 0, 19973.3, 1.25, 'STRAIGHT', 'CAR', '2016-10-19 05:51:28', 201, 0, '0000-00-00 00:00:00', 0),
(2778, 5, 0, 19974.8, 1.25, 'PED', 'CAR', '2016-10-19 05:51:28', 201, 0, '0000-00-00 00:00:00', 0),
(2779, 5, 0, 19975.5, 1.25, 'PED', 'CAR', '2016-10-19 05:51:29', 201, 0, '0000-00-00 00:00:00', 0),
(2780, 5, 0, 19977, 1.25, 'PED', 'CAR', '2016-10-19 05:51:29', 201, 0, '0000-00-00 00:00:00', 0),
(2781, 5, 0, 19977, 1.25, 'RTURN', 'CAR', '2016-10-19 05:51:29', 201, 0, '0000-00-00 00:00:00', 0),
(2782, 5, 0, 19981.5, 1.25, 'PED', 'CAR', '2016-10-19 05:51:29', 201, 0, '0000-00-00 00:00:00', 0),
(2783, 5, 0, 19983.8, 1.25, 'PED', 'CAR', '2016-10-19 05:51:29', 201, 0, '0000-00-00 00:00:00', 0),
(2784, 5, 0, 19983.8, 1.25, 'PED', 'CAR', '2016-10-19 05:51:29', 201, 0, '0000-00-00 00:00:00', 0),
(2785, 5, 0, 19985.3, 1.25, 'PED', 'CAR', '2016-10-19 05:51:29', 201, 0, '0000-00-00 00:00:00', 0),
(2786, 5, 0, 19986.8, 1.25, 'PED', 'CAR', '2016-10-19 05:51:29', 201, 0, '0000-00-00 00:00:00', 0),
(2787, 5, 0, 19988.3, 1.25, 'PED', 'BICYCLE', '2016-10-19 05:51:29', 201, 0, '0000-00-00 00:00:00', 0),
(2788, 5, 0, 19989.8, 1.25, 'PED', 'CAR', '2016-10-19 05:51:30', 201, 0, '0000-00-00 00:00:00', 0),
(2789, 5, 0, 19989.8, 1.25, 'RTURN', 'CAR', '2016-10-19 05:51:30', 201, 0, '0000-00-00 00:00:00', 0),
(2790, 5, 0, 19991.3, 1.25, 'PED', 'CAR', '2016-10-19 05:51:30', 201, 0, '0000-00-00 00:00:00', 0),
(2791, 5, 0, 19991.3, 1.25, 'RTURN', 'CAR', '2016-10-19 05:51:30', 201, 0, '0000-00-00 00:00:00', 0),
(2792, 5, 0, 19992.8, 1.25, 'RTURN', 'CAR', '2016-10-19 05:51:30', 201, 0, '0000-00-00 00:00:00', 0),
(2793, 5, 0, 19994.3, 1.25, 'PED', 'CAR', '2016-10-19 05:51:30', 201, 0, '0000-00-00 00:00:00', 0),
(2794, 5, 0, 19998, 1.25, 'PED', 'CAR', '2016-10-19 05:51:30', 201, 0, '0000-00-00 00:00:00', 0),
(2795, 5, 0, 20004.8, 1.25, 'RTURN', 'CAR', '2016-10-19 05:51:31', 201, 0, '0000-00-00 00:00:00', 0),
(2796, 5, 0, 20013.8, 1.25, 'PED', 'CAR', '2016-10-19 05:51:32', 201, 0, '0000-00-00 00:00:00', 0),
(2797, 5, 0, 20016, 1.25, 'PED', 'CAR', '2016-10-19 05:51:32', 201, 0, '0000-00-00 00:00:00', 0),
(2798, 5, 0, 20021.3, 1.25, 'PED', 'CAR', '2016-10-19 05:51:33', 201, 0, '0000-00-00 00:00:00', 0),
(2799, 5, 0, 20060.3, 1.25, 'PED', 'CAR', '2016-10-19 05:51:45', 201, 0, '0000-00-00 00:00:00', 0),
(2800, 5, 0, 20061.8, 1.25, 'PED', 'CAR', '2016-10-19 05:51:46', 201, 0, '0000-00-00 00:00:00', 0),
(2801, 5, 0, 20063.3, 1.25, 'PED', 'CAR', '2016-10-19 05:51:46', 201, 0, '0000-00-00 00:00:00', 0),
(2802, 5, 0, 20065.5, 1.25, 'STRAIGHT', 'CAR', '2016-10-19 05:51:46', 201, 0, '0000-00-00 00:00:00', 0),
(2803, 5, 0, 20065.5, 1.25, 'PED', 'CAR', '2016-10-19 05:51:46', 201, 0, '0000-00-00 00:00:00', 0),
(2804, 5, 0, 20067, 1.25, 'PED', 'CAR', '2016-10-19 05:51:46', 201, 0, '0000-00-00 00:00:00', 0),
(2805, 5, 0, 20067, 1.25, 'STRAIGHT', 'CAR', '2016-10-19 05:51:46', 201, 0, '0000-00-00 00:00:00', 0),
(2806, 5, 0, 20068.5, 1.25, 'STRAIGHT', 'CAR', '2016-10-19 05:51:46', 201, 0, '0000-00-00 00:00:00', 0),
(2807, 5, 0, 20070, 1.25, 'PED', 'CAR', '2016-10-19 05:51:46', 201, 0, '0000-00-00 00:00:00', 0),
(2808, 5, 0, 20070, 1.25, 'STRAIGHT', 'CAR', '2016-10-19 05:51:46', 201, 0, '0000-00-00 00:00:00', 0),
(2809, 5, 0, 20073.8, 1.25, 'RTURN', 'CAR', '2016-10-19 05:51:47', 201, 0, '0000-00-00 00:00:00', 0),
(2810, 5, 0, 20075.3, 1.25, 'RTURN', 'CAR', '2016-10-19 05:51:47', 201, 0, '0000-00-00 00:00:00', 0),
(2811, 5, 0, 20076.8, 1.25, 'PED', 'CAR', '2016-10-19 05:51:47', 201, 0, '0000-00-00 00:00:00', 0),
(2812, 5, 0, 20079, 1.25, 'STRAIGHT', 'CAR', '2016-10-19 05:51:47', 201, 0, '0000-00-00 00:00:00', 0),
(2813, 5, 0, 20079, 1.25, 'PED', 'CAR', '2016-10-19 05:51:47', 201, 0, '0000-00-00 00:00:00', 0),
(2814, 5, 0, 20094.8, 1.25, 'STRAIGHT', 'CAR', '2016-10-19 05:51:49', 201, 0, '0000-00-00 00:00:00', 0),
(2815, 5, 0, 20097, 1.25, 'PED', 'CAR', '2016-10-19 05:51:49', 201, 0, '0000-00-00 00:00:00', 0),
(2816, 5, 0, 20097, 1.25, 'STRAIGHT', 'CAR', '2016-10-19 05:51:49', 201, 0, '0000-00-00 00:00:00', 0),
(2817, 5, 0, 20099.3, 1.25, 'RTURN', 'CAR', '2016-10-19 05:51:49', 201, 0, '0000-00-00 00:00:00', 0),
(2818, 5, 0, 20103, 1.25, 'STRAIGHT', 'CAR', '2016-10-19 05:51:50', 201, 0, '0000-00-00 00:00:00', 0),
(2819, 5, 0, 20104.5, 1.25, 'STRAIGHT', 'CAR', '2016-10-19 05:51:50', 201, 0, '0000-00-00 00:00:00', 0),
(2820, 5, 0, 20106, 1.25, 'STRAIGHT', 'CAR', '2016-10-19 05:51:50', 201, 0, '0000-00-00 00:00:00', 0),
(2821, 5, 0, 20106, 1.25, 'PED', 'CAR', '2016-10-19 05:51:50', 201, 0, '0000-00-00 00:00:00', 0),
(2822, 5, 0, 20108.3, 1.25, 'STRAIGHT', 'CAR', '2016-10-19 05:51:50', 201, 0, '0000-00-00 00:00:00', 0),
(2823, 5, 0, 20107.5, 1.25, 'PED', 'CAR', '2016-10-19 05:51:50', 201, 0, '0000-00-00 00:00:00', 0),
(2824, 5, 0, 20109.8, 1.25, 'PED', 'CAR', '2016-10-19 05:51:50', 201, 0, '0000-00-00 00:00:00', 0),
(2825, 5, 0, 20109.8, 1.25, 'STRAIGHT', 'CAR', '2016-10-19 05:51:50', 201, 0, '0000-00-00 00:00:00', 0),
(2826, 5, 0, 20110.5, 1.25, 'STRAIGHT', 'CAR', '2016-10-19 05:51:50', 201, 0, '0000-00-00 00:00:00', 0),
(2827, 5, 0, 20118, 1.25, 'UTURN', 'CAR', '2016-10-19 05:51:51', 201, 0, '0000-00-00 00:00:00', 0),
(2828, 5, 0, 20122.5, 1.25, 'LTURN', 'CAR', '2016-10-19 05:51:52', 201, 0, '0000-00-00 00:00:00', 0),
(2829, 5, 0, 20126.3, 1.25, 'STRAIGHT', 'CAR', '2016-10-19 05:51:52', 201, 0, '0000-00-00 00:00:00', 0),
(2830, 5, 0, 20141.3, 1.25, 'PED', 'CAR', '2016-10-19 05:51:54', 201, 0, '0000-00-00 00:00:00', 0),
(2831, 5, 0, 20145, 1.25, 'STRAIGHT', 'CAR', '2016-10-19 05:51:54', 201, 0, '0000-00-00 00:00:00', 0),
(2832, 5, 0, 20152.5, 1.25, 'STRAIGHT', 'CAR', '2016-10-19 05:51:55', 201, 0, '0000-00-00 00:00:00', 0),
(2833, 5, 0, 20154, 1.25, 'STRAIGHT', 'CAR', '2016-10-19 05:51:55', 201, 0, '0000-00-00 00:00:00', 0),
(2834, 5, 0, 20150.3, 1.25, 'STRAIGHT', 'CAR', '2016-10-19 05:51:55', 201, 0, '0000-00-00 00:00:00', 0),
(2835, 5, 0, 20158.5, 1.25, 'STRAIGHT', 'CAR', '2016-10-19 05:51:56', 201, 0, '0000-00-00 00:00:00', 0),
(2836, 5, 0, 20161.5, 1.25, 'PED', 'CAR', '2016-10-19 05:51:56', 201, 0, '0000-00-00 00:00:00', 0),
(2837, 5, 0, 20165.3, 1.25, 'RTURN', 'CAR', '2016-10-19 05:51:56', 201, 0, '0000-00-00 00:00:00', 0),
(2838, 5, 0, 20166, 1.25, 'PED', 'CAR', '2016-10-19 05:51:56', 201, 0, '0000-00-00 00:00:00', 0),
(2839, 5, 0, 20166.8, 1.25, 'RTURN', 'CAR', '2016-10-19 05:51:56', 201, 0, '0000-00-00 00:00:00', 0),
(2840, 5, 0, 20168.3, 1.25, 'PED', 'CAR', '2016-10-19 05:51:57', 201, 0, '0000-00-00 00:00:00', 0),
(2841, 5, 0, 20169, 1.25, 'RTURN', 'CAR', '2016-10-19 05:51:57', 201, 0, '0000-00-00 00:00:00', 0),
(2842, 5, 0, 20166.8, 1.25, 'RTURN', 'CAR', '2016-10-19 05:51:57', 201, 0, '0000-00-00 00:00:00', 0),
(2843, 5, 0, 20171.3, 1.25, 'RTURN', 'CAR', '2016-10-19 05:51:57', 201, 0, '0000-00-00 00:00:00', 0),
(2844, 5, 0, 20182.5, 1.25, 'PED', 'CAR', '2016-10-19 05:51:58', 201, 0, '0000-00-00 00:00:00', 0),
(2845, 5, 0, 20185.5, 1.25, 'STRAIGHT', 'CAR', '2016-10-19 05:51:58', 201, 0, '0000-00-00 00:00:00', 0),
(2846, 5, 0, 20190.1, 1.25, 'RTURN', 'CAR', '2016-10-19 05:51:59', 201, 0, '0000-00-00 00:00:00', 0),
(2847, 5, 0, 20193, 1.25, 'STRAIGHT', 'CAR', '2016-10-19 05:51:59', 201, 0, '0000-00-00 00:00:00', 0),
(2848, 5, 0, 20194.5, 1.25, 'STRAIGHT', 'CAR', '2016-10-19 05:51:59', 201, 0, '0000-00-00 00:00:00', 0),
(2849, 5, 0, 20196.8, 1.25, 'PED', 'CAR', '2016-10-19 05:52:00', 201, 0, '0000-00-00 00:00:00', 0),
(2850, 5, 0, 20199, 1.25, 'PED', 'CAR', '2016-10-19 05:52:00', 201, 0, '0000-00-00 00:00:00', 0),
(2851, 5, 0, 20206.5, 1.25, 'PED', 'CAR', '2016-10-19 05:52:01', 201, 0, '0000-00-00 00:00:00', 0),
(2852, 5, 0, 20216.3, 1.25, 'PED', 'CAR', '2016-10-19 05:52:02', 201, 0, '0000-00-00 00:00:00', 0),
(2853, 5, 0, 20218.5, 1.25, 'PED', 'CAR', '2016-10-19 05:52:02', 201, 0, '0000-00-00 00:00:00', 0),
(2854, 5, 0, 20220, 1.25, 'PED', 'CAR', '2016-10-19 05:52:02', 201, 0, '0000-00-00 00:00:00', 0),
(2855, 5, 0, 20221.5, 1.25, 'PED', 'CAR', '2016-10-19 05:52:02', 201, 0, '0000-00-00 00:00:00', 0),
(2856, 5, 0, 20225.3, 1.25, 'PED', 'CAR', '2016-10-19 05:52:03', 201, 0, '0000-00-00 00:00:00', 0),
(2857, 5, 0, 20223.8, 1.25, 'RTURN', 'CAR', '2016-10-19 05:52:03', 201, 0, '0000-00-00 00:00:00', 0),
(2858, 5, 0, 20227.5, 1.25, 'PED', 'CAR', '2016-10-19 05:52:03', 201, 0, '0000-00-00 00:00:00', 0),
(2859, 5, 0, 20230.5, 1.25, 'STRAIGHT', 'CAR', '2016-10-19 05:52:03', 201, 0, '0000-00-00 00:00:00', 0),
(2860, 5, 0, 20233.5, 1.25, 'STRAIGHT', 'CAR', '2016-10-19 05:52:04', 201, 0, '0000-00-00 00:00:00', 0),
(2861, 5, 0, 20243.3, 1.25, 'PED', 'CAR', '2016-10-19 05:52:05', 201, 0, '0000-00-00 00:00:00', 0),
(2862, 5, 0, 20243.3, 1.25, 'RTURN', 'CAR', '2016-10-19 05:52:05', 201, 0, '0000-00-00 00:00:00', 0),
(2863, 5, 0, 20249.3, 1.25, 'LTURN', 'CAR', '2016-10-19 05:52:05', 201, 0, '0000-00-00 00:00:00', 0),
(2864, 5, 0, 20251.5, 1.25, 'LTURN', 'CAR', '2016-10-19 05:52:06', 201, 0, '0000-00-00 00:00:00', 0),
(2865, 5, 0, 20256, 1.25, 'STRAIGHT', 'CAR', '2016-10-19 05:52:06', 201, 0, '0000-00-00 00:00:00', 0),
(2866, 5, 0, 20258.3, 1.25, 'STRAIGHT', 'CAR', '2016-10-19 05:52:06', 201, 0, '0000-00-00 00:00:00', 0),
(2867, 5, 0, 20260.5, 1.25, 'RTURN', 'CAR', '2016-10-19 05:52:06', 201, 0, '0000-00-00 00:00:00', 0),
(2868, 5, 0, 20267.3, 1.25, 'STRAIGHT', 'CAR', '2016-10-19 05:52:07', 201, 0, '0000-00-00 00:00:00', 0),
(2869, 5, 0, 20267.3, 1.25, 'PED', 'CAR', '2016-10-19 05:52:07', 201, 0, '0000-00-00 00:00:00', 0),
(2870, 5, 0, 20268.8, 1.25, 'PED', 'CAR', '2016-10-19 05:52:07', 201, 0, '0000-00-00 00:00:00', 0),
(2871, 5, 0, 20417.3, 1.25, 'STRAIGHT', 'CAR', '2016-10-19 05:52:23', 201, 0, '0000-00-00 00:00:00', 0),
(2872, 5, 0, 20419.5, 1.25, 'STRAIGHT', 'CAR', '2016-10-19 05:52:24', 201, 0, '0000-00-00 00:00:00', 0),
(2873, 5, 0, 20424.8, 1.25, 'STRAIGHT', 'CAR', '2016-10-19 05:52:24', 201, 0, '0000-00-00 00:00:00', 0),
(2874, 5, 0, 20422.5, 1.25, 'STRAIGHT', 'CAR', '2016-10-19 05:52:24', 201, 0, '0000-00-00 00:00:00', 0),
(2875, 5, 0, 20425.5, 1.25, 'PED', 'CAR', '2016-10-19 05:52:24', 201, 0, '0000-00-00 00:00:00', 0),
(2876, 5, 0, 20427, 1.25, 'PED', 'CAR', '2016-10-19 05:52:24', 201, 0, '0000-00-00 00:00:00', 0),
(2877, 5, 0, 20427.8, 1.25, 'STRAIGHT', 'CAR', '2016-10-19 05:52:24', 201, 0, '0000-00-00 00:00:00', 0),
(2878, 5, 0, 20429.3, 1.25, 'PED', 'CAR', '2016-10-19 05:52:24', 201, 0, '0000-00-00 00:00:00', 0),
(2879, 5, 0, 20426.3, 1.25, 'STRAIGHT', 'CAR', '2016-10-19 05:52:24', 201, 0, '0000-00-00 00:00:00', 0),
(2880, 5, 0, 20430, 1.25, 'STRAIGHT', 'CAR', '2016-10-19 05:52:25', 201, 0, '0000-00-00 00:00:00', 0),
(2881, 5, 0, 20430, 1.25, 'RTURN', 'CAR', '2016-10-19 05:52:25', 201, 0, '0000-00-00 00:00:00', 0),
(2882, 5, 0, 20431.5, 1.25, 'STRAIGHT', 'CAR', '2016-10-19 05:52:25', 201, 0, '0000-00-00 00:00:00', 0),
(2883, 5, 0, 20442, 1.25, 'PED', 'CAR', '2016-10-19 05:52:26', 201, 0, '0000-00-00 00:00:00', 0),
(2884, 5, 0, 20442.8, 1.25, 'STRAIGHT', 'CAR', '2016-10-19 05:52:26', 201, 0, '0000-00-00 00:00:00', 0),
(2885, 5, 0, 20444.3, 1.25, 'STRAIGHT', 'CAR', '2016-10-19 05:52:26', 201, 0, '0000-00-00 00:00:00', 0),
(2886, 5, 0, 20877, 1.25, 'STRAIGHT', 'CAR', '2016-10-19 05:53:13', 201, 0, '0000-00-00 00:00:00', 0),
(2887, 5, 0, 20883, 1.25, 'PED', 'CAR', '2016-10-19 05:53:13', 201, 0, '0000-00-00 00:00:00', 0),
(2888, 5, 0, 20881.5, 1.25, 'PED', 'CAR', '2016-10-19 05:53:13', 201, 0, '0000-00-00 00:00:00', 0),
(2889, 5, 0, 20882.3, 1.25, 'STRAIGHT', 'CAR', '2016-10-19 05:53:13', 201, 0, '0000-00-00 00:00:00', 0),
(2890, 5, 0, 20883.8, 1.25, 'STRAIGHT', 'CAR', '2016-10-19 05:53:13', 201, 0, '0000-00-00 00:00:00', 0),
(2891, 5, 0, 20886, 1.25, 'PED', 'BICYCLE', '2016-10-19 05:53:13', 201, 0, '0000-00-00 00:00:00', 0),
(2892, 5, 0, 20886.8, 1.25, 'STRAIGHT', 'CAR', '2016-10-19 05:53:13', 201, 0, '0000-00-00 00:00:00', 0),
(2893, 5, 0, 20880.8, 1.25, 'STRAIGHT', 'CAR', '2016-10-19 05:53:14', 201, 0, '0000-00-00 00:00:00', 0),
(2894, 5, 0, 20930.3, 1.25, 'STRAIGHT', 'CAR', '2016-10-19 05:53:18', 201, 0, '0000-00-00 00:00:00', 0),
(2895, 5, 0, 20932.5, 1.25, 'STRAIGHT', 'CAR', '2016-10-19 05:53:18', 201, 0, '0000-00-00 00:00:00', 0),
(2896, 5, 0, 20937, 1.25, 'LTURN', 'CAR', '2016-10-19 05:53:19', 201, 0, '0000-00-00 00:00:00', 0),
(2897, 5, 0, 20938.5, 1.25, 'LTURN', 'CAR', '2016-10-19 05:53:19', 201, 0, '0000-00-00 00:00:00', 0),
(2898, 5, 0, 20943.8, 1.25, 'RTURN', 'CAR', '2016-10-19 05:53:19', 201, 0, '0000-00-00 00:00:00', 0),
(2899, 5, 0, 20946.8, 1.25, 'STRAIGHT', 'CAR', '2016-10-19 05:53:20', 201, 0, '0000-00-00 00:00:00', 0),
(2900, 5, 0, 20951.3, 1.25, 'LTURN', 'CAR', '2016-10-19 05:53:20', 201, 0, '0000-00-00 00:00:00', 0),
(2901, 5, 0, 20958.8, 1.25, 'UTURN', 'CAR', '2016-10-19 05:53:21', 201, 0, '0000-00-00 00:00:00', 0),
(2902, 5, 0, 20964, 1.25, 'LTURN', 'BICYCLE', '2016-10-19 05:53:21', 201, 0, '0000-00-00 00:00:00', 0),
(2903, 5, 0, 20969.3, 1.25, 'STRAIGHT', 'BICYCLE', '2016-10-19 05:53:22', 201, 0, '0000-00-00 00:00:00', 0),
(2904, 5, 0, 20974.5, 1.25, 'RTURN', 'BICYCLE', '2016-10-19 05:53:23', 201, 0, '0000-00-00 00:00:00', 0),
(2905, 5, 0, 20984.3, 1.25, 'UTURN', 'BICYCLE', '2016-10-19 05:53:24', 201, 0, '0000-00-00 00:00:00', 0),
(2906, 5, 0, 20989.5, 1.25, 'PED', 'BICYCLE', '2016-10-19 05:53:24', 201, 0, '0000-00-00 00:00:00', 0),
(2907, 5, 0, 20997, 1.25, 'STRAIGHT', 'TRUCK', '2016-10-19 05:53:25', 201, 0, '0000-00-00 00:00:00', 0),
(2908, 5, 0, 21003, 1.25, 'RTURN', 'TRUCK', '2016-10-19 05:53:26', 201, 0, '0000-00-00 00:00:00', 0),
(2909, 5, 0, 21010.5, 1.25, 'STRAIGHT', 'TRUCK', '2016-10-19 05:53:26', 201, 0, '0000-00-00 00:00:00', 0),
(2910, 5, 0, 21033.8, 1.25, 'LTURN', 'TRUCK', '2016-10-19 05:53:29', 201, 0, '0000-00-00 00:00:00', 0),
(2911, 5, 0, 21042.8, 1.25, 'STRAIGHT', 'CAR', '2016-10-19 05:53:30', 201, 0, '0000-00-00 00:00:00', 0),
(2912, 5, 0, 21047.3, 1.25, 'RTURN', 'CAR', '2016-10-19 05:53:30', 201, 0, '0000-00-00 00:00:00', 0),
(2913, 5, 0, 21056.3, 1.25, 'UTURN', 'CAR', '2016-10-19 05:53:31', 201, 0, '0000-00-00 00:00:00', 0),
(2914, 5, 0, 21060, 1.25, 'PED', 'CAR', '2016-10-19 05:53:32', 201, 0, '0000-00-00 00:00:00', 0),
(2915, 5, 0, 21062.3, 1.25, 'PED', 'CAR', '2016-10-19 05:53:32', 201, 0, '0000-00-00 00:00:00', 0),
(2916, 5, 0, 21066, 1.25, 'RTURN', 'CAR', '2016-10-19 05:53:32', 201, 0, '0000-00-00 00:00:00', 0),
(2917, 5, 0, 21069, 1.25, 'STRAIGHT', 'CAR', '2016-10-19 05:53:33', 201, 0, '0000-00-00 00:00:00', 0),
(2918, 5, 0, 21077.3, 1.25, 'LTURN', 'CAR', '2016-10-19 05:53:34', 201, 0, '0000-00-00 00:00:00', 0),
(2919, 5, 0, 21079.5, 1.25, 'LTURN', 'CAR', '2016-10-19 05:53:34', 201, 0, '0000-00-00 00:00:00', 0),
(2920, 5, 0, 21082.5, 1.25, 'STRAIGHT', 'CAR', '2016-10-19 05:53:34', 201, 0, '0000-00-00 00:00:00', 0),
(2921, 5, 0, 21085.5, 1.25, 'STRAIGHT', 'CAR', '2016-10-19 05:53:34', 201, 0, '0000-00-00 00:00:00', 0),
(2922, 5, 0, 21087.8, 1.25, 'STRAIGHT', 'CAR', '2016-10-19 05:53:35', 201, 0, '0000-00-00 00:00:00', 0),
(2923, 5, 0, 21085.5, 1.25, 'STRAIGHT', 'CAR', '2016-10-19 05:53:35', 201, 0, '0000-00-00 00:00:00', 0),
(2924, 5, 0, 21090.8, 1.25, 'STRAIGHT', 'CAR', '2016-10-19 05:53:35', 201, 0, '0000-00-00 00:00:00', 0),
(2925, 5, 0, 21091.5, 1.25, 'STRAIGHT', 'CAR', '2016-10-19 05:53:35', 201, 0, '0000-00-00 00:00:00', 0),
(2926, 5, 0, 21093.8, 1.25, 'STRAIGHT', 'TRUCK', '2016-10-19 05:53:35', 201, 0, '0000-00-00 00:00:00', 0),
(2927, 5, 0, 21092.3, 1.25, 'STRAIGHT', 'CAR', '2016-10-19 05:53:35', 201, 0, '0000-00-00 00:00:00', 0),
(2928, 5, 0, 21100.5, 1.25, 'RTURN', 'CAR', '2016-10-19 05:53:36', 201, 0, '0000-00-00 00:00:00', 0),
(2929, 5, 0, 21103.5, 1.25, 'RTURN', 'TRUCK', '2016-10-19 05:53:36', 201, 0, '0000-00-00 00:00:00', 0),
(2930, 5, 0, 21111.8, 1.25, 'LTURN', 'TRUCK', '2016-10-19 05:53:37', 201, 0, '0000-00-00 00:00:00', 0),
(2931, 5, 0, 21119.3, 1.25, 'UTURN', 'TRUCK', '2016-10-19 05:53:38', 201, 0, '0000-00-00 00:00:00', 0),
(2932, 5, 0, 21126, 1.25, 'PED', 'TRUCK', '2016-10-19 05:53:39', 201, 0, '0000-00-00 00:00:00', 0),
(2933, 5, 0, 21130.5, 1.25, 'RTURN', 'CAR', '2016-10-19 05:53:39', 201, 0, '0000-00-00 00:00:00', 0),
(2934, 5, 0, 21134.3, 1.25, 'STRAIGHT', 'CAR', '2016-10-19 05:53:40', 201, 0, '0000-00-00 00:00:00', 0),
(2935, 5, 0, 21143.3, 1.25, 'PED', 'CAR', '2016-10-19 05:53:41', 201, 0, '0000-00-00 00:00:00', 0),
(2936, 5, 0, 21147, 1.25, 'LTURN', 'CAR', '2016-10-19 05:53:41', 201, 0, '0000-00-00 00:00:00', 0),
(2937, 5, 0, 21147.8, 1.25, 'LTURN', 'CAR', '2016-10-19 05:53:41', 201, 0, '0000-00-00 00:00:00', 0),
(2938, 5, 0, 21150.8, 1.25, 'LTURN', 'CAR', '2016-10-19 05:53:41', 201, 0, '0000-00-00 00:00:00', 0),
(2939, 5, 0, 21153, 1.25, 'RTURN', 'CAR', '2016-10-19 05:53:42', 201, 0, '0000-00-00 00:00:00', 0),
(2940, 5, 0, 21149.3, 1.25, 'LTURN', 'CAR', '2016-10-19 05:53:43', 201, 0, '0000-00-00 00:00:00', 0),
(2941, 5, 0, 21279.8, 1.25, 'STRAIGHT', 'CAR', '2016-10-19 05:53:55', 201, 0, '0000-00-00 00:00:00', 0),
(2942, 5, 0, 21281.3, 1.25, 'STRAIGHT', 'CAR', '2016-10-19 05:53:56', 201, 0, '0000-00-00 00:00:00', 0),
(2943, 5, 0, 21288, 1.25, 'PED', 'CAR', '2016-10-19 05:53:56', 201, 0, '0000-00-00 00:00:00', 0),
(2944, 5, 0, 21288.8, 1.25, 'STRAIGHT', 'CAR', '2016-10-19 05:53:56', 201, 0, '0000-00-00 00:00:00', 0),
(2945, 5, 0, 21292.5, 1.25, 'STRAIGHT', 'CAR', '2016-10-19 05:53:56', 201, 0, '0000-00-00 00:00:00', 0),
(2946, 5, 0, 21291, 1.25, 'PED', 'CAR', '2016-10-19 05:53:57', 201, 0, '0000-00-00 00:00:00', 0),
(2947, 5, 0, 21296.3, 1.25, 'STRAIGHT', 'CAR', '2016-10-19 05:53:57', 201, 0, '0000-00-00 00:00:00', 0),
(2948, 5, 0, 21290.3, 1.25, 'STRAIGHT', 'CAR', '2016-10-19 05:53:58', 201, 0, '0000-00-00 00:00:00', 0),
(2949, 5, 0, 21311.3, 1.25, 'STRAIGHT', 'CAR', '2016-10-19 05:53:58', 201, 0, '0000-00-00 00:00:00', 0),
(2950, 5, 0, 21312.8, 1.25, 'STRAIGHT', 'CAR', '2016-10-19 05:53:59', 201, 0, '0000-00-00 00:00:00', 0),
(2951, 5, 0, 21314.3, 1.25, 'STRAIGHT', 'CAR', '2016-10-19 05:53:59', 201, 0, '0000-00-00 00:00:00', 0),
(2952, 5, 0, 21315, 1.25, 'PED', 'CAR', '2016-10-19 05:53:59', 201, 0, '0000-00-00 00:00:00', 0),
(2953, 5, 0, 21316.5, 1.25, 'STRAIGHT', 'CAR', '2016-10-19 05:53:59', 201, 0, '0000-00-00 00:00:00', 0),
(2954, 5, 0, 21317.3, 1.25, 'PED', 'CAR', '2016-10-19 05:53:59', 201, 0, '0000-00-00 00:00:00', 0),
(2955, 5, 0, 21324.8, 1.25, 'PED', 'CAR', '2016-10-19 05:54:00', 201, 0, '0000-00-00 00:00:00', 0),
(2956, 5, 0, 21327, 1.25, 'PED', 'CAR', '2016-10-19 05:54:00', 201, 0, '0000-00-00 00:00:00', 0),
(2957, 5, 0, 21327.8, 1.25, 'RTURN', 'CAR', '2016-10-19 05:54:00', 201, 0, '0000-00-00 00:00:00', 0),
(2958, 5, 0, 21328.5, 1.25, 'PED', 'CAR', '2016-10-19 05:54:00', 201, 0, '0000-00-00 00:00:00', 0),
(2959, 5, 0, 21330, 1.25, 'STRAIGHT', 'CAR', '2016-10-19 05:54:01', 201, 0, '0000-00-00 00:00:00', 0),
(2960, 5, 0, 21330.8, 1.25, 'PED', 'CAR', '2016-10-19 05:54:01', 201, 0, '0000-00-00 00:00:00', 0),
(2961, 5, 0, 21333, 1.25, 'PED', 'CAR', '2016-10-19 05:54:01', 201, 0, '0000-00-00 00:00:00', 0),
(2962, 5, 0, 21333, 1.25, 'PED', 'CAR', '2016-10-19 05:54:01', 201, 0, '0000-00-00 00:00:00', 0),
(2963, 5, 0, 21333.8, 1.25, 'STRAIGHT', 'CAR', '2016-10-19 05:54:01', 201, 0, '0000-00-00 00:00:00', 0),
(2964, 5, 0, 21360.8, 1.25, 'PED', 'CAR', '2016-10-19 05:54:04', 201, 0, '0000-00-00 00:00:00', 0),
(2965, 5, 0, 21362.3, 1.25, 'STRAIGHT', 'CAR', '2016-10-19 05:54:04', 201, 0, '0000-00-00 00:00:00', 0),
(2966, 5, 0, 21363, 1.25, 'PED', 'BICYCLE', '2016-10-19 05:54:04', 201, 0, '0000-00-00 00:00:00', 0),
(2967, 5, 0, 21363.8, 1.25, 'STRAIGHT', 'CAR', '2016-10-19 05:54:04', 201, 0, '0000-00-00 00:00:00', 0),
(2968, 5, 0, 21366, 1.25, 'STRAIGHT', 'CAR', '2016-10-19 05:54:04', 201, 0, '0000-00-00 00:00:00', 0),
(2969, 5, 0, 21366.8, 1.25, 'PED', 'CAR', '2016-10-19 05:54:04', 201, 0, '0000-00-00 00:00:00', 0),
(2970, 5, 0, 21367.5, 1.25, 'STRAIGHT', 'CAR', '2016-10-19 05:54:05', 201, 0, '0000-00-00 00:00:00', 0),
(2971, 5, 0, 21369, 1.25, 'LTURN', 'CAR', '2016-10-19 05:54:05', 201, 0, '0000-00-00 00:00:00', 0),
(2972, 5, 0, 21373.5, 1.25, 'PED', 'CAR', '2016-10-19 05:54:05', 201, 0, '0000-00-00 00:00:00', 0),
(2973, 5, 0, 21375, 1.25, 'PED', 'CAR', '2016-10-19 05:54:05', 201, 0, '0000-00-00 00:00:00', 0),
(2974, 5, 0, 21378, 1.25, 'STRAIGHT', 'CAR', '2016-10-19 05:54:06', 201, 0, '0000-00-00 00:00:00', 0),
(2975, 5, 0, 21471, 1.25, 'STRAIGHT', 'CAR', '2016-10-19 05:54:16', 201, 0, '0000-00-00 00:00:00', 0),
(2976, 5, 0, 21471.8, 1.25, 'PED', 'CAR', '2016-10-19 05:54:16', 201, 0, '0000-00-00 00:00:00', 0),
(2977, 5, 0, 21473.3, 1.25, 'STRAIGHT', 'CAR', '2016-10-19 05:54:16', 201, 0, '0000-00-00 00:00:00', 0),
(2978, 5, 0, 21477.8, 1.25, 'PED', 'CAR', '2016-10-19 05:54:16', 201, 0, '0000-00-00 00:00:00', 0),
(2979, 5, 0, 21478.5, 1.25, 'STRAIGHT', 'CAR', '2016-10-19 05:54:16', 201, 0, '0000-00-00 00:00:00', 0),
(2980, 5, 0, 21481.5, 1.25, 'LTURN', 'CAR', '2016-10-19 05:54:17', 201, 0, '0000-00-00 00:00:00', 0),
(2981, 5, 0, 21481.5, 1.25, 'UTURN', 'CAR', '2016-10-19 05:54:17', 201, 0, '0000-00-00 00:00:00', 0),
(2982, 5, 0, 21483, 1.25, 'LTURN', 'CAR', '2016-10-19 05:54:17', 201, 0, '0000-00-00 00:00:00', 0),
(2983, 5, 0, 21483, 1.25, 'UTURN', 'CAR', '2016-10-19 05:54:17', 201, 0, '0000-00-00 00:00:00', 0),
(2984, 5, 0, 21484.5, 1.25, 'STRAIGHT', 'CAR', '2016-10-19 05:54:17', 201, 0, '0000-00-00 00:00:00', 0),
(2985, 5, 0, 21474.8, 1.25, 'STRAIGHT', 'CAR', '2016-10-19 05:54:17', 201, 0, '0000-00-00 00:00:00', 0),
(2986, 5, 0, 21567.8, 1.25, 'STRAIGHT', 'CAR', '2016-10-19 05:54:26', 201, 0, '0000-00-00 00:00:00', 0),
(2987, 5, 0, 21568.5, 1.25, 'PED', 'CAR', '2016-10-19 05:54:26', 201, 0, '0000-00-00 00:00:00', 0),
(2988, 5, 0, 21569.3, 1.25, 'STRAIGHT', 'CAR', '2016-10-19 05:54:26', 201, 0, '0000-00-00 00:00:00', 0),
(2989, 5, 0, 21570.8, 1.25, 'STRAIGHT', 'CAR', '2016-10-19 05:54:27', 201, 0, '0000-00-00 00:00:00', 0),
(2990, 5, 0, 21576, 1.25, 'STRAIGHT', 'CAR', '2016-10-19 05:54:27', 201, 0, '0000-00-00 00:00:00', 0),
(2991, 5, 0, 21576, 1.25, 'RTURN', 'CAR', '2016-10-19 05:54:27', 201, 0, '0000-00-00 00:00:00', 0),
(2992, 5, 0, 21577.5, 1.25, 'PED', 'CAR', '2016-10-19 05:54:27', 201, 0, '0000-00-00 00:00:00', 0),
(2993, 5, 0, 21578.3, 1.25, 'STRAIGHT', 'CAR', '2016-10-19 05:54:27', 201, 0, '0000-00-00 00:00:00', 0),
(2994, 5, 0, 21579.8, 1.25, 'STRAIGHT', 'CAR', '2016-10-19 05:54:27', 201, 0, '0000-00-00 00:00:00', 0),
(2995, 5, 0, 21582, 1.25, 'STRAIGHT', 'CAR', '2016-10-19 05:54:27', 201, 0, '0000-00-00 00:00:00', 0),
(2996, 5, 0, 21582, 1.25, 'PED', 'CAR', '2016-10-19 05:54:27', 201, 0, '0000-00-00 00:00:00', 0),
(2997, 5, 0, 21583.5, 1.25, 'STRAIGHT', 'CAR', '2016-10-19 05:54:28', 201, 0, '0000-00-00 00:00:00', 0),
(2998, 5, 0, 21585, 1.25, 'PED', 'CAR', '2016-10-19 05:54:28', 201, 0, '0000-00-00 00:00:00', 0),
(2999, 5, 0, 21585, 1.25, 'STRAIGHT', 'CAR', '2016-10-19 05:54:28', 201, 0, '0000-00-00 00:00:00', 0),
(3000, 5, 0, 21587.3, 1.25, 'PED', 'CAR', '2016-10-19 05:54:28', 201, 0, '0000-00-00 00:00:00', 0),
(3001, 5, 0, 21663.8, 1.25, 'STRAIGHT', 'CAR', '2016-10-19 05:54:36', 201, 0, '0000-00-00 00:00:00', 0),
(3002, 5, 0, 21666, 1.25, 'STRAIGHT', 'CAR', '2016-10-19 05:54:37', 201, 0, '0000-00-00 00:00:00', 0),
(3003, 5, 0, 21666.8, 1.25, 'PED', 'CAR', '2016-10-19 05:54:37', 201, 0, '0000-00-00 00:00:00', 0),
(3004, 5, 0, 21667.5, 1.25, 'STRAIGHT', 'CAR', '2016-10-19 05:54:37', 201, 0, '0000-00-00 00:00:00', 0),
(3005, 5, 0, 21671.3, 1.25, 'STRAIGHT', 'CAR', '2016-10-19 05:54:37', 201, 0, '0000-00-00 00:00:00', 0),
(3006, 5, 0, 21672.8, 1.25, 'STRAIGHT', 'CAR', '2016-10-19 05:54:37', 201, 0, '0000-00-00 00:00:00', 0),
(3007, 5, 0, 21673.5, 1.25, 'PED', 'CAR', '2016-10-19 05:54:37', 201, 0, '0000-00-00 00:00:00', 0),
(3008, 5, 0, 21793.5, 2, 'STRAIGHT', 'CAR', '2016-10-19 05:54:46', 201, 0, '0000-00-00 00:00:00', 0),
(3009, 5, 0, 21794.3, 2, 'RTURN', 'CAR', '2016-10-19 05:54:46', 201, 0, '0000-00-00 00:00:00', 0),
(3010, 5, 0, 21804, 2, 'RTURN', 'CAR', '2016-10-19 05:54:47', 201, 0, '0000-00-00 00:00:00', 0),
(3011, 5, 0, 21802.5, 2, 'RTURN', 'CAR', '2016-10-19 05:54:47', 201, 0, '0000-00-00 00:00:00', 0),
(3012, 5, 0, 21802.5, 2, 'STRAIGHT', 'CAR', '2016-10-19 05:54:47', 201, 0, '0000-00-00 00:00:00', 0),
(3013, 5, 0, 21810.8, 2, 'STRAIGHT', 'TRUCK', '2016-10-19 05:54:47', 201, 0, '0000-00-00 00:00:00', 0),
(3014, 5, 0, 21810.8, 2, 'LTURN', 'TRUCK', '2016-10-19 05:54:47', 201, 0, '0000-00-00 00:00:00', 0),
(3015, 5, 0, 21810.8, 2, 'RTURN', 'TRUCK', '2016-10-19 05:54:47', 201, 0, '0000-00-00 00:00:00', 0),
(3016, 5, 0, 21889.5, 2, 'LTURN', 'CAR', '2016-10-19 05:54:53', 201, 0, '0000-00-00 00:00:00', 0),
(3017, 5, 0, 21894.8, 2, 'STRAIGHT', 'CAR', '2016-10-19 05:54:53', 201, 0, '0000-00-00 00:00:00', 0),
(3018, 5, 0, 21903, 2, 'RTURN', 'CAR', '2016-10-19 05:54:53', 201, 0, '0000-00-00 00:00:00', 0),
(3019, 5, 0, 21906, 2, 'RTURN', 'CAR', '2016-10-19 05:54:54', 201, 0, '0000-00-00 00:00:00', 0),
(3020, 5, 0, 21912.8, 2, 'STRAIGHT', 'CAR', '2016-10-19 05:54:54', 201, 0, '0000-00-00 00:00:00', 0),
(3021, 5, 0, 21915.8, 2, 'STRAIGHT', 'CAR', '2016-10-19 05:54:54', 201, 0, '0000-00-00 00:00:00', 0),
(3022, 5, 0, 21918.8, 2, 'STRAIGHT', 'CAR', '2016-10-19 05:54:54', 201, 0, '0000-00-00 00:00:00', 0),
(3023, 5, 0, 21944.3, 2, 'PED', 'CAR', '2016-10-19 05:54:56', 201, 0, '0000-00-00 00:00:00', 0),
(3024, 5, 0, 21974.3, 2, 'STRAIGHT', 'CAR', '2016-10-19 05:54:58', 201, 0, '0000-00-00 00:00:00', 0),
(3025, 5, 0, 21984.8, 2, 'STRAIGHT', 'CAR', '2016-10-19 05:54:59', 201, 0, '0000-00-00 00:00:00', 0),
(3026, 5, 0, 21990, 2, 'STRAIGHT', 'CAR', '2016-10-19 05:54:59', 201, 0, '0000-00-00 00:00:00', 0),
(3027, 5, 0, 21994.5, 2, 'PED', 'CAR', '2016-10-19 05:55:00', 201, 0, '0000-00-00 00:00:00', 0),
(3028, 5, 0, 21999.8, 2, 'STRAIGHT', 'CAR', '2016-10-19 05:55:00', 201, 0, '0000-00-00 00:00:00', 0),
(3029, 5, 0, 22007.3, 2, 'LTURN', 'CAR', '2016-10-19 05:55:00', 201, 0, '0000-00-00 00:00:00', 0),
(3030, 5, 0, 22020, 2, 'RTURN', 'CAR', '2016-10-19 05:55:01', 201, 0, '0000-00-00 00:00:00', 0),
(3031, 5, 0, 22024.5, 2, 'STRAIGHT', 'CAR', '2016-10-19 05:55:01', 201, 0, '0000-00-00 00:00:00', 0),
(3032, 5, 0, 22029.8, 2, 'PED', 'CAR', '2016-10-19 05:55:02', 201, 0, '0000-00-00 00:00:00', 0),
(3033, 5, 0, 22074, 2, 'STRAIGHT', 'CAR', '2016-10-19 05:55:05', 201, 0, '0000-00-00 00:00:00', 0),
(3034, 5, 0, 22079.3, 2, 'RTURN', 'CAR', '2016-10-19 05:55:05', 201, 0, '0000-00-00 00:00:00', 0),
(3035, 5, 0, 22081.3, 2, 'PED', 'CAR', '2016-10-19 05:55:05', 201, 0, '0000-00-00 00:00:00', 0),
(3036, 5, 0, 22081.3, 2, 'STRAIGHT', 'CAR', '2016-10-19 05:55:06', 201, 0, '0000-00-00 00:00:00', 0),
(3037, 5, 0, 22081.3, 1, 'STRAIGHT', 'CAR', '2016-10-19 05:55:27', 201, 0, '0000-00-00 00:00:00', 0),
(3038, 5, 0, 22081.3, 1, 'RTURN', 'CAR', '2016-10-19 05:55:27', 201, 0, '0000-00-00 00:00:00', 0),
(3039, 5, 0, 22081.3, 1, 'STRAIGHT', 'CAR', '2016-10-19 05:55:27', 201, 0, '0000-00-00 00:00:00', 0),
(3040, 5, 0, 22081.3, 1, 'STRAIGHT', 'CAR', '2016-10-19 05:55:27', 201, 0, '0000-00-00 00:00:00', 0),
(3041, 5, 0, 22081.3, 1, 'PED', 'CAR', '2016-10-19 05:55:27', 201, 0, '0000-00-00 00:00:00', 0),
(3042, 5, 0, 22081.3, 1, 'PED', 'CAR', '2016-10-19 05:55:28', 201, 0, '0000-00-00 00:00:00', 0),
(3043, 5, 0, 22081.3, 1, 'LTURN', 'CAR', '2016-10-19 05:55:28', 201, 0, '0000-00-00 00:00:00', 0),
(3044, 5, 0, 22086.8, 1, 'STRAIGHT', 'CAR', '2016-10-19 05:55:54', 201, 0, '0000-00-00 00:00:00', 0),
(3045, 5, 0, 22089, 1, 'STRAIGHT', 'CAR', '2016-10-19 05:55:54', 201, 0, '0000-00-00 00:00:00', 0),
(3046, 5, 0, 22093.5, 1, 'LTURN', 'CAR', '2016-10-19 05:55:55', 201, 0, '0000-00-00 00:00:00', 0),
(3047, 5, 0, 22095.8, 1, 'STRAIGHT', 'CAR', '2016-10-19 05:55:55', 201, 0, '0000-00-00 00:00:00', 0);
INSERT INTO `idax_video_counts` (`videocountid`, `layoutid`, `legindex`, `videoposition`, `videospeed`, `counttype`, `objecttype`, `countedtime`, `countedby_user`, `rejected`, `rejectedtime`, `rejectedby_user`) VALUES
(3048, 5, 0, 22097.3, 1, 'STRAIGHT', 'CAR', '2016-10-19 05:55:55', 201, 0, '0000-00-00 00:00:00', 0),
(3049, 5, 0, 22098.8, 1, 'RTURN', 'CAR', '2016-10-19 05:55:56', 201, 0, '0000-00-00 00:00:00', 0),
(3050, 5, 0, 22101.8, 1, 'PED', 'CAR', '2016-10-19 05:55:56', 201, 0, '0000-00-00 00:00:00', 0),
(3051, 5, 0, 22104.8, 1, 'STRAIGHT', 'CAR', '2016-10-19 05:55:56', 201, 0, '0000-00-00 00:00:00', 0),
(3052, 5, 0, 22106.3, 1, 'RTURN', 'CAR', '2016-10-19 05:55:57', 201, 0, '0000-00-00 00:00:00', 0),
(3053, 5, 0, 22108.5, 1, 'RTURN', 'BICYCLE', '2016-10-19 05:55:57', 201, 0, '0000-00-00 00:00:00', 0),
(3054, 5, 0, 22110.8, 1, 'STRAIGHT', 'CAR', '2016-10-19 05:55:57', 201, 0, '0000-00-00 00:00:00', 0),
(3055, 5, 0, 22112.3, 1, 'LTURN', 'CAR', '2016-10-19 05:55:57', 201, 0, '0000-00-00 00:00:00', 0),
(3056, 5, 0, 22114.5, 1, 'PED', 'CAR', '2016-10-19 05:55:58', 201, 0, '0000-00-00 00:00:00', 0),
(3057, 5, 0, 22116, 1, 'PED', 'CAR', '2016-10-19 05:55:58', 201, 0, '0000-00-00 00:00:00', 0),
(3058, 5, 0, 22118.3, 1, 'STRAIGHT', 'CAR', '2016-10-19 05:55:58', 201, 0, '0000-00-00 00:00:00', 0),
(3059, 5, 0, 22121.3, 1, 'STRAIGHT', 'CAR', '2016-10-19 05:55:59', 201, 0, '0000-00-00 00:00:00', 0),
(3060, 5, 0, 22136.3, 1, 'STRAIGHT', 'CAR', '2016-10-19 05:56:01', 201, 0, '0000-00-00 00:00:00', 0),
(3061, 5, 0, 22137.8, 1, 'STRAIGHT', 'CAR', '2016-10-19 05:56:01', 201, 0, '0000-00-00 00:00:00', 0),
(3062, 5, 0, 22140, 1, 'PED', 'CAR', '2016-10-19 05:56:01', 201, 0, '0000-00-00 00:00:00', 0),
(3063, 5, 0, 22138.5, 1, 'PED', 'CAR', '2016-10-19 05:56:01', 201, 0, '0000-00-00 00:00:00', 0),
(3064, 5, 0, 22141.5, 1, 'STRAIGHT', 'CAR', '2016-10-19 05:56:01', 201, 0, '0000-00-00 00:00:00', 0),
(3065, 5, 0, 22143, 1, 'PED', 'CAR', '2016-10-19 05:56:01', 201, 0, '0000-00-00 00:00:00', 0),
(3066, 5, 0, 22141.5, 1, 'PED', 'CAR', '2016-10-19 05:56:02', 201, 0, '0000-00-00 00:00:00', 0),
(3067, 5, 0, 22149, 1, 'RTURN', 'CAR', '2016-10-19 05:56:02', 201, 0, '0000-00-00 00:00:00', 0),
(3068, 5, 0, 22152, 1, 'STRAIGHT', 'CAR', '2016-10-19 05:56:03', 201, 0, '0000-00-00 00:00:00', 0),
(3069, 5, 0, 22153.5, 1, 'LTURN', 'CAR', '2016-10-19 05:56:03', 201, 0, '0000-00-00 00:00:00', 0),
(3070, 5, 0, 22154.3, 1, 'LTURN', 'BICYCLE', '2016-10-19 05:56:03', 201, 0, '0000-00-00 00:00:00', 0),
(3071, 5, 0, 22160.3, 1, 'STRAIGHT', 'CAR', '2016-10-19 05:56:04', 201, 0, '0000-00-00 00:00:00', 0),
(3072, 5, 0, 22160.3, 1, 'PED', 'CAR', '2016-10-19 05:56:04', 201, 0, '0000-00-00 00:00:00', 0),
(3073, 5, 0, 22164, 1, 'STRAIGHT', 'CAR', '2016-10-19 05:56:04', 201, 0, '0000-00-00 00:00:00', 0),
(3074, 5, 0, 22164, 1, 'PED', 'CAR', '2016-10-19 05:56:04', 201, 0, '0000-00-00 00:00:00', 0),
(3075, 5, 0, 22167.8, 1, 'STRAIGHT', 'CAR', '2016-10-19 05:56:05', 201, 0, '0000-00-00 00:00:00', 0),
(3076, 5, 0, 22167.8, 1, 'PED', 'CAR', '2016-10-19 05:56:05', 201, 0, '0000-00-00 00:00:00', 0),
(3077, 5, 0, 22188, 1.25, 'STRAIGHT', 'CAR', '2016-10-19 05:56:07', 201, 0, '0000-00-00 00:00:00', 0),
(3078, 5, 0, 22190.3, 1.25, 'STRAIGHT', 'CAR', '2016-10-19 05:56:07', 201, 0, '0000-00-00 00:00:00', 0),
(3079, 5, 0, 22191, 1.25, 'PED', 'CAR', '2016-10-19 05:56:08', 201, 0, '0000-00-00 00:00:00', 0),
(3080, 5, 0, 22194.8, 1.25, 'PED', 'CAR', '2016-10-19 05:56:08', 201, 0, '0000-00-00 00:00:00', 0),
(3081, 5, 0, 22195.5, 1.25, 'PED', 'CAR', '2016-10-19 05:56:08', 201, 0, '0000-00-00 00:00:00', 0),
(3082, 5, 0, 22197, 1.25, 'PED', 'CAR', '2016-10-19 05:56:08', 201, 0, '0000-00-00 00:00:00', 0),
(3083, 5, 0, 22197.8, 1.25, 'RTURN', 'CAR', '2016-10-19 05:56:08', 201, 0, '0000-00-00 00:00:00', 0),
(3084, 5, 0, 22200, 1.25, 'RTURN', 'CAR', '2016-10-19 05:56:08', 201, 0, '0000-00-00 00:00:00', 0),
(3085, 5, 0, 22198.5, 1.25, 'RTURN', 'CAR', '2016-10-19 05:56:09', 201, 0, '0000-00-00 00:00:00', 0),
(3086, 5, 0, 22811.3, 1.25, 'STRAIGHT', 'CAR', '2016-10-19 05:57:14', 201, 0, '0000-00-00 00:00:00', 0),
(3087, 5, 0, 22813.5, 1.25, 'STRAIGHT', 'CAR', '2016-10-19 05:57:14', 201, 0, '0000-00-00 00:00:00', 0),
(3088, 5, 0, 22815, 1.25, 'STRAIGHT', 'CAR', '2016-10-19 05:57:14', 201, 0, '0000-00-00 00:00:00', 0),
(3089, 5, 0, 22824, 1.25, 'STRAIGHT', 'CAR', '2016-10-19 05:57:15', 201, 0, '0000-00-00 00:00:00', 0),
(3090, 5, 0, 22826.3, 1.25, 'STRAIGHT', 'CAR', '2016-10-19 05:57:15', 201, 0, '0000-00-00 00:00:00', 0),
(3091, 5, 0, 22827, 1.25, 'PED', 'CAR', '2016-10-19 05:57:15', 201, 0, '0000-00-00 00:00:00', 0),
(3092, 5, 0, 22828.5, 1.25, 'PED', 'CAR', '2016-10-19 05:57:15', 201, 0, '0000-00-00 00:00:00', 0),
(3093, 5, 0, 22831.5, 1.25, 'STRAIGHT', 'CAR', '2016-10-19 05:57:16', 201, 0, '0000-00-00 00:00:00', 0),
(3094, 5, 0, 22835.3, 1.25, 'RTURN', 'CAR', '2016-10-19 05:57:16', 201, 0, '0000-00-00 00:00:00', 0),
(3095, 5, 0, 22837.5, 1.25, 'RTURN', 'CAR', '2016-10-19 05:57:16', 201, 0, '0000-00-00 00:00:00', 0),
(3096, 5, 0, 22858.5, 1.25, 'RTURN', 'CAR', '2016-10-19 05:57:19', 201, 0, '0000-00-00 00:00:00', 0),
(3097, 5, 0, 22860.8, 1.25, 'RTURN', 'CAR', '2016-10-19 05:57:19', 201, 0, '0000-00-00 00:00:00', 0),
(3098, 5, 0, 22864.5, 1.25, 'RTURN', 'CAR', '2016-10-19 05:57:19', 201, 0, '0000-00-00 00:00:00', 0),
(3099, 5, 0, 22972.5, 1.25, 'STRAIGHT', 'CAR', '2016-10-19 05:57:31', 201, 0, '0000-00-00 00:00:00', 0),
(3100, 5, 0, 22972.5, 1.25, 'PED', 'CAR', '2016-10-19 05:57:31', 201, 0, '0000-00-00 00:00:00', 0),
(3101, 5, 0, 22974.8, 1.25, 'PED', 'CAR', '2016-10-19 05:57:31', 201, 0, '0000-00-00 00:00:00', 0),
(3102, 5, 0, 22974.8, 1.25, 'STRAIGHT', 'CAR', '2016-10-19 05:57:31', 201, 0, '0000-00-00 00:00:00', 0),
(3103, 5, 0, 22976.3, 1.25, 'STRAIGHT', 'CAR', '2016-10-19 05:57:32', 201, 0, '0000-00-00 00:00:00', 0),
(3104, 5, 0, 22977.8, 1.25, 'PED', 'CAR', '2016-10-19 05:57:32', 201, 0, '0000-00-00 00:00:00', 0),
(3105, 5, 0, 22976.3, 1.25, 'PED', 'CAR', '2016-10-19 05:57:32', 201, 0, '0000-00-00 00:00:00', 0),
(3106, 5, 0, 22985.3, 1.25, 'PED', 'CAR', '2016-10-19 05:57:32', 201, 0, '0000-00-00 00:00:00', 0),
(3107, 5, 0, 22988.3, 1.25, 'RTURN', 'CAR', '2016-10-19 05:57:33', 201, 0, '0000-00-00 00:00:00', 0),
(3108, 5, 0, 22992.8, 1.25, 'RTURN', 'CAR', '2016-10-19 05:57:33', 201, 0, '0000-00-00 00:00:00', 0),
(3109, 5, 0, 22993.5, 1.25, 'RTURN', 'CAR', '2016-10-19 05:57:33', 201, 0, '0000-00-00 00:00:00', 0),
(3110, 5, 0, 22995, 1.25, 'STRAIGHT', 'CAR', '2016-10-19 05:57:33', 201, 0, '0000-00-00 00:00:00', 0),
(3111, 5, 0, 22995, 1.25, 'PED', 'CAR', '2016-10-19 05:57:33', 201, 0, '0000-00-00 00:00:00', 0),
(3112, 5, 0, 22996.5, 1.25, 'STRAIGHT', 'CAR', '2016-10-19 05:57:33', 201, 0, '0000-00-00 00:00:00', 0),
(3113, 5, 0, 22997.3, 1.25, 'PED', 'CAR', '2016-10-19 05:57:33', 201, 0, '0000-00-00 00:00:00', 0),
(3114, 5, 0, 22998.8, 1.25, 'STRAIGHT', 'CAR', '2016-10-19 05:57:34', 201, 0, '0000-00-00 00:00:00', 0),
(3115, 5, 0, 22998.8, 1.25, 'PED', 'CAR', '2016-10-19 05:57:34', 201, 0, '0000-00-00 00:00:00', 0),
(3116, 5, 0, 23018.3, 1, 'RTURN', 'CAR', '2016-10-19 05:58:27', 201, 0, '0000-00-00 00:00:00', 0),
(3117, 5, 0, 23019.8, 1, 'STRAIGHT', 'CAR', '2016-10-19 05:58:27', 201, 0, '0000-00-00 00:00:00', 0),
(3118, 5, 0, 23020.5, 1, 'RTURN', 'CAR', '2016-10-19 05:58:27', 201, 0, '0000-00-00 00:00:00', 0),
(3119, 5, 0, 23022.8, 1, 'STRAIGHT', 'CAR', '2016-10-19 05:58:27', 201, 0, '0000-00-00 00:00:00', 0),
(3120, 5, 0, 23023.5, 1, 'PED', 'CAR', '2016-10-19 05:58:27', 201, 0, '0000-00-00 00:00:00', 0),
(3121, 5, 0, 23022, 1, 'PED', 'CAR', '2016-10-19 05:58:27', 201, 0, '0000-00-00 00:00:00', 0),
(3122, 5, 0, 23025, 1, 'PED', 'CAR', '2016-10-19 05:58:27', 201, 0, '0000-00-00 00:00:00', 0),
(3123, 5, 0, 23038.5, 1, 'RTURN', 'CAR', '2016-10-19 05:58:29', 201, 0, '0000-00-00 00:00:00', 0),
(3124, 5, 0, 23038.5, 1, 'STRAIGHT', 'CAR', '2016-10-19 05:58:29', 201, 0, '0000-00-00 00:00:00', 0),
(3125, 5, 0, 23040, 1, 'STRAIGHT', 'CAR', '2016-10-19 05:58:29', 201, 0, '0000-00-00 00:00:00', 0),
(3126, 5, 0, 23040.8, 1, 'RTURN', 'CAR', '2016-10-19 05:58:29', 201, 0, '0000-00-00 00:00:00', 0),
(3127, 5, 0, 23041.5, 1, 'STRAIGHT', 'CAR', '2016-10-19 05:58:29', 201, 0, '0000-00-00 00:00:00', 0),
(3128, 5, 0, 23087.3, 1, 'PED', 'CAR', '2016-10-19 05:58:36', 201, 0, '0000-00-00 00:00:00', 0),
(3129, 5, 0, 23088, 1, 'STRAIGHT', 'CAR', '2016-10-19 05:58:36', 201, 0, '0000-00-00 00:00:00', 0),
(3130, 5, 0, 23088.8, 1, 'PED', 'CAR', '2016-10-19 05:58:36', 201, 0, '0000-00-00 00:00:00', 0),
(3131, 5, 0, 23089.5, 1, 'STRAIGHT', 'CAR', '2016-10-19 05:58:36', 201, 0, '0000-00-00 00:00:00', 0),
(3132, 5, 0, 23090.3, 1, 'PED', 'CAR', '2016-10-19 05:58:36', 201, 0, '0000-00-00 00:00:00', 0),
(3133, 5, 0, 23090.3, 1, 'PED', 'CAR', '2016-10-19 05:58:36', 201, 0, '0000-00-00 00:00:00', 0),
(3134, 5, 0, 23091, 1, 'STRAIGHT', 'BICYCLE', '2016-10-19 05:58:36', 201, 0, '0000-00-00 00:00:00', 0),
(3135, 5, 0, 23092.5, 1, 'STRAIGHT', 'CAR', '2016-10-19 05:58:36', 201, 0, '0000-00-00 00:00:00', 0),
(3136, 5, 0, 23094, 1, 'STRAIGHT', 'CAR', '2016-10-19 05:58:37', 201, 0, '0000-00-00 00:00:00', 0),
(3137, 5, 0, 23095.5, 1, 'STRAIGHT', 'CAR', '2016-10-19 05:58:37', 201, 0, '0000-00-00 00:00:00', 0),
(3138, 5, 0, 23140.5, 1, 'PED', 'CAR', '2016-10-19 05:58:43', 201, 0, '0000-00-00 00:00:00', 0),
(3139, 5, 0, 23140.5, 1, 'STRAIGHT', 'CAR', '2016-10-19 05:58:43', 201, 0, '0000-00-00 00:00:00', 0),
(3140, 5, 0, 23142, 1, 'PED', 'CAR', '2016-10-19 05:58:43', 201, 0, '0000-00-00 00:00:00', 0),
(3141, 5, 0, 23143.5, 1, 'PED', 'CAR', '2016-10-19 05:58:43', 201, 0, '0000-00-00 00:00:00', 0),
(3142, 5, 0, 23144.3, 1, 'PED', 'CAR', '2016-10-19 05:58:43', 201, 0, '0000-00-00 00:00:00', 0),
(3143, 5, 0, 23145.8, 1, 'STRAIGHT', 'CAR', '2016-10-19 05:58:43', 201, 0, '0000-00-00 00:00:00', 0),
(3144, 5, 0, 23147.3, 1, 'PED', 'CAR', '2016-10-19 05:58:44', 201, 0, '0000-00-00 00:00:00', 0),
(3145, 5, 0, 23166.8, 1, 'STRAIGHT', 'CAR', '2016-10-19 05:58:46', 201, 0, '0000-00-00 00:00:00', 0),
(3146, 5, 0, 23170.5, 1, 'PED', 'CAR', '2016-10-19 05:58:47', 201, 0, '0000-00-00 00:00:00', 0),
(3147, 5, 0, 23174.3, 1, 'STRAIGHT', 'CAR', '2016-10-19 05:58:47', 201, 0, '0000-00-00 00:00:00', 0),
(3148, 5, 0, 23175, 1, 'PED', 'CAR', '2016-10-19 05:58:47', 201, 0, '0000-00-00 00:00:00', 0),
(3149, 5, 0, 23175, 1, 'RTURN', 'CAR', '2016-10-19 05:58:47', 201, 0, '0000-00-00 00:00:00', 0),
(3150, 5, 0, 23175, 1, 'STRAIGHT', 'CAR', '2016-10-19 05:58:47', 201, 0, '0000-00-00 00:00:00', 0),
(3151, 5, 0, 23176.5, 1, 'STRAIGHT', 'CAR', '2016-10-19 05:58:47', 201, 0, '0000-00-00 00:00:00', 0),
(3152, 5, 0, 23263.5, 1, 'LTURN', 'CAR', '2016-10-19 05:58:59', 201, 0, '0000-00-00 00:00:00', 0),
(3153, 5, 0, 23264.3, 1, 'PED', 'CAR', '2016-10-19 05:58:59', 201, 0, '0000-00-00 00:00:00', 0),
(3154, 5, 0, 23265, 1, 'LTURN', 'CAR', '2016-10-19 05:58:59', 201, 0, '0000-00-00 00:00:00', 0),
(3155, 5, 0, 23268, 1, 'STRAIGHT', 'CAR', '2016-10-19 05:59:00', 201, 0, '0000-00-00 00:00:00', 0),
(3156, 5, 0, 23267.3, 1, 'RTURN', 'CAR', '2016-10-19 05:59:00', 201, 0, '0000-00-00 00:00:00', 0),
(3157, 5, 0, 23269.5, 1, 'STRAIGHT', 'CAR', '2016-10-19 05:59:00', 201, 0, '0000-00-00 00:00:00', 0),
(3158, 5, 0, 23270.3, 1, 'RTURN', 'CAR', '2016-10-19 05:59:00', 201, 0, '0000-00-00 00:00:00', 0),
(3159, 5, 0, 23271, 1, 'STRAIGHT', 'CAR', '2016-10-19 05:59:00', 201, 0, '0000-00-00 00:00:00', 0),
(3160, 5, 0, 23274, 1, 'LTURN', 'CAR', '2016-10-19 05:59:00', 201, 0, '0000-00-00 00:00:00', 0),
(3161, 5, 0, 23274.8, 1, 'PED', 'CAR', '2016-10-19 05:59:01', 201, 0, '0000-00-00 00:00:00', 0),
(3162, 5, 0, 23276.3, 1, 'LTURN', 'CAR', '2016-10-19 05:59:01', 201, 0, '0000-00-00 00:00:00', 0),
(3163, 5, 0, 23277.8, 1, 'LTURN', 'CAR', '2016-10-19 05:59:01', 201, 0, '0000-00-00 00:00:00', 0),
(3164, 5, 0, 23279.3, 1, 'STRAIGHT', 'CAR', '2016-10-19 05:59:01', 201, 0, '0000-00-00 00:00:00', 0),
(3165, 5, 0, 23285.3, 1, 'PED', 'CAR', '2016-10-19 05:59:02', 201, 0, '0000-00-00 00:00:00', 0),
(3166, 5, 0, 23295, 1, 'STRAIGHT', 'CAR', '2016-10-19 05:59:03', 201, 0, '0000-00-00 00:00:00', 0),
(3167, 5, 0, 23298.8, 1, 'STRAIGHT', 'CAR', '2016-10-19 05:59:04', 201, 0, '0000-00-00 00:00:00', 0),
(3168, 5, 0, 23298.8, 1, 'PED', 'CAR', '2016-10-19 05:59:04', 201, 0, '0000-00-00 00:00:00', 0),
(3169, 5, 0, 23309.3, 1, 'PED', 'CAR', '2016-10-19 05:59:05', 201, 0, '0000-00-00 00:00:00', 0),
(3170, 5, 0, 23312.3, 1, 'RTURN', 'CAR', '2016-10-19 05:59:06', 201, 0, '0000-00-00 00:00:00', 0),
(3171, 5, 0, 23313.8, 1, 'STRAIGHT', 'CAR', '2016-10-19 05:59:06', 201, 0, '0000-00-00 00:00:00', 0),
(3172, 5, 0, 23314.5, 1, 'RTURN', 'CAR', '2016-10-19 05:59:06', 201, 0, '0000-00-00 00:00:00', 0),
(3173, 5, 0, 23316.8, 1, 'RTURN', 'CAR', '2016-10-19 05:59:06', 201, 0, '0000-00-00 00:00:00', 0),
(3174, 5, 0, 23320.5, 1, 'LTURN', 'CAR', '2016-10-19 05:59:07', 201, 0, '0000-00-00 00:00:00', 0),
(3175, 5, 0, 23322, 1, 'STRAIGHT', 'CAR', '2016-10-19 05:59:07', 201, 0, '0000-00-00 00:00:00', 0),
(3176, 5, 0, 23323.6, 1, 'STRAIGHT', 'CAR', '2016-10-19 05:59:07', 201, 0, '0000-00-00 00:00:00', 0),
(3177, 5, 0, 23322.8, 1, 'RTURN', 'CAR', '2016-10-19 05:59:07', 201, 0, '0000-00-00 00:00:00', 0),
(3178, 5, 0, 23328, 1, 'PED', 'CAR', '2016-10-19 05:59:08', 201, 0, '0000-00-00 00:00:00', 0),
(3179, 5, 0, 23331, 1, 'STRAIGHT', 'CAR', '2016-10-19 05:59:08', 201, 0, '0000-00-00 00:00:00', 0),
(3180, 5, 0, 23332.5, 1, 'STRAIGHT', 'BICYCLE', '2016-10-19 05:59:08', 201, 0, '0000-00-00 00:00:00', 0),
(3181, 5, 0, 23358, 1, 'STRAIGHT', 'CAR', '2016-10-19 05:59:12', 201, 0, '0000-00-00 00:00:00', 0),
(3182, 5, 0, 23359.5, 1, 'RTURN', 'CAR', '2016-10-19 05:59:12', 201, 0, '0000-00-00 00:00:00', 0),
(3183, 5, 0, 23360.3, 1, 'STRAIGHT', 'CAR', '2016-10-19 05:59:12', 201, 0, '0000-00-00 00:00:00', 0),
(3184, 5, 0, 23363.3, 1, 'LTURN', 'CAR', '2016-10-19 05:59:12', 201, 0, '0000-00-00 00:00:00', 0),
(3185, 5, 0, 23364, 1, 'PED', 'CAR', '2016-10-19 05:59:12', 201, 0, '0000-00-00 00:00:00', 0),
(3186, 5, 0, 23366.3, 1, 'STRAIGHT', 'CAR', '2016-10-19 05:59:13', 201, 0, '0000-00-00 00:00:00', 0),
(3187, 5, 0, 23367.8, 1, 'STRAIGHT', 'CAR', '2016-10-19 05:59:13', 201, 0, '0000-00-00 00:00:00', 0),
(3188, 5, 0, 23370.8, 1, 'RTURN', 'CAR', '2016-10-19 05:59:13', 201, 0, '0000-00-00 00:00:00', 0),
(3189, 5, 0, 23373.8, 1, 'PED', 'CAR', '2016-10-19 05:59:14', 201, 0, '0000-00-00 00:00:00', 0),
(3190, 5, 0, 23376, 1, 'PED', 'CAR', '2016-10-19 05:59:14', 201, 0, '0000-00-00 00:00:00', 0),
(3191, 5, 0, 23376.8, 1, 'PED', 'CAR', '2016-10-19 05:59:14', 201, 0, '0000-00-00 00:00:00', 0),
(3192, 5, 0, 23378.3, 1, 'PED', 'CAR', '2016-10-19 05:59:14', 201, 0, '0000-00-00 00:00:00', 0),
(3193, 5, 0, 23381.3, 1, 'RTURN', 'CAR', '2016-10-19 05:59:15', 201, 0, '0000-00-00 00:00:00', 0),
(3194, 5, 0, 23383.5, 1, 'STRAIGHT', 'CAR', '2016-10-19 05:59:15', 201, 0, '0000-00-00 00:00:00', 0),
(3195, 5, 0, 23386.5, 1, 'PED', 'CAR', '2016-10-19 05:59:16', 201, 0, '0000-00-00 00:00:00', 0),
(3196, 5, 0, 23388, 1, 'LTURN', 'CAR', '2016-10-19 05:59:16', 201, 0, '0000-00-00 00:00:00', 0),
(3197, 5, 0, 23388.8, 1, 'PED', 'CAR', '2016-10-19 05:59:16', 201, 0, '0000-00-00 00:00:00', 0),
(3198, 5, 0, 23389.5, 1, 'LTURN', 'CAR', '2016-10-19 05:59:16', 201, 0, '0000-00-00 00:00:00', 0),
(3199, 5, 0, 23391.8, 1, 'UTURN', 'CAR', '2016-10-19 05:59:16', 201, 0, '0000-00-00 00:00:00', 0),
(3200, 5, 0, 23392.5, 1, 'UTURN', 'CAR', '2016-10-19 05:59:16', 201, 0, '0000-00-00 00:00:00', 0),
(3201, 5, 0, 23396.3, 1, 'LTURN', 'CAR', '2016-10-19 05:59:17', 201, 0, '0000-00-00 00:00:00', 0),
(3202, 5, 0, 23397.8, 1, 'STRAIGHT', 'CAR', '2016-10-19 05:59:17', 201, 0, '0000-00-00 00:00:00', 0),
(3203, 5, 0, 23400, 1, 'RTURN', 'CAR', '2016-10-19 05:59:17', 201, 0, '0000-00-00 00:00:00', 0),
(3204, 5, 0, 23401.5, 1, 'PED', 'CAR', '2016-10-19 05:59:17', 201, 0, '0000-00-00 00:00:00', 0),
(3205, 5, 0, 23403, 1, 'STRAIGHT', 'CAR', '2016-10-19 05:59:18', 201, 0, '0000-00-00 00:00:00', 0),
(3206, 5, 0, 23405.3, 1, 'RTURN', 'CAR', '2016-10-19 05:59:18', 201, 0, '0000-00-00 00:00:00', 0),
(3207, 5, 0, 23408.3, 1, 'LTURN', 'CAR', '2016-10-19 05:59:18', 201, 0, '0000-00-00 00:00:00', 0),
(3208, 5, 0, 23409.8, 1, 'UTURN', 'CAR', '2016-10-19 05:59:19', 201, 0, '0000-00-00 00:00:00', 0),
(3209, 5, 0, 23412.8, 1, 'RTURN', 'CAR', '2016-10-19 05:59:19', 201, 0, '0000-00-00 00:00:00', 0),
(3210, 5, 0, 23414.3, 1, 'STRAIGHT', 'CAR', '2016-10-19 05:59:19', 201, 0, '0000-00-00 00:00:00', 0),
(3211, 5, 0, 23415, 1, 'STRAIGHT', 'CAR', '2016-10-19 05:59:19', 201, 0, '0000-00-00 00:00:00', 0),
(3212, 5, 0, 23416.5, 1, 'STRAIGHT', 'CAR', '2016-10-19 05:59:20', 201, 0, '0000-00-00 00:00:00', 0),
(3213, 5, 0, 23473.5, 1, 'STRAIGHT', 'CAR', '2016-10-19 05:59:27', 201, 0, '0000-00-00 00:00:00', 0),
(3214, 5, 0, 23474.3, 1, 'PED', 'CAR', '2016-10-19 05:59:27', 201, 0, '0000-00-00 00:00:00', 0),
(3215, 5, 0, 23475, 1, 'STRAIGHT', 'CAR', '2016-10-19 05:59:28', 201, 0, '0000-00-00 00:00:00', 0),
(3216, 5, 0, 23475.8, 1, 'PED', 'CAR', '2016-10-19 05:59:28', 201, 0, '0000-00-00 00:00:00', 0),
(3217, 5, 0, 23476.5, 1, 'STRAIGHT', 'CAR', '2016-10-19 05:59:28', 201, 0, '0000-00-00 00:00:00', 0),
(3218, 5, 0, 23479.5, 1, 'LTURN', 'CAR', '2016-10-19 05:59:28', 201, 0, '0000-00-00 00:00:00', 0),
(3219, 5, 0, 23480.3, 1, 'PED', 'CAR', '2016-10-19 05:59:28', 201, 0, '0000-00-00 00:00:00', 0),
(3220, 5, 0, 23481.8, 1, 'PED', 'CAR', '2016-10-19 05:59:28', 201, 0, '0000-00-00 00:00:00', 0),
(3221, 5, 0, 23483.3, 1, 'STRAIGHT', 'CAR', '2016-10-19 05:59:28', 201, 0, '0000-00-00 00:00:00', 0),
(3222, 5, 0, 23483.3, 1, 'PED', 'CAR', '2016-10-19 05:59:28', 201, 0, '0000-00-00 00:00:00', 0),
(3223, 5, 0, 23485.5, 1, 'STRAIGHT', 'CAR', '2016-10-19 05:59:29', 201, 0, '0000-00-00 00:00:00', 0),
(3224, 5, 0, 23486.3, 1, 'STRAIGHT', 'CAR', '2016-10-19 05:59:29', 201, 0, '0000-00-00 00:00:00', 0),
(3225, 5, 0, 23490.8, 1, 'STRAIGHT', 'CAR', '2016-10-19 05:59:29', 201, 0, '0000-00-00 00:00:00', 0),
(3226, 5, 0, 23490.8, 1, 'PED', 'CAR', '2016-10-19 05:59:29', 201, 0, '0000-00-00 00:00:00', 0),
(3227, 5, 0, 23492.3, 1, 'PED', 'CAR', '2016-10-19 05:59:30', 201, 0, '0000-00-00 00:00:00', 0),
(3228, 5, 0, 23493.8, 1, 'STRAIGHT', 'CAR', '2016-10-19 05:59:30', 201, 0, '0000-00-00 00:00:00', 0),
(3229, 5, 0, 23493.8, 1, 'PED', 'CAR', '2016-10-19 05:59:30', 201, 0, '0000-00-00 00:00:00', 0),
(3230, 5, 0, 23495.3, 1, 'STRAIGHT', 'CAR', '2016-10-19 05:59:30', 201, 0, '0000-00-00 00:00:00', 0),
(3231, 5, 0, 23496.8, 1, 'PED', 'CAR', '2016-10-19 05:59:30', 201, 0, '0000-00-00 00:00:00', 0),
(3232, 5, 0, 23507.3, 1, 'PED', 'CAR', '2016-10-19 05:59:32', 201, 0, '0000-00-00 00:00:00', 0),
(3233, 5, 0, 23508, 1, 'STRAIGHT', 'CAR', '2016-10-19 05:59:32', 201, 0, '0000-00-00 00:00:00', 0),
(3234, 5, 0, 23510.3, 1, 'STRAIGHT', 'CAR', '2016-10-19 05:59:32', 201, 0, '0000-00-00 00:00:00', 0),
(3235, 5, 0, 23511.8, 1, 'STRAIGHT', 'CAR', '2016-10-19 05:59:32', 201, 0, '0000-00-00 00:00:00', 0),
(3236, 5, 0, 23512.5, 1, 'PED', 'CAR', '2016-10-19 05:59:32', 201, 0, '0000-00-00 00:00:00', 0),
(3237, 5, 0, 23513.3, 1, 'LTURN', 'CAR', '2016-10-19 05:59:32', 201, 0, '0000-00-00 00:00:00', 0),
(3238, 5, 0, 23516.3, 1, 'PED', 'CAR', '2016-10-19 05:59:33', 201, 0, '0000-00-00 00:00:00', 0),
(3239, 5, 0, 23517, 1, 'STRAIGHT', 'CAR', '2016-10-19 05:59:33', 201, 0, '0000-00-00 00:00:00', 0),
(3240, 5, 0, 23591.3, 1, 'STRAIGHT', 'CAR', '2016-10-19 05:59:43', 201, 0, '0000-00-00 00:00:00', 0),
(3241, 5, 0, 23591.3, 1, 'LTURN', 'CAR', '2016-10-19 05:59:43', 201, 0, '0000-00-00 00:00:00', 0),
(3242, 5, 0, 23592.8, 1, 'STRAIGHT', 'CAR', '2016-10-19 05:59:43', 201, 0, '0000-00-00 00:00:00', 0),
(3243, 5, 0, 23592.8, 1, 'RTURN', 'CAR', '2016-10-19 05:59:43', 201, 0, '0000-00-00 00:00:00', 0),
(3244, 5, 0, 23592.8, 1, 'LTURN', 'CAR', '2016-10-19 05:59:43', 201, 0, '0000-00-00 00:00:00', 0),
(3245, 5, 0, 23594.3, 1, 'LTURN', 'CAR', '2016-10-19 05:59:43', 201, 0, '0000-00-00 00:00:00', 0),
(3246, 5, 0, 23594.3, 1, 'STRAIGHT', 'CAR', '2016-10-19 05:59:44', 201, 0, '0000-00-00 00:00:00', 0),
(3247, 5, 0, 23594.3, 1, 'RTURN', 'CAR', '2016-10-19 05:59:44', 201, 0, '0000-00-00 00:00:00', 0),
(3248, 5, 0, 23595.8, 1, 'STRAIGHT', 'CAR', '2016-10-19 05:59:44', 201, 0, '0000-00-00 00:00:00', 0),
(3249, 5, 0, 23595.8, 1, 'RTURN', 'CAR', '2016-10-19 05:59:44', 201, 0, '0000-00-00 00:00:00', 0),
(3250, 5, 0, 23596.5, 1, 'STRAIGHT', 'CAR', '2016-10-19 05:59:44', 201, 0, '0000-00-00 00:00:00', 0),
(3251, 5, 0, 23597.3, 1, 'RTURN', 'CAR', '2016-10-19 05:59:44', 201, 0, '0000-00-00 00:00:00', 0),
(3252, 5, 0, 23598, 1, 'STRAIGHT', 'CAR', '2016-10-19 05:59:44', 201, 0, '0000-00-00 00:00:00', 0),
(3253, 5, 0, 23598, 1, 'RTURN', 'CAR', '2016-10-19 05:59:44', 201, 0, '0000-00-00 00:00:00', 0),
(3254, 5, 0, 23599.5, 1, 'RTURN', 'CAR', '2016-10-19 05:59:44', 201, 0, '0000-00-00 00:00:00', 0),
(3255, 5, 0, 23603.3, 1, 'PED', 'CAR', '2016-10-19 05:59:44', 201, 0, '0000-00-00 00:00:00', 0),
(3256, 5, 0, 23604.8, 1, 'PED', 'CAR', '2016-10-19 05:59:45', 201, 0, '0000-00-00 00:00:00', 0),
(3257, 5, 0, 23607, 1, 'STRAIGHT', 'CAR', '2016-10-19 05:59:45', 201, 0, '0000-00-00 00:00:00', 0),
(3258, 5, 0, 23599.5, 1, 'STRAIGHT', 'CAR', '2016-10-19 05:59:45', 201, 0, '0000-00-00 00:00:00', 0),
(3259, 5, 0, 23608.5, 1, 'STRAIGHT', 'CAR', '2016-10-19 05:59:45', 201, 0, '0000-00-00 00:00:00', 0),
(3260, 5, 0, 23611.5, 1, 'LTURN', 'CAR', '2016-10-19 05:59:45', 201, 0, '0000-00-00 00:00:00', 0),
(3261, 5, 0, 23611.5, 1, 'STRAIGHT', 'CAR', '2016-10-19 05:59:45', 201, 0, '0000-00-00 00:00:00', 0),
(3262, 5, 0, 23613, 1, 'RTURN', 'CAR', '2016-10-19 05:59:46', 201, 0, '0000-00-00 00:00:00', 0),
(3263, 5, 0, 23613.8, 1, 'STRAIGHT', 'CAR', '2016-10-19 05:59:46', 201, 0, '0000-00-00 00:00:00', 0),
(3264, 5, 0, 23616.8, 1, 'RTURN', 'CAR', '2016-10-19 05:59:46', 201, 0, '0000-00-00 00:00:00', 0),
(3265, 5, 0, 23616.8, 1, 'RTURN', 'CAR', '2016-10-19 05:59:46', 201, 0, '0000-00-00 00:00:00', 0),
(3266, 5, 0, 23619, 1, 'PED', 'CAR', '2016-10-19 05:59:47', 201, 0, '0000-00-00 00:00:00', 0),
(3267, 5, 0, 23626.5, 1, 'STRAIGHT', 'CAR', '2016-10-19 05:59:47', 201, 0, '0000-00-00 00:00:00', 0),
(3268, 5, 0, 23628, 1, 'STRAIGHT', 'CAR', '2016-10-19 05:59:48', 201, 0, '0000-00-00 00:00:00', 0),
(3269, 5, 0, 23629.5, 1, 'STRAIGHT', 'CAR', '2016-10-19 05:59:48', 201, 0, '0000-00-00 00:00:00', 0),
(3270, 5, 0, 23631.8, 1, 'STRAIGHT', 'CAR', '2016-10-19 05:59:48', 201, 0, '0000-00-00 00:00:00', 0),
(3271, 5, 0, 23637.8, 1, 'STRAIGHT', 'CAR', '2016-10-19 05:59:49', 201, 0, '0000-00-00 00:00:00', 0),
(3272, 5, 0, 23637.8, 1, 'LTURN', 'CAR', '2016-10-19 05:59:49', 201, 0, '0000-00-00 00:00:00', 0),
(3273, 5, 0, 23697, 1, 'STRAIGHT', 'CAR', '2016-10-19 06:00:03', 201, 0, '0000-00-00 00:00:00', 0),
(3274, 5, 0, 23697.8, 1, 'PED', 'CAR', '2016-10-19 06:00:03', 201, 0, '0000-00-00 00:00:00', 0),
(3275, 5, 0, 23700, 1, 'STRAIGHT', 'CAR', '2016-10-19 06:00:03', 201, 0, '0000-00-00 00:00:00', 0),
(3276, 5, 0, 23701.5, 1, 'STRAIGHT', 'CAR', '2016-10-19 06:00:03', 201, 0, '0000-00-00 00:00:00', 0),
(3277, 5, 0, 23700.8, 1, 'PED', 'CAR', '2016-10-19 06:00:04', 201, 0, '0000-00-00 00:00:00', 0),
(3278, 5, 0, 23704.5, 1, 'STRAIGHT', 'CAR', '2016-10-19 06:00:04', 201, 0, '0000-00-00 00:00:00', 0),
(3279, 5, 0, 23706, 1, 'PED', 'CAR', '2016-10-19 06:00:04', 201, 0, '0000-00-00 00:00:00', 0),
(3280, 5, 0, 23706, 1, 'STRAIGHT', 'CAR', '2016-10-19 06:00:04', 201, 0, '0000-00-00 00:00:00', 0),
(3281, 5, 0, 23707.5, 1, 'STRAIGHT', 'CAR', '2016-10-19 06:00:04', 201, 0, '0000-00-00 00:00:00', 0),
(3282, 5, 0, 23707.5, 1, 'PED', 'CAR', '2016-10-19 06:00:04', 201, 0, '0000-00-00 00:00:00', 0),
(3283, 5, 0, 23709, 1, 'STRAIGHT', 'CAR', '2016-10-19 06:00:04', 201, 0, '0000-00-00 00:00:00', 0),
(3284, 5, 0, 23710.5, 1, 'PED', 'CAR', '2016-10-19 06:00:05', 201, 0, '0000-00-00 00:00:00', 0),
(3285, 5, 0, 23713.5, 1, 'RTURN', 'CAR', '2016-10-19 06:00:05', 201, 0, '0000-00-00 00:00:00', 0),
(3286, 5, 0, 23715, 1, 'RTURN', 'CAR', '2016-10-19 06:00:05', 201, 0, '0000-00-00 00:00:00', 0),
(3287, 5, 0, 23716.5, 1, 'RTURN', 'CAR', '2016-10-19 06:00:05', 201, 0, '0000-00-00 00:00:00', 0),
(3288, 5, 0, 23718, 1, 'RTURN', 'CAR', '2016-10-19 06:00:06', 201, 0, '0000-00-00 00:00:00', 0),
(3289, 5, 0, 23718, 1, 'PED', 'CAR', '2016-10-19 06:00:06', 201, 0, '0000-00-00 00:00:00', 0),
(3290, 5, 0, 23721, 1, 'RTURN', 'CAR', '2016-10-19 06:00:06', 201, 0, '0000-00-00 00:00:00', 0),
(3291, 5, 0, 23721, 1, 'PED', 'CAR', '2016-10-19 06:00:06', 201, 0, '0000-00-00 00:00:00', 0),
(3292, 5, 0, 23722.5, 1, 'RTURN', 'CAR', '2016-10-19 06:00:06', 201, 0, '0000-00-00 00:00:00', 0),
(3293, 5, 0, 23722.5, 1, 'PED', 'CAR', '2016-10-19 06:00:06', 201, 0, '0000-00-00 00:00:00', 0),
(3294, 5, 0, 23793.8, 1, 'STRAIGHT', 'CAR', '2016-10-19 06:00:16', 201, 0, '0000-00-00 00:00:00', 0),
(3295, 5, 0, 23795.3, 1, 'PED', 'CAR', '2016-10-19 06:00:16', 201, 0, '0000-00-00 00:00:00', 0),
(3296, 5, 0, 23795.3, 1, 'STRAIGHT', 'CAR', '2016-10-19 06:00:16', 201, 0, '0000-00-00 00:00:00', 0),
(3297, 5, 0, 23796.7, 1, 'STRAIGHT', 'CAR', '2016-10-19 06:00:16', 201, 0, '0000-00-00 00:00:00', 0),
(3298, 5, 0, 23798.3, 1, 'STRAIGHT', 'CAR', '2016-10-19 06:00:16', 201, 0, '0000-00-00 00:00:00', 0),
(3299, 5, 0, 23799.8, 1, 'STRAIGHT', 'CAR', '2016-10-19 06:00:16', 201, 0, '0000-00-00 00:00:00', 0),
(3300, 5, 0, 23799.8, 1, 'STRAIGHT', 'CAR', '2016-10-19 06:00:17', 201, 0, '0000-00-00 00:00:00', 0),
(3301, 5, 0, 23800.5, 1, 'PED', 'CAR', '2016-10-19 06:00:17', 201, 0, '0000-00-00 00:00:00', 0),
(3302, 5, 0, 23787.8, 1, 'PED', 'BICYCLE', '2016-10-19 06:00:17', 201, 0, '0000-00-00 00:00:00', 0),
(3303, 5, 0, 23867.3, 1, 'PED', 'CAR', '2016-10-19 06:00:26', 201, 0, '0000-00-00 00:00:00', 0),
(3304, 5, 0, 23868, 1, 'STRAIGHT', 'CAR', '2016-10-19 06:00:26', 201, 0, '0000-00-00 00:00:00', 0),
(3305, 5, 0, 23869.5, 1, 'PED', 'CAR', '2016-10-19 06:00:26', 201, 0, '0000-00-00 00:00:00', 0),
(3306, 5, 0, 23871.8, 1, 'STRAIGHT', 'CAR', '2016-10-19 06:00:26', 201, 0, '0000-00-00 00:00:00', 0),
(3307, 5, 0, 23871, 1, 'PED', 'CAR', '2016-10-19 06:00:26', 201, 0, '0000-00-00 00:00:00', 0),
(3308, 5, 0, 23873.3, 1, 'STRAIGHT', 'CAR', '2016-10-19 06:00:26', 201, 0, '0000-00-00 00:00:00', 0),
(3309, 5, 0, 23875.5, 1, 'STRAIGHT', 'CAR', '2016-10-19 06:00:27', 201, 0, '0000-00-00 00:00:00', 0),
(3310, 5, 0, 23875.5, 1, 'PED', 'CAR', '2016-10-19 06:00:27', 201, 0, '0000-00-00 00:00:00', 0),
(3311, 5, 0, 23877, 1, 'STRAIGHT', 'CAR', '2016-10-19 06:00:27', 201, 0, '0000-00-00 00:00:00', 0),
(3312, 5, 0, 23878.5, 1, 'STRAIGHT', 'CAR', '2016-10-19 06:00:27', 201, 0, '0000-00-00 00:00:00', 0),
(3313, 5, 0, 23910, 1, 'PED', 'CAR', '2016-10-19 06:00:31', 201, 0, '0000-00-00 00:00:00', 0),
(3314, 5, 0, 23910.8, 1, 'STRAIGHT', 'CAR', '2016-10-19 06:00:31', 201, 0, '0000-00-00 00:00:00', 0),
(3315, 5, 0, 23912.3, 1, 'PED', 'CAR', '2016-10-19 06:00:31', 201, 0, '0000-00-00 00:00:00', 0),
(3316, 5, 0, 23913, 1, 'LTURN', 'CAR', '2016-10-19 06:00:32', 201, 0, '0000-00-00 00:00:00', 0),
(3317, 5, 0, 23914.5, 1, 'STRAIGHT', 'CAR', '2016-10-19 06:00:32', 201, 0, '0000-00-00 00:00:00', 0),
(3318, 5, 0, 23916, 1, 'LTURN', 'CAR', '2016-10-19 06:00:32', 201, 0, '0000-00-00 00:00:00', 0),
(3319, 5, 0, 23916, 1, 'UTURN', 'CAR', '2016-10-19 06:00:32', 201, 0, '0000-00-00 00:00:00', 0),
(3320, 5, 0, 23919.8, 1, 'STRAIGHT', 'CAR', '2016-10-19 06:00:32', 201, 0, '0000-00-00 00:00:00', 0),
(3321, 5, 0, 23922.8, 1, 'STRAIGHT', 'CAR', '2016-10-19 06:00:33', 201, 0, '0000-00-00 00:00:00', 0),
(3322, 5, 0, 23924.3, 1, 'STRAIGHT', 'CAR', '2016-10-19 06:00:33', 201, 0, '0000-00-00 00:00:00', 0),
(3323, 5, 0, 23924.3, 1, 'PED', 'CAR', '2016-10-19 06:00:33', 201, 0, '0000-00-00 00:00:00', 0),
(3324, 5, 0, 23925.8, 1, 'STRAIGHT', 'CAR', '2016-10-19 06:00:33', 201, 0, '0000-00-00 00:00:00', 0),
(3325, 5, 0, 23927.3, 1, 'STRAIGHT', 'CAR', '2016-10-19 06:00:33', 201, 0, '0000-00-00 00:00:00', 0),
(3326, 5, 0, 23928.8, 1, 'PED', 'CAR', '2016-10-19 06:00:34', 201, 0, '0000-00-00 00:00:00', 0),
(3327, 5, 0, 23929.5, 1, 'STRAIGHT', 'CAR', '2016-10-19 06:00:34', 201, 0, '0000-00-00 00:00:00', 0),
(3328, 5, 0, 23930.3, 1, 'PED', 'CAR', '2016-10-19 06:00:34', 201, 0, '0000-00-00 00:00:00', 0),
(3329, 5, 0, 23931, 1, 'STRAIGHT', 'CAR', '2016-10-19 06:00:34', 201, 0, '0000-00-00 00:00:00', 0),
(3330, 5, 0, 23932.5, 1, 'STRAIGHT', 'CAR', '2016-10-19 06:00:34', 201, 0, '0000-00-00 00:00:00', 0),
(3331, 5, 0, 24073.5, 1, 'STRAIGHT', 'CAR', '2016-10-19 06:00:53', 201, 0, '0000-00-00 00:00:00', 0),
(3332, 5, 0, 24074.3, 1, 'PED', 'CAR', '2016-10-19 06:00:53', 201, 0, '0000-00-00 00:00:00', 0),
(3333, 5, 0, 24075, 1, 'STRAIGHT', 'CAR', '2016-10-19 06:00:53', 201, 0, '0000-00-00 00:00:00', 0),
(3334, 5, 0, 24077.3, 1, 'STRAIGHT', 'CAR', '2016-10-19 06:00:54', 201, 0, '0000-00-00 00:00:00', 0),
(3335, 5, 0, 24079.5, 1, 'PED', 'CAR', '2016-10-19 06:01:03', 201, 0, '0000-00-00 00:00:00', 0),
(3336, 5, 0, 24080.3, 1, 'STRAIGHT', 'CAR', '2016-10-19 06:01:03', 201, 0, '0000-00-00 00:00:00', 0),
(3337, 5, 0, 24081, 1, 'PED', 'CAR', '2016-10-19 06:01:03', 201, 0, '0000-00-00 00:00:00', 0),
(3338, 5, 0, 24081.8, 1, 'STRAIGHT', 'CAR', '2016-10-19 06:01:03', 201, 0, '0000-00-00 00:00:00', 0),
(3339, 5, 0, 24084, 1, 'PED', 'CAR', '2016-10-19 06:01:03', 201, 0, '0000-00-00 00:00:00', 0),
(3340, 5, 0, 24084.8, 1, 'LTURN', 'CAR', '2016-10-19 06:01:03', 201, 0, '0000-00-00 00:00:00', 0),
(3341, 5, 0, 24088.5, 1, 'RTURN', 'CAR', '2016-10-19 06:01:04', 201, 0, '0000-00-00 00:00:00', 0),
(3342, 5, 0, 24094.5, 1, 'STRAIGHT', 'CAR', '2016-10-19 06:01:05', 201, 0, '0000-00-00 00:00:00', 0),
(3343, 5, 0, 24095.3, 1, 'PED', 'CAR', '2016-10-19 06:01:05', 201, 0, '0000-00-00 00:00:00', 0),
(3344, 5, 0, 24096, 1, 'STRAIGHT', 'CAR', '2016-10-19 06:01:05', 201, 0, '0000-00-00 00:00:00', 0),
(3345, 5, 0, 24129, 1, 'STRAIGHT', 'CAR', '2016-10-19 06:01:09', 201, 0, '0000-00-00 00:00:00', 0),
(3346, 5, 0, 24132.8, 1, 'RTURN', 'CAR', '2016-10-19 06:01:10', 201, 0, '0000-00-00 00:00:00', 0),
(3347, 5, 0, 24135.8, 1, 'PED', 'CAR', '2016-10-19 06:01:10', 201, 0, '0000-00-00 00:00:00', 0),
(3348, 5, 0, 24138.8, 1, 'LTURN', 'CAR', '2016-10-19 06:01:11', 201, 0, '0000-00-00 00:00:00', 0),
(3349, 5, 0, 24141, 1, 'UTURN', 'CAR', '2016-10-19 06:01:11', 201, 0, '0000-00-00 00:00:00', 0),
(3350, 5, 0, 24144.8, 1, 'STRAIGHT', 'CAR', '2016-10-19 06:01:11', 201, 0, '0000-00-00 00:00:00', 0),
(3351, 5, 0, 24149.3, 1, 'PED', 'CAR', '2016-10-19 06:01:12', 201, 0, '0000-00-00 00:00:00', 0),
(3352, 5, 0, 24152.3, 1, 'RTURN', 'CAR', '2016-10-19 06:01:12', 201, 0, '0000-00-00 00:00:00', 0),
(3353, 5, 0, 24155.3, 1, 'STRAIGHT', 'CAR', '2016-10-19 06:01:13', 201, 0, '0000-00-00 00:00:00', 0),
(3354, 5, 0, 24220.5, 1, 'STRAIGHT', 'CAR', '2016-10-19 06:01:22', 201, 0, '0000-00-00 00:00:00', 0),
(3355, 5, 0, 24223.5, 1, 'RTURN', 'CAR', '2016-10-19 06:01:22', 201, 0, '0000-00-00 00:00:00', 0),
(3356, 5, 0, 24226.5, 1, 'PED', 'CAR', '2016-10-19 06:01:22', 201, 0, '0000-00-00 00:00:00', 0),
(3357, 5, 0, 24228.8, 1, 'STRAIGHT', 'CAR', '2016-10-19 06:01:23', 201, 0, '0000-00-00 00:00:00', 0),
(3358, 5, 0, 24231.8, 1, 'LTURN', 'CAR', '2016-10-19 06:01:23', 201, 0, '0000-00-00 00:00:00', 0),
(3359, 5, 0, 24238.5, 1, 'UTURN', 'CAR', '2016-10-19 06:01:24', 201, 0, '0000-00-00 00:00:00', 0),
(3360, 5, 0, 24241.5, 1, 'PED', 'CAR', '2016-10-19 06:01:24', 201, 0, '0000-00-00 00:00:00', 0),
(3361, 5, 0, 24244.5, 1, 'STRAIGHT', 'CAR', '2016-10-19 06:01:25', 201, 0, '0000-00-00 00:00:00', 0),
(3362, 5, 0, 24246.8, 1, 'RTURN', 'CAR', '2016-10-19 06:01:25', 201, 0, '0000-00-00 00:00:00', 0),
(3363, 5, 0, 24284.3, 1, 'LTURN', 'CAR', '2016-10-19 06:01:30', 201, 0, '0000-00-00 00:00:00', 0),
(3364, 5, 0, 24287.3, 1, 'UTURN', 'CAR', '2016-10-19 06:01:31', 201, 0, '0000-00-00 00:00:00', 0),
(3365, 5, 0, 24290.3, 1, 'PED', 'CAR', '2016-10-19 06:01:31', 201, 0, '0000-00-00 00:00:00', 0),
(3366, 5, 0, 24295.5, 1, 'RTURN', 'CAR', '2016-10-19 06:01:32', 201, 0, '0000-00-00 00:00:00', 0),
(3367, 5, 0, 24293.3, 1, 'STRAIGHT', 'CAR', '2016-10-19 06:01:32', 201, 0, '0000-00-00 00:00:00', 0),
(3368, 5, 0, 24298.5, 1, 'PED', 'CAR', '2016-10-19 06:01:32', 201, 0, '0000-00-00 00:00:00', 0),
(3369, 5, 0, 24300.7, 1, 'RTURN', 'CAR', '2016-10-19 06:01:32', 201, 0, '0000-00-00 00:00:00', 0),
(3370, 5, 0, 24303, 1, 'STRAIGHT', 'CAR', '2016-10-19 06:01:33', 201, 0, '0000-00-00 00:00:00', 0),
(3371, 5, 0, 24305.3, 1, 'LTURN', 'CAR', '2016-10-19 06:01:33', 201, 0, '0000-00-00 00:00:00', 0),
(3372, 5, 0, 24308.3, 1, 'UTURN', 'CAR', '2016-10-19 06:01:33', 201, 0, '0000-00-00 00:00:00', 0),
(3373, 5, 0, 24310.5, 1, 'PED', 'CAR', '2016-10-19 06:01:34', 201, 0, '0000-00-00 00:00:00', 0),
(3374, 5, 0, 24313.5, 1, 'STRAIGHT', 'CAR', '2016-10-19 06:01:34', 201, 0, '0000-00-00 00:00:00', 0),
(3375, 5, 0, 24315.8, 1, 'RTURN', 'CAR', '2016-10-19 06:01:34', 201, 0, '0000-00-00 00:00:00', 0),
(3376, 5, 0, 24318.8, 1, 'LTURN', 'CAR', '2016-10-19 06:01:35', 201, 0, '0000-00-00 00:00:00', 0),
(3377, 5, 0, 24321, 1, 'UTURN', 'CAR', '2016-10-19 06:01:35', 201, 0, '0000-00-00 00:00:00', 0),
(3378, 5, 0, 24324, 1, 'PED', 'CAR', '2016-10-19 06:01:35', 201, 0, '0000-00-00 00:00:00', 0),
(3379, 5, 0, 24327, 1, 'STRAIGHT', 'CAR', '2016-10-19 06:01:36', 201, 0, '0000-00-00 00:00:00', 0),
(3380, 5, 0, 24330, 1, 'RTURN', 'CAR', '2016-10-19 06:01:36', 201, 0, '0000-00-00 00:00:00', 0),
(3381, 5, 0, 24348.8, 1, 'STRAIGHT', 'CAR', '2016-10-19 06:01:39', 201, 0, '0000-00-00 00:00:00', 0),
(3382, 5, 0, 24353.3, 1, 'RTURN', 'CAR', '2016-10-19 06:01:39', 201, 0, '0000-00-00 00:00:00', 0),
(3383, 5, 0, 24358.5, 1, 'LTURN', 'CAR', '2016-10-19 06:01:40', 201, 0, '0000-00-00 00:00:00', 0),
(3384, 5, 0, 24366, 1, 'UTURN', 'CAR', '2016-10-19 06:01:41', 201, 0, '0000-00-00 00:00:00', 0),
(3385, 5, 0, 24369, 1, 'PED', 'CAR', '2016-10-19 06:01:41', 201, 0, '0000-00-00 00:00:00', 0),
(3386, 5, 0, 24372, 1, 'STRAIGHT', 'CAR', '2016-10-19 06:01:42', 201, 0, '0000-00-00 00:00:00', 0),
(3387, 5, 0, 24374.3, 1, 'RTURN', 'CAR', '2016-10-19 06:01:42', 201, 0, '0000-00-00 00:00:00', 0),
(3388, 5, 0, 24392.3, 1, 'RTURN', 'CAR', '2016-10-19 06:01:44', 201, 0, '0000-00-00 00:00:00', 0),
(3389, 5, 0, 24395.3, 1, 'STRAIGHT', 'CAR', '2016-10-19 06:01:45', 201, 0, '0000-00-00 00:00:00', 0),
(3390, 5, 0, 24398.3, 1, 'LTURN', 'CAR', '2016-10-19 06:01:45', 201, 0, '0000-00-00 00:00:00', 0),
(3391, 5, 0, 24401.3, 1, 'UTURN', 'CAR', '2016-10-19 06:01:46', 201, 0, '0000-00-00 00:00:00', 0),
(3392, 5, 0, 24405.1, 1, 'PED', 'CAR', '2016-10-19 06:01:46', 201, 0, '0000-00-00 00:00:00', 0),
(3393, 5, 0, 24413.3, 1, 'STRAIGHT', 'CAR', '2016-10-19 06:01:47', 201, 0, '0000-00-00 00:00:00', 0),
(3394, 5, 0, 24416.3, 1, 'RTURN', 'CAR', '2016-10-19 06:01:48', 201, 0, '0000-00-00 00:00:00', 0),
(3395, 5, 0, 24419.3, 1, 'PED', 'CAR', '2016-10-19 06:01:48', 201, 0, '0000-00-00 00:00:00', 0),
(3396, 5, 0, 24422.3, 1, 'LTURN', 'CAR', '2016-10-19 06:01:49', 201, 0, '0000-00-00 00:00:00', 0),
(3397, 5, 0, 24425.3, 1, 'UTURN', 'CAR', '2016-10-19 06:01:49', 201, 0, '0000-00-00 00:00:00', 0),
(3398, 5, 0, 24429.8, 1, 'PED', 'CAR', '2016-10-19 06:01:49', 201, 0, '0000-00-00 00:00:00', 0),
(3399, 5, 0, 24432.8, 1, 'STRAIGHT', 'CAR', '2016-10-19 06:01:50', 201, 0, '0000-00-00 00:00:00', 0),
(3400, 5, 0, 24435, 1, 'RTURN', 'CAR', '2016-10-19 06:01:50', 201, 0, '0000-00-00 00:00:00', 0),
(3401, 5, 0, 24437.3, 1, 'LTURN', 'CAR', '2016-10-19 06:01:50', 201, 0, '0000-00-00 00:00:00', 0),
(3402, 5, 0, 24440.3, 1, 'UTURN', 'CAR', '2016-10-19 06:01:51', 201, 0, '0000-00-00 00:00:00', 0),
(3403, 5, 0, 24442.5, 1, 'PED', 'CAR', '2016-10-19 06:01:51', 201, 0, '0000-00-00 00:00:00', 0),
(3404, 5, 0, 24529.5, 1, 'STRAIGHT', 'CAR', '2016-10-19 06:02:03', 201, 0, '0000-00-00 00:00:00', 0),
(3405, 5, 0, 24532.5, 1, 'RTURN', 'CAR', '2016-10-19 06:02:03', 201, 0, '0000-00-00 00:00:00', 0),
(3406, 5, 0, 24535.5, 1, 'LTURN', 'CAR', '2016-10-19 06:02:04', 201, 0, '0000-00-00 00:00:00', 0),
(3407, 5, 0, 24541.5, 1, 'PED', 'CAR', '2016-10-19 06:02:04', 201, 0, '0000-00-00 00:00:00', 0),
(3408, 5, 0, 24545.3, 1, 'UTURN', 'CAR', '2016-10-19 06:02:05', 201, 0, '0000-00-00 00:00:00', 0),
(3409, 5, 0, 24551.3, 1, 'STRAIGHT', 'CAR', '2016-10-19 06:02:06', 201, 0, '0000-00-00 00:00:00', 0),
(3410, 5, 0, 24555.8, 1, 'RTURN', 'CAR', '2016-10-19 06:02:06', 201, 0, '0000-00-00 00:00:00', 0),
(3411, 5, 0, 24650.7, 1, 'LTURN', 'CAR', '2016-10-19 06:02:19', 201, 0, '0000-00-00 00:00:00', 0),
(3412, 5, 0, 24655.6, 0.75, 'STRAIGHT', 'CAR', '2016-10-19 06:02:37', 201, 0, '0000-00-00 00:00:00', 0),
(3413, 5, 0, 24657.8, 0.75, 'STRAIGHT', 'CAR', '2016-10-19 06:02:37', 201, 0, '0000-00-00 00:00:00', 0),
(3414, 5, 0, 24660, 0.75, 'RTURN', 'CAR', '2016-10-19 06:02:37', 201, 0, '0000-00-00 00:00:00', 0),
(3415, 5, 0, 24661.5, 0.75, 'PED', 'CAR', '2016-10-19 06:02:38', 201, 0, '0000-00-00 00:00:00', 0),
(3416, 5, 0, 24662.3, 0.75, 'STRAIGHT', 'CAR', '2016-10-19 06:02:38', 201, 0, '0000-00-00 00:00:00', 0),
(3417, 5, 0, 24660.8, 0.75, 'PED', 'CAR', '2016-10-19 06:02:38', 201, 0, '0000-00-00 00:00:00', 0),
(3418, 5, 0, 24660.8, 0.75, 'STRAIGHT', 'CAR', '2016-10-19 06:02:38', 201, 0, '0000-00-00 00:00:00', 0),
(3419, 5, 0, 24676.5, 1, 'RTURN', 'CAR', '2016-10-19 06:02:40', 201, 0, '0000-00-00 00:00:00', 0),
(3420, 5, 0, 24680.3, 1, 'PED', 'CAR', '2016-10-19 06:02:40', 201, 0, '0000-00-00 00:00:00', 0),
(3421, 5, 0, 24681, 1, 'STRAIGHT', 'CAR', '2016-10-19 06:02:40', 201, 0, '0000-00-00 00:00:00', 0),
(3422, 5, 0, 24684, 1, 'LTURN', 'CAR', '2016-10-19 06:02:41', 201, 0, '0000-00-00 00:00:00', 0),
(3423, 5, 0, 24684.8, 1, 'STRAIGHT', 'CAR', '2016-10-19 06:02:41', 201, 0, '0000-00-00 00:00:00', 0),
(3424, 5, 0, 24686.3, 1, 'PED', 'CAR', '2016-10-19 06:02:41', 201, 0, '0000-00-00 00:00:00', 0),
(3425, 5, 0, 24687.8, 1, 'PED', 'CAR', '2016-10-19 06:02:41', 201, 0, '0000-00-00 00:00:00', 0),
(3426, 5, 0, 24687.8, 1, 'STRAIGHT', 'CAR', '2016-10-19 06:02:41', 201, 0, '0000-00-00 00:00:00', 0),
(3427, 5, 0, 24689.3, 1, 'STRAIGHT', 'CAR', '2016-10-19 06:02:42', 201, 0, '0000-00-00 00:00:00', 0),
(3428, 5, 0, 24762, 1, 'LTURN', 'CAR', '2016-10-19 06:02:52', 201, 0, '0000-00-00 00:00:00', 0),
(3429, 5, 0, 24764.3, 1, 'RTURN', 'CAR', '2016-10-19 06:02:52', 201, 0, '0000-00-00 00:00:00', 0),
(3430, 5, 0, 24764.3, 1, 'PED', 'CAR', '2016-10-19 06:02:52', 201, 0, '0000-00-00 00:00:00', 0),
(3431, 5, 0, 24765, 1, 'RTURN', 'CAR', '2016-10-19 06:02:52', 201, 0, '0000-00-00 00:00:00', 0),
(3432, 5, 0, 24768, 1, 'STRAIGHT', 'CAR', '2016-10-19 06:02:52', 201, 0, '0000-00-00 00:00:00', 0),
(3433, 5, 0, 24768, 1, 'PED', 'CAR', '2016-10-19 06:02:52', 201, 0, '0000-00-00 00:00:00', 0),
(3434, 5, 0, 24769.5, 1, 'STRAIGHT', 'CAR', '2016-10-19 06:02:52', 201, 0, '0000-00-00 00:00:00', 0),
(3435, 5, 0, 24769.5, 1, 'PED', 'CAR', '2016-10-19 06:02:52', 201, 0, '0000-00-00 00:00:00', 0),
(3436, 5, 0, 24776.3, 1, 'PED', 'CAR', '2016-10-19 06:02:53', 201, 0, '0000-00-00 00:00:00', 0),
(3437, 5, 0, 24785.3, 1, 'LTURN', 'CAR', '2016-10-19 06:02:54', 201, 0, '0000-00-00 00:00:00', 0),
(3438, 5, 0, 24785.3, 1, 'UTURN', 'CAR', '2016-10-19 06:02:54', 201, 0, '0000-00-00 00:00:00', 0),
(3439, 5, 0, 24786.8, 1, 'LTURN', 'BICYCLE', '2016-10-19 06:02:54', 201, 0, '0000-00-00 00:00:00', 0),
(3440, 5, 0, 24787.5, 1, 'PED', 'CAR', '2016-10-19 06:02:55', 201, 0, '0000-00-00 00:00:00', 0),
(3441, 5, 0, 24789.8, 1, 'RTURN', 'CAR', '2016-10-19 06:02:55', 201, 0, '0000-00-00 00:00:00', 0),
(3442, 5, 0, 24921, 1, 'PED', 'CAR', '2016-10-19 06:03:13', 201, 0, '0000-00-00 00:00:00', 0),
(3443, 5, 0, 24921.8, 1, 'STRAIGHT', 'CAR', '2016-10-19 06:03:13', 201, 0, '0000-00-00 00:00:00', 0),
(3444, 5, 0, 24922.5, 1, 'PED', 'CAR', '2016-10-19 06:03:13', 201, 0, '0000-00-00 00:00:00', 0),
(3445, 5, 0, 24923.3, 1, 'STRAIGHT', 'CAR', '2016-10-19 06:03:13', 201, 0, '0000-00-00 00:00:00', 0),
(3446, 5, 0, 24924.8, 1, 'STRAIGHT', 'CAR', '2016-10-19 06:03:13', 201, 0, '0000-00-00 00:00:00', 0),
(3447, 5, 0, 24927.8, 1, 'STRAIGHT', 'CAR', '2016-10-19 06:03:13', 201, 0, '0000-00-00 00:00:00', 0),
(3448, 5, 0, 24930, 1, 'STRAIGHT', 'CAR', '2016-10-19 06:03:14', 201, 0, '0000-00-00 00:00:00', 0),
(3449, 5, 0, 24933, 1, 'STRAIGHT', 'CAR', '2016-10-19 06:03:14', 201, 0, '0000-00-00 00:00:00', 0),
(3450, 5, 0, 24934.5, 1, 'STRAIGHT', 'CAR', '2016-10-19 06:03:14', 201, 0, '0000-00-00 00:00:00', 0),
(3451, 5, 0, 24935.3, 1, 'STRAIGHT', 'CAR', '2016-10-19 06:03:14', 201, 0, '0000-00-00 00:00:00', 0),
(3452, 5, 0, 25025.3, 1, 'PED', 'CAR', '2016-10-19 06:03:27', 201, 0, '0000-00-00 00:00:00', 0),
(3453, 5, 0, 25027.5, 1, 'PED', 'CAR', '2016-10-19 06:03:27', 201, 0, '0000-00-00 00:00:00', 0),
(3454, 5, 0, 25027.5, 1, 'PED', 'CAR', '2016-10-19 06:03:27', 201, 0, '0000-00-00 00:00:00', 0),
(3455, 5, 0, 25029.8, 1, 'RTURN', 'CAR', '2016-10-19 06:03:27', 201, 0, '0000-00-00 00:00:00', 0),
(3456, 5, 0, 25038, 1, 'UTURN', 'CAR', '2016-10-19 06:03:28', 201, 0, '0000-00-00 00:00:00', 0),
(3457, 5, 0, 25039.5, 1, 'UTURN', 'CAR', '2016-10-19 06:03:28', 201, 0, '0000-00-00 00:00:00', 0),
(3458, 5, 0, 25039.5, 1, 'LTURN', 'CAR', '2016-10-19 06:03:28', 201, 0, '0000-00-00 00:00:00', 0),
(3459, 5, 0, 25039.5, 1, 'LTURN', 'CAR', '2016-10-19 06:03:28', 201, 0, '0000-00-00 00:00:00', 0),
(3460, 5, 0, 25040.3, 1, 'LTURN', 'CAR', '2016-10-19 06:03:28', 201, 0, '0000-00-00 00:00:00', 0),
(3461, 5, 0, 25041, 1, 'LTURN', 'CAR', '2016-10-19 06:03:29', 201, 0, '0000-00-00 00:00:00', 0),
(3462, 5, 0, 25042.5, 1, 'STRAIGHT', 'CAR', '2016-10-19 06:03:29', 201, 0, '0000-00-00 00:00:00', 0),
(3463, 5, 0, 25044, 1, 'PED', 'CAR', '2016-10-19 06:03:29', 201, 0, '0000-00-00 00:00:00', 0),
(3464, 5, 0, 25074, 1, 'STRAIGHT', 'CAR', '2016-10-19 06:03:33', 201, 0, '0000-00-00 00:00:00', 0),
(3465, 5, 0, 25074.8, 1, 'STRAIGHT', 'CAR', '2016-10-19 06:03:33', 201, 0, '0000-00-00 00:00:00', 0),
(3466, 5, 0, 25076.3, 1, 'STRAIGHT', 'CAR', '2016-10-19 06:03:33', 201, 0, '0000-00-00 00:00:00', 0),
(3467, 5, 0, 25077, 1, 'PED', 'CAR', '2016-10-19 06:03:33', 201, 0, '0000-00-00 00:00:00', 0),
(3468, 5, 0, 25077.8, 1, 'STRAIGHT', 'CAR', '2016-10-19 06:03:33', 201, 0, '0000-00-00 00:00:00', 0),
(3469, 5, 0, 25080.8, 1, 'STRAIGHT', 'CAR', '2016-10-19 06:03:34', 201, 0, '0000-00-00 00:00:00', 0),
(3470, 5, 0, 25180.5, 1, 'RTURN', 'CAR', '2016-10-19 06:03:47', 201, 0, '0000-00-00 00:00:00', 0),
(3471, 5, 0, 25183.5, 1, 'PED', 'CAR', '2016-10-19 06:03:48', 201, 0, '0000-00-00 00:00:00', 0),
(3472, 5, 0, 25183.5, 1, 'STRAIGHT', 'CAR', '2016-10-19 06:03:48', 201, 0, '0000-00-00 00:00:00', 0),
(3473, 5, 0, 25185, 1, 'PED', 'CAR', '2016-10-19 06:03:48', 201, 0, '0000-00-00 00:00:00', 0),
(3474, 5, 0, 25185, 1, 'STRAIGHT', 'CAR', '2016-10-19 06:03:48', 201, 0, '0000-00-00 00:00:00', 0),
(3475, 5, 0, 25187.3, 1, 'PED', 'CAR', '2016-10-19 06:03:48', 201, 0, '0000-00-00 00:00:00', 0),
(3476, 5, 0, 25187.3, 1, 'STRAIGHT', 'CAR', '2016-10-19 06:03:48', 201, 0, '0000-00-00 00:00:00', 0),
(3477, 5, 0, 25188.8, 1, 'STRAIGHT', 'CAR', '2016-10-19 06:03:48', 201, 0, '0000-00-00 00:00:00', 0),
(3478, 5, 0, 25188.8, 1, 'PED', 'CAR', '2016-10-19 06:03:48', 201, 0, '0000-00-00 00:00:00', 0),
(3479, 5, 0, 25190.3, 1, 'PED', 'CAR', '2016-10-19 06:03:48', 201, 0, '0000-00-00 00:00:00', 0),
(3480, 5, 0, 25192.5, 1, 'PED', 'CAR', '2016-10-19 06:03:49', 201, 0, '0000-00-00 00:00:00', 0),
(3481, 5, 0, 25192.5, 1, 'STRAIGHT', 'CAR', '2016-10-19 06:03:49', 201, 0, '0000-00-00 00:00:00', 0),
(3482, 5, 0, 25194, 1, 'STRAIGHT', 'CAR', '2016-10-19 06:03:49', 201, 0, '0000-00-00 00:00:00', 0),
(3483, 5, 0, 25194.8, 1, 'STRAIGHT', 'CAR', '2016-10-19 06:03:49', 201, 0, '0000-00-00 00:00:00', 0);

-- --------------------------------------------------------

--
-- Table structure for table `idax_video_files`
--

CREATE TABLE IF NOT EXISTS `idax_video_files` (
  `videoid` int(10) unsigned NOT NULL AUTO_INCREMENT,
  `testdata` int(10) unsigned DEFAULT '0',
  `jobsiteid` int(10) unsigned DEFAULT NULL,
  `name` varchar(256) DEFAULT NULL,
  `cameralocation` varchar(50) DEFAULT NULL,
  `filesize` int(10) unsigned DEFAULT NULL,
  `uploadtime` int(10) unsigned DEFAULT NULL,
  `addedtime` datetime DEFAULT NULL,
  `capturestarttime` datetime DEFAULT NULL,
  `captureendtime` datetime DEFAULT NULL,
  `bucketfileprefix` varchar(128) DEFAULT NULL,
  `status` varchar(200) DEFAULT NULL,
  `lastupdatetime` datetime DEFAULT NULL,
  `phase` varchar(128) DEFAULT NULL,
  PRIMARY KEY (`videoid`),
  KEY `jobsiteid` (`jobsiteid`)
) ENGINE=InnoDB  DEFAULT CHARSET=latin1 AUTO_INCREMENT=32 ;

--
-- Dumping data for table `idax_video_files`
--

INSERT INTO `idax_video_files` (`videoid`, `testdata`, `jobsiteid`, `name`, `cameralocation`, `filesize`, `uploadtime`, `addedtime`, `capturestarttime`, `captureendtime`, `bucketfileprefix`, `status`, `lastupdatetime`, `phase`) VALUES
(1, 0, 1, 'RAMT: WA_00:00-01:00', 'south', 710829, 7598, '2016-10-17 10:35:59', '2016-07-10 00:00:00', '2016-07-10 01:00:00', '070f98d2e054bfd1fd575a3dacecf90a-1476700559', 'ready', '2016-10-17 10:38:28', NULL),
(2, 0, 2, 'ARAV: WA_00:00-01:00', 'east', 752411, 5795, '2016-10-17 10:57:37', '2016-07-10 00:00:00', '2016-07-10 01:00:00', '7edc29c99427f5337ccc1f600c54376a-1476701857', 'ready', '2016-10-17 11:00:27', NULL),
(3, 0, 2, 'ARAV: WA_00:00-20:00', 'east', 14718295, 24348, '2016-10-17 11:15:58', '2016-07-10 00:00:00', '2016-07-10 20:00:00', '56cd00ccae25f1f51e5022c76c31cab3-1476702958', 'ready', '2016-10-17 11:19:27', NULL),
(4, 0, 4, 'ARAV: WA_00:00-20:00', 'east', 14718295, 14570, '2016-10-17 11:42:27', '2016-07-10 00:00:00', '2016-07-10 20:00:00', '338b229cc3351455c1e0a35b7ce62dd4-1476704547', 'ready', '2016-10-17 11:46:24', NULL),
(5, 0, 5, 'ARAV: WA_00:00-20:00', 'east', 14718295, 16081, '2016-10-17 11:52:11', '2016-07-10 00:00:00', '2016-07-10 20:00:00', '148595bc01b2dd7c7f94c2d65a9745c2-1476705131', 'ready', '2016-10-17 11:56:22', NULL),
(6, 0, 5, 'ARAV: WA7hrs_00:00-07:00', 'east', 1561986871, 2452242, '2016-10-17 13:25:44', '2016-07-10 00:00:00', '2016-07-10 07:00:00', '8e815c4e77afdbec3cd57cbd712981b0-1476710744', 'ready', '2016-10-17 15:33:28', NULL),
(7, 0, 6, '1017: WA_00:00-07:00', 'east', 1561986871, 1718066, '2016-10-18 06:30:23', '2016-07-10 00:00:00', '2016-07-10 07:00:00', 'cbdfb2f534a513da31bf1239a1b34b27-1476772223', 'ready', '2016-10-18 08:38:52', NULL),
(12, 0, 6, '1017: WA_00:00-01:00', 'north', 409055681, 1143614, '2016-10-19 08:30:47', '2016-07-10 00:00:00', '2016-07-10 01:00:00', '493f6c55307cee8bde942d8520447c96-1476865848', 'ready', '2016-10-19 08:44:20', NULL),
(13, 0, 6, '1017: WA_00:00-01:00', 'north', 409055681, 941970, '2016-10-19 09:54:27', '2016-07-10 00:00:00', '2016-07-10 01:00:00', '2a1efa1d7f5526c88c18edcb999cb467-1476870867', 'ready', '2016-10-19 10:09:00', NULL),
(15, 0, 6, '1017: WA_00:00-20:00', 'southeast', 87380606, 36530, '2016-10-19 18:14:47', '2016-07-10 00:00:00', '2016-07-10 20:00:00', '85e01f6afaf75ce21bd1f40ef2f7f8d3-1476900887', 'ready', '2016-10-19 18:23:24', NULL),
(20, 0, 5, 'ARAV: WA_00:00-09:00', 'west', 2008268521, 502755, '2016-10-20 09:27:29', '2016-07-10 00:00:00', '2016-07-10 09:00:00', '9fa0867c2b6a2cc8de1ec5d6a6e6c65c-1476955649', 'ready', '2016-10-20 12:14:16', NULL),
(22, 0, 5, 'ARAV: WA1hr_00:00-01:00', 'east', 223141697, 57941, '2016-10-20 12:19:36', '2016-07-10 00:00:00', '2016-07-10 01:00:00', 'deceb8e8227a88f945e9f9b58db1e51b-1476965976', 'ready', '2016-10-20 12:40:16', NULL),
(23, 0, 5, 'ARAV: WA130_01:30-02:30', 'east', 223141697, 61849, '2016-10-20 12:48:12', '2016-07-10 01:30:00', '2016-07-10 02:30:00', 'af2dd48833ebb6dee5ca7251e488297f-1476967693', 'ready', '2016-10-20 13:09:37', NULL),
(24, 0, 5, 'ARAV: WA34_00:00-01:00', 'west', 710829, 2892, '2016-10-20 15:14:28', '2016-07-10 00:00:00', '2016-07-10 01:00:00', '48030303a56c1a8d419f4fb9f0b15af0-1476976468', 'ready', '2016-10-20 15:17:28', NULL),
(25, 0, 5, 'ARAV: WA32_00:00-01:00', 'east', 177971923, 100297, '2016-10-20 15:18:23', '2016-07-10 00:00:00', '2016-07-10 01:00:00', 'baec6fea45f53c1d15999ca0c454da24-1476976704', 'ready', '2016-10-20 15:36:32', NULL),
(26, 0, 5, 'ARAV: WA24hr_00:00-20:00', 'west', 3559422830, 2334845, '2016-10-20 17:08:51', '2016-07-10 00:00:00', '2016-07-10 20:00:00', 'f5cdd5b4ee8e4bab7408fa7cbc073880-1476983331', 'preparing', '2016-10-20 17:08:51', NULL),
(27, 0, 21, 'UVLG: WA_01:30-02:30', 'north', 710829, 2842, '2016-10-21 05:04:04', '2016-07-10 01:30:00', '2016-07-10 02:30:00', 'e205ec0a13b06f04ec2b4cc383ed9c84-1477026245', 'ready', '2016-10-21 05:07:26', NULL),
(28, 0, 21, 'UVLG: WA_01:30-02:30', 'ADASD', 710829, 2999, '2016-10-21 05:04:31', '2016-07-10 01:30:00', '2016-07-10 02:30:00', '8b076386e2c0d1a33e384cbb3d66e6e4-1477026271', 'ready', '2016-10-21 05:07:26', NULL),
(29, 0, 5, 'ARAV: WA_00:00-20:00', 'east', 4294967295, 1312769, '2016-10-21 06:22:54', '2016-07-10 00:00:00', '2016-07-10 20:00:00', '1821d7179cca7c7eb8a966ca41995bbf-1477030974', 'preparing', '2016-10-21 06:22:54', NULL),
(30, 0, 22, 'SSSS: WAdsadsadsa_04:30-05:30', 'east', 0, 6776, '2017-09-16 13:30:42', '2017-06-13 04:30:00', '2017-06-13 05:30:00', '', 'preparing to ingest', '2017-09-16 13:30:42', NULL),
(31, 0, 25, 'SSSS: WAdddddd_04:30-05:30', 'south', 0, 7129, '2017-09-17 09:36:30', '2017-06-13 04:30:00', '2017-06-13 05:30:00', '', 'preparing to ingest', '2017-09-17 09:36:30', NULL);

-- --------------------------------------------------------

--
-- Table structure for table `idax_video_ingestionphases`
--

CREATE TABLE IF NOT EXISTS `idax_video_ingestionphases` (
  `id` int(10) unsigned NOT NULL AUTO_INCREMENT,
  `videoid` int(10) unsigned DEFAULT NULL,
  `phase` varchar(100) DEFAULT NULL,
  `starttime` timestamp NULL DEFAULT NULL,
  `endtime` timestamp NULL DEFAULT NULL,
  PRIMARY KEY (`id`),
  KEY `videoid` (`videoid`)
) ENGINE=InnoDB  DEFAULT CHARSET=latin1 AUTO_INCREMENT=187 ;

--
-- Dumping data for table `idax_video_ingestionphases`
--

INSERT INTO `idax_video_ingestionphases` (`id`, `videoid`, `phase`, `starttime`, `endtime`) VALUES
(1, 1, 'merge segments', '2016-10-17 10:35:59', '2016-10-17 10:35:59'),
(2, 1, 'thumbnail', '2016-10-17 10:38:11', '2016-10-17 10:38:15'),
(3, 1, 'transcode 3.5X', '2016-10-17 10:38:16', '2016-10-17 10:38:16'),
(4, 1, 'transcode 7.5X', '2016-10-17 10:38:16', '2016-10-17 10:38:16'),
(5, 1, 'transcode 1X', '2016-10-17 10:38:16', '2016-10-17 10:38:17'),
(6, 1, 'segment 7.5X', '2016-10-17 10:38:16', '2016-10-17 10:38:17'),
(7, 1, 'segment 3.5X', '2016-10-17 10:38:16', '2016-10-17 10:38:17'),
(8, 1, 'segment 1X', '2016-10-17 10:38:17', '2016-10-17 10:38:18'),
(9, 1, 'transfer to S3', '2016-10-17 10:38:26', '2016-10-17 10:38:27'),
(10, 1, 'verifying', '2016-10-17 10:38:27', '2016-10-17 10:38:28'),
(11, 2, 'merge segments', '2016-10-17 10:57:37', '2016-10-17 10:57:37'),
(12, 2, 'thumbnail', '2016-10-17 11:00:12', '2016-10-17 11:00:16'),
(13, 2, 'transcode 7.5X', '2016-10-17 11:00:16', '2016-10-17 11:00:17'),
(14, 2, 'transcode 3.5X', '2016-10-17 11:00:16', '2016-10-17 11:00:17'),
(15, 2, 'transcode 1X', '2016-10-17 11:00:16', '2016-10-17 11:00:18'),
(16, 2, 'segment 7.5X', '2016-10-17 11:00:17', '2016-10-17 11:00:17'),
(17, 2, 'segment 3.5X', '2016-10-17 11:00:17', '2016-10-17 11:00:18'),
(18, 2, 'segment 1X', '2016-10-17 11:00:18', '2016-10-17 11:00:19'),
(19, 2, 'transfer to S3', '2016-10-17 11:00:26', '2016-10-17 11:00:27'),
(20, 2, 'verifying', '2016-10-17 11:00:27', '2016-10-17 11:00:27'),
(21, 3, 'merge segments', '2016-10-17 11:15:58', '2016-10-17 11:15:58'),
(22, 3, 'thumbnail', '2016-10-17 11:18:13', '2016-10-17 11:18:20'),
(23, 3, 'transcode 3.5X', '2016-10-17 11:18:20', '2016-10-17 11:18:35'),
(24, 3, 'transcode 1X', '2016-10-17 11:18:20', '2016-10-17 11:18:55'),
(25, 3, 'transcode 7.5X', '2016-10-17 11:18:20', '2016-10-17 11:18:28'),
(26, 3, 'segment 7.5X', '2016-10-17 11:18:28', '2016-10-17 11:18:35'),
(27, 3, 'segment 3.5X', '2016-10-17 11:18:35', '2016-10-17 11:18:43'),
(28, 3, 'segment 1X', '2016-10-17 11:18:55', '2016-10-17 11:19:14'),
(29, 3, 'transfer to S3', '2016-10-17 11:19:23', '2016-10-17 11:19:27'),
(30, 3, 'verifying', '2016-10-17 11:19:27', '2016-10-17 11:19:27'),
(31, 4, 'merge segments', '2016-10-17 11:42:27', '2016-10-17 11:42:28'),
(32, 4, 'thumbnail', '2016-10-17 11:45:12', '2016-10-17 11:45:17'),
(33, 4, 'transcode 3.5X', '2016-10-17 11:45:17', '2016-10-17 11:45:33'),
(34, 4, 'transcode 7.5X', '2016-10-17 11:45:17', '2016-10-17 11:45:26'),
(35, 4, 'transcode 1X', '2016-10-17 11:45:17', '2016-10-17 11:45:54'),
(36, 4, 'segment 7.5X', '2016-10-17 11:45:26', '2016-10-17 11:45:33'),
(37, 4, 'segment 3.5X', '2016-10-17 11:45:33', '2016-10-17 11:45:42'),
(38, 4, 'segment 1X', '2016-10-17 11:45:54', '2016-10-17 11:46:12'),
(39, 4, 'transfer to S3', '2016-10-17 11:46:18', '2016-10-17 11:46:23'),
(40, 4, 'verifying', '2016-10-17 11:46:23', '2016-10-17 11:46:24'),
(41, 5, 'merge segments', '2016-10-17 11:52:11', '2016-10-17 11:52:11'),
(42, 5, 'thumbnail', '2016-10-17 11:55:12', '2016-10-17 11:55:17'),
(43, 5, 'transcode 1X', '2016-10-17 11:55:17', '2016-10-17 11:55:50'),
(44, 5, 'transcode 7.5X', '2016-10-17 11:55:17', '2016-10-17 11:55:25'),
(45, 5, 'transcode 3.5X', '2016-10-17 11:55:17', '2016-10-17 11:55:32'),
(46, 5, 'segment 7.5X', '2016-10-17 11:55:25', '2016-10-17 11:55:34'),
(47, 5, 'segment 3.5X', '2016-10-17 11:55:32', '2016-10-17 11:55:41'),
(48, 5, 'segment 1X', '2016-10-17 11:55:50', '2016-10-17 11:56:14'),
(49, 5, 'transfer to S3', '2016-10-17 11:56:18', '2016-10-17 11:56:22'),
(50, 5, 'verifying', '2016-10-17 11:56:22', '2016-10-17 11:56:22'),
(51, 6, 'merge segments', '2016-10-17 13:25:44', '2016-10-17 13:26:01'),
(52, 6, 'thumbnail', '2016-10-17 13:29:35', '2016-10-17 13:29:39'),
(53, 6, 'transcode 1X', '2016-10-17 13:29:40', '2016-10-17 14:42:45'),
(54, 6, 'transcode 3.5X', '2016-10-17 13:29:40', '2016-10-17 14:04:10'),
(55, 6, 'transcode 7.5X', '2016-10-17 13:29:40', '2016-10-17 13:49:16'),
(56, 6, 'segment 7.5X', '2016-10-17 13:49:16', '2016-10-17 14:06:24'),
(57, 6, 'segment 3.5X', '2016-10-17 14:04:10', '2016-10-17 14:25:40'),
(58, 6, 'segment 1X', '2016-10-17 14:42:45', '2016-10-17 15:20:54'),
(59, 6, 'transfer to S3', '2016-10-17 15:21:02', '2016-10-17 15:32:57'),
(60, 6, 'verifying', '2016-10-17 15:32:57', '2016-10-17 15:33:28'),
(61, 7, 'merge segments', '2016-10-18 06:30:23', '2016-10-18 06:30:43'),
(62, 7, 'thumbnail', '2016-10-18 06:34:35', '2016-10-18 06:34:45'),
(63, 7, 'transcode 3.5X', '2016-10-18 06:34:45', '2016-10-18 07:10:52'),
(64, 7, 'transcode 1X', '2016-10-18 06:34:45', '2016-10-18 07:51:40'),
(65, 7, 'transcode 7.5X', '2016-10-18 06:34:45', '2016-10-18 06:55:49'),
(66, 7, 'segment 7.5X', '2016-10-18 06:55:49', '2016-10-18 07:13:39'),
(67, 7, 'segment 3.5X', '2016-10-18 07:10:52', '2016-10-18 07:33:37'),
(68, 7, 'segment 1X', '2016-10-18 07:51:40', '2016-10-18 08:28:42'),
(69, 7, 'transfer to S3', '2016-10-18 08:28:53', '2016-10-18 08:37:55'),
(70, 7, 'verifying', '2016-10-18 08:37:55', '2016-10-18 08:38:51'),
(71, 8, 'merge segments', '2016-10-18 13:12:34', '2016-10-18 13:13:51'),
(72, 8, 'thumbnail', '2016-10-18 13:16:14', '2016-10-18 13:16:17'),
(73, 9, 'merge segments', '2016-10-18 14:17:39', '2016-10-18 14:18:55'),
(74, 9, 'thumbnail', '2016-10-18 14:22:21', '2016-10-18 14:22:23'),
(75, 10, 'merge segments', '2016-10-18 18:06:49', '2016-10-18 18:07:46'),
(76, 11, 'merge segments', '2016-10-18 21:16:22', '2016-10-18 21:17:19'),
(77, 12, 'merge segments', '2016-10-19 08:30:48', '2016-10-19 08:30:51'),
(78, 12, 'thumbnail', '2016-10-19 08:34:22', '2016-10-19 08:34:29'),
(79, 12, 'transcode 1X', '2016-10-19 08:34:29', '2016-10-19 08:40:26'),
(80, 12, 'transcode 3.5X', '2016-10-19 08:34:29', '2016-10-19 08:37:16'),
(81, 12, 'transcode 7.5X', '2016-10-19 08:34:29', '2016-10-19 08:36:07'),
(82, 12, 'segment 7.5X', '2016-10-19 08:36:07', '2016-10-19 08:38:14'),
(83, 12, 'segment 3.5X', '2016-10-19 08:37:16', '2016-10-19 08:39:32'),
(84, 12, 'segment 1X', '2016-10-19 08:40:26', '2016-10-19 08:43:26'),
(85, 12, 'transfer to S3', '2016-10-19 08:43:33', '2016-10-19 08:44:13'),
(86, 12, 'verifying', '2016-10-19 08:44:13', '2016-10-19 08:44:20'),
(87, 13, 'merge segments', '2016-10-19 09:54:27', '2016-10-19 09:54:31'),
(88, 13, 'thumbnail', '2016-10-19 09:57:24', '2016-10-19 09:58:40'),
(89, 13, 'transcode 1X', '2016-10-19 09:58:41', '2016-10-19 10:05:06'),
(90, 13, 'transcode 7.5X', '2016-10-19 09:58:41', '2016-10-19 10:00:32'),
(91, 13, 'transcode 3.5X', '2016-10-19 09:58:41', '2016-10-19 10:02:09'),
(92, 13, 'segment 7.5X', '2016-10-19 10:00:32', '2016-10-19 10:02:10'),
(93, 13, 'segment 3.5X', '2016-10-19 10:02:09', '2016-10-19 10:03:59'),
(94, 13, 'segment 1X', '2016-10-19 10:05:06', '2016-10-19 10:08:03'),
(95, 13, 'transfer to S3', '2016-10-19 10:08:14', '2016-10-19 10:08:57'),
(96, 13, 'verifying', '2016-10-19 10:08:57', '2016-10-19 10:09:00'),
(97, 14, 'merge segments', '2016-10-19 10:44:36', '2016-10-19 10:45:52'),
(98, 14, 'thumbnail', '2016-10-19 10:48:17', '2016-10-19 10:48:22'),
(99, 15, 'merge segments', '2016-10-19 18:14:47', '2016-10-19 18:14:48'),
(100, 15, 'thumbnail', '2016-10-19 18:17:16', '2016-10-19 18:17:21'),
(101, 15, 'transcode 7.5X', '2016-10-19 18:17:21', '2016-10-19 18:18:14'),
(102, 15, 'transcode 1X', '2016-10-19 18:17:21', '2016-10-19 18:20:43'),
(103, 15, 'transcode 3.5X', '2016-10-19 18:17:21', '2016-10-19 18:18:57'),
(104, 15, 'segment 7.5X', '2016-10-19 18:18:14', '2016-10-19 18:19:09'),
(105, 15, 'segment 3.5X', '2016-10-19 18:18:57', '2016-10-19 18:20:00'),
(106, 15, 'segment 1X', '2016-10-19 18:20:43', '2016-10-19 18:22:44'),
(107, 15, 'transfer to S3', '2016-10-19 18:22:54', '2016-10-19 18:23:21'),
(108, 15, 'verifying', '2016-10-19 18:23:21', '2016-10-19 18:23:24'),
(109, 16, 'merge segments', '2016-10-20 07:57:10', '2016-10-20 07:58:21'),
(110, 17, 'merge segments', '2016-10-20 09:04:31', '2016-10-20 09:05:12'),
(111, 18, 'merge segments', '2016-10-20 09:10:45', '2016-10-20 09:11:50'),
(112, 19, 'merge segments', '2016-10-20 09:17:26', '2016-10-20 09:17:52'),
(113, 20, 'merge segments', '2016-10-20 09:27:29', '2016-10-20 09:27:54'),
(114, 20, 'thumbnail', '2016-10-20 09:32:44', '2016-10-20 09:32:51'),
(115, 20, 'transcode 7.5X', '2016-10-20 09:32:52', '2016-10-20 09:58:39'),
(116, 20, 'transcode 3.5X', '2016-10-20 09:32:52', '2016-10-20 10:18:10'),
(117, 20, 'transcode 1X', '2016-10-20 09:32:52', '2016-10-20 11:08:39'),
(118, 20, 'segment 7.5X', '2016-10-20 09:58:39', '2016-10-20 10:21:04'),
(119, 20, 'segment 3.5X', '2016-10-20 10:18:10', '2016-10-20 10:46:44'),
(120, 20, 'segment 1X', '2016-10-20 11:08:39', '2016-10-20 11:58:47'),
(121, 20, 'transfer to S3', '2016-10-20 11:58:53', '2016-10-20 12:13:31'),
(122, 21, 'merge segments', '2016-10-20 12:05:34', '2016-10-20 12:05:36'),
(123, 21, 'thumbnail', '2016-10-20 12:08:13', '2016-10-20 12:08:16'),
(124, 20, 'verifying', '2016-10-20 12:13:31', '2016-10-20 12:14:15'),
(125, 22, 'merge segments', '2016-10-20 12:19:36', '2016-10-20 12:19:38'),
(126, 22, 'thumbnail', '2016-10-20 12:22:15', '2016-10-20 12:22:20'),
(127, 22, 'transcode 3.5X', '2016-10-20 12:22:20', '2016-10-20 12:27:07'),
(128, 22, 'transcode 1X', '2016-10-20 12:22:20', '2016-10-20 12:33:13'),
(129, 22, 'transcode 7.5X', '2016-10-20 12:22:20', '2016-10-20 12:25:18'),
(130, 22, 'segment 7.5X', '2016-10-20 12:25:54', '2016-10-20 12:28:31'),
(131, 22, 'segment 3.5X', '2016-10-20 12:27:07', '2016-10-20 12:30:44'),
(132, 22, 'segment 1X', '2016-10-20 12:33:13', '2016-10-20 12:38:53'),
(133, 22, 'transfer to S3', '2016-10-20 12:39:04', '2016-10-20 12:40:11'),
(134, 22, 'verifying', '2016-10-20 12:40:11', '2016-10-20 12:40:16'),
(135, 23, 'merge segments', '2016-10-20 12:48:13', '2016-10-20 12:48:15'),
(136, 23, 'thumbnail', '2016-10-20 12:51:19', '2016-10-20 12:51:24'),
(137, 23, 'transcode 3.5X', '2016-10-20 12:51:24', '2016-10-20 12:56:32'),
(138, 23, 'transcode 1X', '2016-10-20 12:51:24', '2016-10-20 13:02:35'),
(139, 23, 'transcode 7.5X', '2016-10-20 12:51:24', '2016-10-20 12:54:23'),
(140, 23, 'segment 7.5X', '2016-10-20 12:54:23', '2016-10-20 12:57:09'),
(141, 23, 'segment 3.5X', '2016-10-20 12:56:33', '2016-10-20 12:59:52'),
(142, 23, 'segment 1X', '2016-10-20 13:02:35', '2016-10-20 13:08:23'),
(143, 23, 'transfer to S3', '2016-10-20 13:08:28', '2016-10-20 13:09:33'),
(144, 23, 'verifying', '2016-10-20 13:09:33', '2016-10-20 13:09:37'),
(145, 24, 'merge segments', '2016-10-20 15:14:28', '2016-10-20 15:14:28'),
(146, 24, 'thumbnail', '2016-10-20 15:17:11', '2016-10-20 15:17:17'),
(147, 24, 'transcode 1X', '2016-10-20 15:17:17', '2016-10-20 15:17:19'),
(148, 24, 'transcode 3.5X', '2016-10-20 15:17:17', '2016-10-20 15:17:18'),
(149, 24, 'transcode 7.5X', '2016-10-20 15:17:17', '2016-10-20 15:17:18'),
(150, 24, 'segment 7.5X', '2016-10-20 15:17:18', '2016-10-20 15:17:18'),
(151, 24, 'segment 3.5X', '2016-10-20 15:17:18', '2016-10-20 15:17:19'),
(152, 24, 'segment 1X', '2016-10-20 15:17:19', '2016-10-20 15:17:20'),
(153, 24, 'transfer to S3', '2016-10-20 15:17:28', '2016-10-20 15:17:28'),
(154, 24, 'verifying', '2016-10-20 15:17:28', '2016-10-20 15:17:28'),
(155, 25, 'merge segments', '2016-10-20 15:18:24', '2016-10-20 15:18:26'),
(156, 25, 'thumbnail', '2016-10-20 15:21:18', '2016-10-20 15:21:22'),
(157, 25, 'transcode 3.5X', '2016-10-20 15:21:22', '2016-10-20 15:26:43'),
(158, 25, 'transcode 7.5X', '2016-10-20 15:21:22', '2016-10-20 15:24:28'),
(159, 25, 'transcode 1X', '2016-10-20 15:21:22', '2016-10-20 15:30:28'),
(160, 25, 'segment 7.5X', '2016-10-20 15:24:28', '2016-10-20 15:27:04'),
(161, 25, 'segment 3.5X', '2016-10-20 15:26:43', '2016-10-20 15:29:52'),
(162, 25, 'segment 1X', '2016-10-20 15:30:28', '2016-10-20 15:35:21'),
(163, 25, 'transfer to S3', '2016-10-20 15:35:25', '2016-10-20 15:36:27'),
(164, 25, 'verifying', '2016-10-20 15:36:27', '2016-10-20 15:36:32'),
(165, 26, 'merge segments', '2016-10-20 17:08:51', '2016-10-20 17:09:48'),
(166, 27, 'merge segments', '2016-10-21 05:04:05', '2016-10-21 05:04:05'),
(167, 28, 'merge segments', '2016-10-21 05:04:31', '2016-10-21 05:04:31'),
(168, 27, 'thumbnail', '2016-10-21 05:07:11', '2016-10-21 05:07:15'),
(169, 28, 'thumbnail', '2016-10-21 05:07:11', '2016-10-21 05:07:15'),
(170, 28, 'transcode 1X', '2016-10-21 05:07:15', '2016-10-21 05:07:17'),
(171, 28, 'transcode 3.5X', '2016-10-21 05:07:15', '2016-10-21 05:07:16'),
(172, 28, 'transcode 7.5X', '2016-10-21 05:07:15', '2016-10-21 05:07:16'),
(173, 27, 'transcode 3.5X', '2016-10-21 05:07:15', '2016-10-21 05:07:16'),
(174, 27, 'transcode 7.5X', '2016-10-21 05:07:15', '2016-10-21 05:07:16'),
(175, 27, 'transcode 1X', '2016-10-21 05:07:15', '2016-10-21 05:07:17'),
(176, 28, 'segment 7.5X', '2016-10-21 05:07:16', '2016-10-21 05:07:16'),
(177, 27, 'segment 7.5X', '2016-10-21 05:07:16', '2016-10-21 05:07:16'),
(178, 27, 'segment 3.5X', '2016-10-21 05:07:16', '2016-10-21 05:07:16'),
(179, 28, 'segment 3.5X', '2016-10-21 05:07:16', '2016-10-21 05:07:17'),
(180, 27, 'segment 1X', '2016-10-21 05:07:17', '2016-10-21 05:07:18'),
(181, 28, 'segment 1X', '2016-10-21 05:07:17', '2016-10-21 05:07:18'),
(182, 27, 'transfer to S3', '2016-10-21 05:07:25', '2016-10-21 05:07:26'),
(183, 28, 'transfer to S3', '2016-10-21 05:07:25', '2016-10-21 05:07:26'),
(184, 27, 'verifying', '2016-10-21 05:07:26', '2016-10-21 05:07:26'),
(185, 28, 'verifying', '2016-10-21 05:07:26', '2016-10-21 05:07:26'),
(186, 29, 'merge segments', '2016-10-21 06:22:54', '2016-10-21 06:25:12');

-- --------------------------------------------------------

--
-- Table structure for table `idax_video_layoutlegs`
--

CREATE TABLE IF NOT EXISTS `idax_video_layoutlegs` (
  `videolayoutlegid` int(11) NOT NULL AUTO_INCREMENT,
  `layoutid` int(10) unsigned DEFAULT NULL,
  `legindex` tinyint(4) DEFAULT NULL,
  `type` varchar(10) DEFAULT 'TMC',
  `direction` varchar(50) DEFAULT NULL,
  `leg_pos` varchar(50) DEFAULT NULL,
  `lturn_pos` varchar(50) DEFAULT NULL,
  `rturn_pos` varchar(50) DEFAULT NULL,
  `uturn_pos` varchar(50) DEFAULT NULL,
  `straight_pos` varchar(50) DEFAULT NULL,
  `ped_pos` varchar(50) DEFAULT NULL,
  `button1_pos` varchar(50) DEFAULT NULL,
  `button2_pos` varchar(50) DEFAULT NULL,
  `button3_pos` varchar(50) DEFAULT NULL,
  `button4_pos` varchar(50) DEFAULT NULL,
  `button5_pos` varchar(50) DEFAULT NULL,
  `button1_def` varchar(50) DEFAULT 'UTURN',
  `button2_def` varchar(50) DEFAULT 'LTURN',
  `button3_def` varchar(50) DEFAULT 'STRAIGHT',
  `button4_def` varchar(50) DEFAULT 'RTURN',
  `button5_def` varchar(50) DEFAULT 'PED',
  PRIMARY KEY (`videolayoutlegid`)
) ENGINE=InnoDB  DEFAULT CHARSET=latin1 AUTO_INCREMENT=8 ;

--
-- Dumping data for table `idax_video_layoutlegs`
--

INSERT INTO `idax_video_layoutlegs` (`videolayoutlegid`, `layoutid`, `legindex`, `type`, `direction`, `leg_pos`, `lturn_pos`, `rturn_pos`, `uturn_pos`, `straight_pos`, `ped_pos`, `button1_pos`, `button2_pos`, `button3_pos`, `button4_pos`, `button5_pos`, `button1_def`, `button2_def`, `button3_def`, `button4_def`, `button5_def`) VALUES
(1, 1, 0, 'TMC', 'WESTBOUND', '83,100.8333,250,250,1.921532', NULL, NULL, NULL, NULL, NULL, '0,150,50,50,0', '0,50,60,60,0', '85,0,80,100,0', '190,50,60,60,0', '120,150,120,50,0', 'UTURN', 'LTURN', 'STRAIGHT', 'RTURN', 'PED'),
(2, 2, 0, 'TMC', 'NORTHBOUND', '70.25,172.5833,250,250,1.717021', NULL, NULL, NULL, NULL, NULL, '0,150,50,50,0', '0,50,60,60,0', '85,0,80,100,0', '190,50,60,60,0', '120,150,120,50,0', 'UTURN', 'LTURN', 'STRAIGHT', 'RTURN', 'PED'),
(3, 3, 0, 'TMC', 'WESTBOUND', '83,100.8333,250,250,1.921532', NULL, NULL, NULL, NULL, NULL, '0,150,50,50,0', '0,50,60,60,0', '85,0,80,100,0', '190,50,60,60,0', '120,150,120,50,0', 'UTURN', 'LTURN', 'STRAIGHT', 'RTURN', 'PED'),
(4, 4, 0, 'TMC', 'WESTBOUND', '83,100.8333,250,250,1.921532', NULL, NULL, NULL, NULL, NULL, '0,150,50,50,0', '0,50,60,60,0', '85,0,80,100,0', '190,50,60,60,0', '120,150,120,50,0', 'UTURN', 'LTURN', 'STRAIGHT', 'RTURN', 'PED'),
(5, 5, 0, 'TMC', 'NORTHBOUND', '222.5,17.33333,250,250,-4.699188', NULL, NULL, NULL, NULL, NULL, '0,150,50,50,0', '0,50,60,60,0', '85,0,80,100,0', '190,50,60,60,0', '120,150,120,50,0', 'UTURN', 'LTURN', 'STRAIGHT', 'RTURN', 'PED'),
(6, 6, 0, 'TMC', 'NORTHBOUND', '387,216.3333,250,250,0', NULL, NULL, NULL, NULL, NULL, '0,150,50,50,0', '0,50,60,60,0', '85,0,80,100,0', '190,50,60,60,0', '120,150,120,50,0', 'UTURN', 'LTURN', 'STRAIGHT', 'RTURN', 'PED'),
(7, 7, 0, 'TMC', 'EASTBOUND', '124.5,425.3333,250,250,0.8266037', NULL, NULL, NULL, NULL, NULL, '0,150,50,50,0', '0,50,60,60,0', '85,0,80,100,0', '190,50,60,60,0', '120,150,120,50,0', 'UTURN', 'LTURN', 'STRAIGHT', 'RTURN', 'PED');

-- --------------------------------------------------------

--
-- Table structure for table `idax_video_layoutnotes`
--

CREATE TABLE IF NOT EXISTS `idax_video_layoutnotes` (
  `layoutid` int(10) unsigned NOT NULL,
  `designer_notes` varchar(21800) DEFAULT NULL,
  `counter_notes` varchar(21800) DEFAULT NULL,
  `qc_notes` varchar(21800) DEFAULT NULL,
  PRIMARY KEY (`layoutid`)
) ENGINE=InnoDB DEFAULT CHARSET=latin1;

--
-- Dumping data for table `idax_video_layoutnotes`
--

INSERT INTO `idax_video_layoutnotes` (`layoutid`, `designer_notes`, `counter_notes`, `qc_notes`) VALUES
(1, '', 'Test video', ''),
(3, '', '', ''),
(4, '', '', '');

-- --------------------------------------------------------

--
-- Table structure for table `idax_video_layouts`
--

CREATE TABLE IF NOT EXISTS `idax_video_layouts` (
  `layoutid` int(10) unsigned NOT NULL AUTO_INCREMENT,
  `testdata` int(10) unsigned DEFAULT '0',
  `videoid` int(10) unsigned DEFAULT NULL,
  `name` varchar(256) DEFAULT NULL,
  `status` varchar(25) DEFAULT NULL,
  `videospeed` int(10) unsigned DEFAULT NULL,
  `lastvideoposition` float DEFAULT NULL,
  `designedby_user` int(10) unsigned DEFAULT NULL,
  `countedby_user` int(10) unsigned DEFAULT NULL,
  `qcedby_user` int(10) unsigned DEFAULT NULL,
  `rating` tinyint(4) DEFAULT NULL,
  `lastupdatetime` datetime DEFAULT NULL,
  PRIMARY KEY (`layoutid`)
) ENGINE=InnoDB  DEFAULT CHARSET=latin1 AUTO_INCREMENT=8 ;

--
-- Dumping data for table `idax_video_layouts`
--

INSERT INTO `idax_video_layouts` (`layoutid`, `testdata`, `videoid`, `name`, `status`, `videospeed`, `lastvideoposition`, `designedby_user`, `countedby_user`, `qcedby_user`, `rating`, `lastupdatetime`) VALUES
(1, 0, 5, 'ARAV: WA_00:00-20:00', 'COUNT_STARTED', 0, 196, 187, 175, 201, 4, '2017-09-13 13:30:59'),
(2, 0, 6, 'ARAV: WA7hrs_00:00-07:00', 'QC_STARTED', 2, 25155, 187, 187, 187, 3, '2016-10-18 10:19:32'),
(3, 0, 6, 'ARAV: WA7hrs_00:00-07:00', 'QC_PAUSED', 0, 23430, 187, 201, 201, 4, '2016-10-19 10:38:36'),
(4, 0, 6, 'ARAV: WA7hrs_00:00-07:00', 'COUNT_STARTED', 2, 2693, 187, 201, 201, 4, '2016-10-19 10:38:38'),
(5, 0, 7, '1017: WA_00:00-07:00', 'QC_PAUSED', 2, 0, 201, 201, 201, 5, '2016-10-19 10:38:01'),
(6, 0, 7, '1017: WA_00:00-07:00', 'COUNT_STARTED', 0, 0, 190, 175, 0, 3, '2017-09-13 12:28:19'),
(7, 0, 12, '1017: WA_00:00-01:00', 'DESIGN_COMPLETED', 0, 0, 190, 196, 0, 5, '2016-10-20 05:23:58');

--
-- Constraints for dumped tables
--

--
-- Constraints for table `core_accountlinks`
--
ALTER TABLE `core_accountlinks`
  ADD CONSTRAINT `account_links_accountid` FOREIGN KEY (`accountid`) REFERENCES `core_accounts` (`accountid`);

--
-- Constraints for table `core_issueattachments`
--
ALTER TABLE `core_issueattachments`
  ADD CONSTRAINT `issue_attchmnt_issueid` FOREIGN KEY (`issueid`) REFERENCES `core_issues` (`issueid`);

--
-- Constraints for table `core_issues`
--
ALTER TABLE `core_issues`
  ADD CONSTRAINT `issue_account_id` FOREIGN KEY (`accountid`) REFERENCES `core_accounts` (`accountid`);

--
-- Constraints for table `core_logins`
--
ALTER TABLE `core_logins`
  ADD CONSTRAINT `login_account_id` FOREIGN KEY (`accountid`) REFERENCES `core_accounts` (`accountid`);

--
-- Constraints for table `idax_deployed_devices`
--
ALTER TABLE `idax_deployed_devices`
  ADD CONSTRAINT `deployed_deviceid` FOREIGN KEY (`deviceid`) REFERENCES `idax_devices` (`deviceid`),
  ADD CONSTRAINT `deployed_jobsiteid` FOREIGN KEY (`jobsiteid`) REFERENCES `idax_jobsites` (`jobsiteid`);

--
-- Constraints for table `idax_jobsites`
--
ALTER TABLE `idax_jobsites`
  ADD CONSTRAINT `jobsites_jobid` FOREIGN KEY (`jobid`) REFERENCES `idax_jobs` (`jobid`);

--
-- Constraints for table `idax_tasks`
--
ALTER TABLE `idax_tasks`
  ADD CONSTRAINT `tasks_jobid` FOREIGN KEY (`jobid`) REFERENCES `idax_jobs` (`jobid`);

--
-- Constraints for table `idax_tube_ingestiondata`
--
ALTER TABLE `idax_tube_ingestiondata`
  ADD CONSTRAINT `ingestiondata_ingestionid` FOREIGN KEY (`ingestionid`) REFERENCES `idax_tube_ingestions` (`ingestionid`),
  ADD CONSTRAINT `ingestiondata_jobid` FOREIGN KEY (`jobid`) REFERENCES `idax_jobs` (`jobid`),
  ADD CONSTRAINT `ingestiondata_jobsiteid` FOREIGN KEY (`jobsiteid`) REFERENCES `idax_jobsites` (`jobsiteid`);

--
-- Constraints for table `idax_tube_ingestiondatasets`
--
ALTER TABLE `idax_tube_ingestiondatasets`
  ADD CONSTRAINT `ingestiondatasets_ingestionid` FOREIGN KEY (`ingestionid`) REFERENCES `idax_tube_ingestions` (`ingestionid`),
  ADD CONSTRAINT `ingestiondatasets_jobid` FOREIGN KEY (`jobid`) REFERENCES `idax_jobs` (`jobid`),
  ADD CONSTRAINT `ingestiondatasets_jobsiteid` FOREIGN KEY (`jobsiteid`) REFERENCES `idax_jobsites` (`jobsiteid`);

--
-- Constraints for table `idax_tube_ingestions`
--
ALTER TABLE `idax_tube_ingestions`
  ADD CONSTRAINT `ingestions_accountid` FOREIGN KEY (`accountid`) REFERENCES `core_accounts` (`accountid`),
  ADD CONSTRAINT `ingestions_jobid` FOREIGN KEY (`jobid`) REFERENCES `idax_jobs` (`jobid`),
  ADD CONSTRAINT `ingestions_jobsiteid` FOREIGN KEY (`jobsiteid`) REFERENCES `idax_jobsites` (`jobsiteid`);

--
-- Constraints for table `idax_video_files`
--
ALTER TABLE `idax_video_files`
  ADD CONSTRAINT `videofiles_jobsiteid` FOREIGN KEY (`jobsiteid`) REFERENCES `idax_jobsites` (`jobsiteid`);

/*!40101 SET CHARACTER_SET_CLIENT=@OLD_CHARACTER_SET_CLIENT */;
/*!40101 SET CHARACTER_SET_RESULTS=@OLD_CHARACTER_SET_RESULTS */;
/*!40101 SET COLLATION_CONNECTION=@OLD_COLLATION_CONNECTION */;
